// 存放图片时钟内置图库的 1-bit 位图资源。
// Generated by scripts/generate_clock_gallery_images.py.
#pragma once

#include <stddef.h>
#include <stdint.h>

static constexpr int CLOCK_GALLERY_IMAGE_WIDTH = 220;
static constexpr int CLOCK_GALLERY_IMAGE_HEIGHT = 208;
static constexpr int CLOCK_GALLERY_IMAGE_BYTES_PER_ROW = 28;
static constexpr int CLOCK_GALLERY_IMAGE_COUNT = 7;
static constexpr int CLOCK_GALLERY_IMAGE_THRESHOLD = 211;

template <typename T, size_t N>
constexpr size_t clock_gallery_array_count(const T (&)[N])
{
    return N;
}

static_assert(CLOCK_GALLERY_IMAGE_WIDTH > 0, "Gallery image width must be positive");
static_assert(CLOCK_GALLERY_IMAGE_HEIGHT > 0, "Gallery image height must be positive");
static_assert(CLOCK_GALLERY_IMAGE_BYTES_PER_ROW == (CLOCK_GALLERY_IMAGE_WIDTH + 7) / 8,
              "Gallery image row stride mismatch");
static_assert(CLOCK_GALLERY_IMAGE_COUNT > 0, "Gallery image table must not be empty");
static_assert(CLOCK_GALLERY_IMAGE_COUNT == 7, "Built-in gallery must cover every weekday");

// 星期日.png
static const uint8_t clock_gallery_image_00[] = {
    0xFF, 0xFF, 0xFF, 0xFF, 0xFF, 0xFF, 0xEF, 0xFF, 0xFF, 0xDF, 0xFC, 0xE0,
    0x00, 0x00, 0x00, 0x00, 0x00, 0x00, 0x00, 0x00, 0x00, 0x00, 0x00, 0x00,
    0x00, 0x00, 0x00, 0x00, 0xFF, 0xFF, 0xFF, 0xFF, 0xFF, 0xFF, 0xFF, 0xFF,
    0xFF, 0x9F, 0xFB, 0xF8, 0x00, 0x00, 0x00, 0x00, 0x00, 0x00, 0x00, 0x00,
    0x00, 0x00, 0x00, 0x00, 0x00, 0x00, 0x00, 0x00, 0xFF, 0xFF, 0xFF, 0xFF,
    0xFF, 0xFF, 0xFF, 0xFF, 0xFF, 0xFF, 0xFF, 0xFC, 0x00, 0x00, 0x00, 0x00,
    0x00, 0x00, 0x00, 0x00, 0x00, 0x00, 0x00, 0x00, 0x00, 0x00, 0x00, 0x00,
    0xFF, 0xCF, 0xFF, 0xFF, 0xFF, 0xFF, 0xFF, 0xFF, 0xFF, 0xFE, 0x7F, 0xC8,
    0x00, 0x00, 0x00, 0x00, 0x00, 0x00, 0x00, 0x00, 0x00, 0x00, 0x00, 0x00,
    0x00, 0x00, 0x00, 0x00, 0xFF, 0xDF, 0xFF, 0xFF, 0xFF, 0xFF, 0xFD, 0xFF,
    0xFF, 0x44, 0x79, 0xC0, 0x00, 0x00, 0x00, 0x00, 0x00, 0x00, 0x00, 0x00,
    0x00, 0x00, 0x00, 0x00, 0x00, 0x00, 0x00, 0x00, 0xFF, 0xFF, 0xFF, 0xFF,
    0xFF, 0xFF, 0xDD, 0xFD, 0xFF, 0x80, 0xE8, 0x80, 0x00, 0x00, 0x00, 0x00,
    0x00, 0x00, 0x00, 0x00, 0x00, 0x00, 0x00, 0x00, 0x00, 0x00, 0x00, 0x00,
    0xFF, 0xFB, 0xFF, 0xFF, 0xFF, 0xFF, 0xD9, 0xFD, 0xFF, 0xEC, 0x40, 0x00,
    0x00, 0x00, 0x00, 0x00, 0x00, 0x00, 0x00, 0x00, 0x00, 0x00, 0x00, 0x00,
    0x00, 0x00, 0x00, 0x00, 0xFF, 0xFF, 0xFF, 0xFF, 0xFF, 0xFF, 0x80, 0xDF,
    0xFF, 0x7C, 0x00, 0x00, 0x00, 0x00, 0x00, 0x00, 0x00, 0x00, 0x00, 0x00,
    0x00, 0x00, 0x00, 0x00, 0x00, 0x00, 0x00, 0x00, 0xFF, 0xFF, 0xFF, 0xFF,
    0xBF, 0xFE, 0x01, 0x9F, 0xFF, 0x7C, 0x00, 0x00, 0x00, 0x00, 0x00, 0x00,
    0x00, 0x00, 0x00, 0x00, 0x00, 0x00, 0x00, 0x00, 0x00, 0x00, 0x00, 0x00,
    0xFF, 0xFF, 0xFF, 0xFF, 0xFF, 0xFF, 0xFF, 0x87, 0xFB, 0xF0, 0x00, 0x00,
    0x00, 0x00, 0x00, 0x00, 0x00, 0x00, 0x00, 0x00, 0x00, 0x00, 0x00, 0x00,
    0x00, 0x00, 0x00, 0x00, 0xFF, 0xFF, 0xBF, 0xFF, 0x7F, 0xFF, 0xD8, 0x06,
    0x33, 0xFF, 0x80, 0x00, 0x00, 0x00, 0x00, 0x00, 0x00, 0x00, 0x00, 0x00,
    0x00, 0x00, 0x00, 0x08, 0x00, 0x00, 0x00, 0x00, 0xFF, 0xFF, 0x3F, 0xFF,
    0x7F, 0xFF, 0xC0, 0x04, 0x73, 0x6D, 0x80, 0x00, 0x00, 0x00, 0x40, 0x00,
    0x00, 0x00, 0x00, 0x00, 0x00, 0x00, 0x00, 0x00, 0x00, 0x00, 0x00, 0x00,
    0xFF, 0xFF, 0xFF, 0xFF, 0xFF, 0xFF, 0xF0, 0x00, 0x70, 0xCC, 0x00, 0x00,
    0x00, 0x00, 0xC0, 0x00, 0x00, 0x00, 0x00, 0x00, 0x00, 0x00, 0x00, 0x00,
    0x00, 0x00, 0x00, 0x00, 0xFF, 0xFF, 0xFF, 0xE7, 0xFF, 0xFF, 0xF0, 0x00,
    0x00, 0xC4, 0x00, 0x00, 0x00, 0x00, 0xC0, 0x00, 0x00, 0x00, 0x00, 0x00,
    0x00, 0x00, 0x00, 0x00, 0x00, 0x00, 0x00, 0x00, 0xFF, 0xFE, 0xFF, 0xE7,
    0xFF, 0xFF, 0xFC, 0x00, 0x00, 0xC0, 0x00, 0x00, 0x00, 0x00, 0xC0, 0x20,
    0x00, 0x00, 0x00, 0x00, 0x00, 0x00, 0x00, 0x00, 0x00, 0x00, 0x00, 0x00,
    0xFF, 0xF8, 0xFF, 0xFF, 0xFF, 0xFF, 0xBC, 0x00, 0x00, 0x00, 0x00, 0x00,
    0x00, 0x00, 0x40, 0x60, 0x00, 0x00, 0x00, 0x00, 0x00, 0x00, 0x00, 0x00,
    0x00, 0x00, 0x00, 0x00, 0xFF, 0xFD, 0xFF, 0xFF, 0xFF, 0xFF, 0x90, 0x00,
    0x00, 0x00, 0x00, 0x00, 0x00, 0x00, 0x40, 0xC0, 0x00, 0x00, 0x00, 0x00,
    0x00, 0x00, 0x00, 0x00, 0x00, 0x00, 0x00, 0x00, 0xFF, 0xFF, 0xFF, 0xFE,
    0x9F, 0xFF, 0xF9, 0x80, 0x00, 0x00, 0x00, 0x00, 0x01, 0x80, 0x00, 0xC0,
    0x00, 0x00, 0x00, 0x00, 0x00, 0x00, 0x00, 0x00, 0x00, 0x00, 0x00, 0x00,
    0xFF, 0xFF, 0xFF, 0xFF, 0xFF, 0xFF, 0xFB, 0xB0, 0x00, 0x00, 0x00, 0x00,
    0x00, 0xC0, 0x00, 0x80, 0xC0, 0x00, 0x00, 0x00, 0x00, 0x00, 0x00, 0x00,
    0x00, 0x00, 0x00, 0x00, 0xFF, 0xFF, 0xFF, 0xFF, 0xDF, 0xFF, 0xFB, 0xF8,
    0x00, 0x00, 0x00, 0x00, 0x00, 0x60, 0x00, 0x01, 0xC0, 0x00, 0x00, 0x00,
    0x00, 0x00, 0x00, 0x00, 0x00, 0x00, 0x00, 0x00, 0xFF, 0xFF, 0xFF, 0xE6,
    0xC7, 0xFF, 0xFF, 0xE0, 0x00, 0x00, 0x00, 0x00, 0x00, 0x00, 0x00, 0x02,
    0x00, 0x00, 0x00, 0x00, 0x00, 0x00, 0x00, 0x00, 0x00, 0x00, 0x00, 0x00,
    0xFF, 0xFF, 0xFF, 0xC4, 0x0E, 0x3F, 0x8F, 0xC0, 0x00, 0x00, 0x00, 0x00,
    0x00, 0x00, 0x00, 0x00, 0x00, 0x00, 0x00, 0x00, 0x00, 0x00, 0x00, 0x00,
    0x00, 0x00, 0x00, 0x00, 0xFF, 0xFF, 0xFF, 0xCF, 0x80, 0x7F, 0xCF, 0xC0,
    0x00, 0x00, 0x00, 0x00, 0x00, 0x01, 0xC3, 0x80, 0x00, 0x00, 0x00, 0x00,
    0x00, 0x00, 0x00, 0x00, 0x00, 0x00, 0x00, 0x00, 0xFF, 0xFF, 0xFF, 0xFF,
    0x80, 0xFF, 0xE5, 0xD8, 0x00, 0x00, 0x00, 0x00, 0x00, 0x03, 0xE7, 0xC0,
    0x00, 0x00, 0x00, 0x00, 0x00, 0x00, 0x00, 0x00, 0x00, 0x00, 0x00, 0x00,
    0xFF, 0xFF, 0xFF, 0xFB, 0x4C, 0xFF, 0xC0, 0xC8, 0x01, 0xFF, 0x80, 0x00,
    0x00, 0x03, 0xFF, 0xC0, 0x00, 0x00, 0x00, 0x00, 0x00, 0x00, 0x00, 0x00,
    0x00, 0x00, 0x00, 0x00, 0xFF, 0xFF, 0xFF, 0xFF, 0xFC, 0x3A, 0xF8, 0x00,
    0x07, 0xFF, 0xC0, 0x00, 0x0F, 0x83, 0xFF, 0xC1, 0xC0, 0x00, 0x00, 0x00,
    0x00, 0x00, 0x00, 0x00, 0x00, 0x00, 0x00, 0x00, 0xFF, 0xFF, 0xFF, 0xFF,
    0xE0, 0x30, 0xFC, 0x00, 0x1F, 0xFF, 0xE0, 0x00, 0x00, 0x03, 0xFF, 0xC1,
    0xE0, 0x00, 0x00, 0x00, 0x00, 0x00, 0x00, 0x00, 0x00, 0x00, 0x00, 0x00,
    0xFF, 0xFF, 0xFF, 0xFF, 0xF8, 0x00, 0xC8, 0x00, 0x7F, 0xFF, 0xE0, 0x00,
    0x00, 0x03, 0xFF, 0x80, 0x00, 0x00, 0x00, 0x00, 0x00, 0x00, 0x00, 0x00,
    0x00, 0x00, 0x00, 0x00, 0xFF, 0xFF, 0xFF, 0xFF, 0x6C, 0x00, 0xC0, 0x00,
    0xFF, 0xE7, 0xE0, 0x00, 0x00, 0x01, 0xFF, 0x80, 0x00, 0x70, 0x00, 0x00,
    0x00, 0x00, 0x00, 0x00, 0x00, 0x00, 0x00, 0x00, 0xFF, 0xFF, 0xFF, 0xF7,
    0x00, 0x00, 0x00, 0x00, 0xFF, 0x01, 0xE0, 0x00, 0x00, 0x01, 0xFF, 0x00,
    0x00, 0x78, 0x00, 0x00, 0x00, 0x00, 0x00, 0x00, 0x00, 0x00, 0x00, 0x00,
    0xFF, 0xFF, 0xFF, 0xFB, 0x80, 0x60, 0x00, 0x01, 0xFC, 0x00, 0xC0, 0x00,
    0x00, 0x00, 0xFE, 0x00, 0x00, 0xF8, 0x00, 0x00, 0x00, 0x00, 0x00, 0x00,
    0x00, 0x00, 0x00, 0x00, 0xFF, 0xDF, 0xFF, 0xFD, 0xC0, 0x70, 0x00, 0x03,
    0xF8, 0x00, 0x00, 0x00, 0x00, 0x60, 0x7C, 0x00, 0x00, 0xF8, 0x00, 0x00,
    0x00, 0x00, 0x00, 0x00, 0x00, 0x00, 0x00, 0x00, 0xFF, 0xFF, 0xF3, 0xFB,
    0x00, 0x70, 0x00, 0x03, 0xF0, 0x00, 0x00, 0x00, 0x00, 0xC0, 0x38, 0x0C,
    0x00, 0xF8, 0x00, 0x00, 0x00, 0x00, 0x00, 0x00, 0x00, 0x00, 0x00, 0x00,
    0xFF, 0xFF, 0xF7, 0xF3, 0x00, 0x70, 0x00, 0x03, 0xF0, 0x00, 0x00, 0x00,
    0x00, 0x00, 0x00, 0x06, 0x00, 0xF8, 0x00, 0x00, 0x00, 0x00, 0x00, 0x00,
    0x00, 0x00, 0x00, 0x00, 0xFE, 0x7F, 0xE6, 0x79, 0x00, 0x70, 0x00, 0x03,
    0xF0, 0x00, 0x00, 0x00, 0x00, 0x00, 0x00, 0x00, 0x00, 0xF0, 0x00, 0x00,
    0x00, 0x00, 0x00, 0x00, 0x00, 0x00, 0x00, 0x00, 0x7E, 0x7F, 0xE0, 0x78,
    0x00, 0x70, 0x80, 0x07, 0xF0, 0x00, 0x00, 0x00, 0x00, 0x00, 0x00, 0x00,
    0x00, 0xF0, 0x00, 0x00, 0x00, 0x00, 0x00, 0x00, 0x00, 0x00, 0x00, 0x00,
    0x3E, 0xFF, 0xC0, 0x60, 0x00, 0x31, 0xC0, 0x03, 0xF0, 0x00, 0x00, 0x00,
    0x00, 0x00, 0x00, 0x00, 0x01, 0xF0, 0x00, 0x00, 0x00, 0x00, 0x01, 0x80,
    0x00, 0x00, 0x00, 0x00, 0xFF, 0xFF, 0xC0, 0x00, 0x00, 0x11, 0xC0, 0x03,
    0xFC, 0x00, 0x00, 0x00, 0x00, 0x00, 0x00, 0x00, 0x01, 0xF0, 0x00, 0x00,
    0x00, 0x00, 0x01, 0x80, 0x00, 0x00, 0x00, 0x00, 0xFF, 0xFF, 0x80, 0x00,
    0x00, 0x13, 0xC0, 0x03, 0xFE, 0x00, 0x00, 0x00, 0x00, 0x00, 0x00, 0x00,
    0x01, 0xF0, 0x00, 0x00, 0x00, 0x00, 0x03, 0xC0, 0x00, 0x00, 0x00, 0x00,
    0xFF, 0xFF, 0x80, 0x00, 0x03, 0x9B, 0xC0, 0x01, 0xFF, 0x80, 0x00, 0x00,
    0x00, 0x00, 0x08, 0x00, 0x01, 0xF0, 0x03, 0x00, 0x00, 0x00, 0x03, 0xC0,
    0x00, 0x00, 0x00, 0x00, 0xFF, 0xFF, 0x07, 0x00, 0x07, 0xCB, 0x80, 0x00,
    0xFF, 0xF0, 0x00, 0x70, 0x1C, 0x1C, 0x7E, 0x00, 0x09, 0xF0, 0x1F, 0xC0,
    0x30, 0x1C, 0x03, 0xC0, 0x00, 0x00, 0x00, 0x00, 0x3F, 0xFF, 0x9F, 0x07,
    0x03, 0xEB, 0x80, 0x00, 0x7F, 0xFC, 0x00, 0xF0, 0x1E, 0x3E, 0xFF, 0x00,
    0x7F, 0xF0, 0x3F, 0xE0, 0x78, 0x1E, 0x03, 0x80, 0x00, 0x00, 0x00, 0x00,
    0xFF, 0xFF, 0xBF, 0x27, 0x01, 0xFD, 0x00, 0x00, 0x3F, 0xFF, 0x00, 0xF0,
    0x1E, 0x1F, 0xFF, 0x81, 0xFF, 0xF0, 0x7F, 0xF8, 0x78, 0x3E, 0x01, 0x80,
    0x00, 0x00, 0x00, 0x00, 0xFF, 0xFF, 0xDF, 0xF7, 0x00, 0x7F, 0x0C, 0x00,
    0x0F, 0xFF, 0x80, 0xF0, 0x3E, 0x1F, 0xFF, 0x81, 0xFF, 0xE0, 0xFE, 0xF8,
    0x78, 0x3E, 0x19, 0x00, 0x00, 0x00, 0x00, 0x00, 0xFF, 0xFF, 0xFF, 0xF6,
    0x00, 0x03, 0x1C, 0x00, 0x03, 0xFF, 0xC0, 0xF0, 0x3E, 0x1F, 0xE7, 0x83,
    0xF7, 0xE0, 0xF8, 0xF8, 0x78, 0x3E, 0x1D, 0x38, 0x00, 0x00, 0x00, 0x00,
    0xFF, 0xFF, 0xFF, 0xFF, 0x00, 0x03, 0x1C, 0x00, 0x00, 0xFF, 0xE1, 0xF0,
    0x3E, 0x1F, 0xC7, 0x87, 0xC1, 0xE1, 0xF0, 0xF8, 0xF0, 0x3E, 0x1D, 0x78,
    0x00, 0x00, 0x00, 0x00, 0xFF, 0xFF, 0xFF, 0xFF, 0x70, 0x01, 0x9E, 0x00,
    0x00, 0x3F, 0xF1, 0xF0, 0x3E, 0x1F, 0x87, 0x87, 0xC1, 0xE1, 0xE0, 0xF0,
    0xF0, 0x7C, 0x1D, 0xF8, 0x00, 0x00, 0x00, 0x00, 0xFF, 0xFF, 0xFF, 0xFF,
    0x7E, 0x00, 0x9C, 0x00, 0x00, 0x0F, 0xF1, 0xF0, 0x7C, 0x1F, 0x87, 0x8F,
    0x81, 0xE3, 0xE0, 0xF0, 0xF0, 0x7C, 0x0F, 0xF0, 0x00, 0x00, 0x00, 0x00,
    0xFF, 0xFF, 0xFF, 0xF3, 0xFE, 0x18, 0xDC, 0x00, 0x00, 0x07, 0xF9, 0xF0,
    0x7C, 0x1F, 0x07, 0x8F, 0x03, 0xE3, 0xC1, 0xF0, 0xF0, 0x7C, 0x0F, 0x80,
    0x00, 0x00, 0x00, 0x00, 0xFF, 0xFF, 0xFF, 0xFF, 0xE4, 0x7F, 0x6C, 0x00,
    0x00, 0x03, 0xF9, 0xF0, 0x7E, 0x1F, 0x07, 0x8F, 0x03, 0xE3, 0xC1, 0xF0,
    0xF0, 0xFC, 0x06, 0x00, 0x00, 0x00, 0x00, 0x00, 0xFF, 0xFF, 0xFF, 0xFF,
    0xE0, 0x7F, 0xF8, 0x00, 0x00, 0x01, 0xF9, 0xF0, 0xFE, 0x1E, 0x07, 0x8F,
    0x07, 0xE3, 0xC3, 0xF0, 0xF1, 0xFC, 0x06, 0x00, 0x00, 0x00, 0x00, 0x00,
    0xFF, 0xFD, 0xFF, 0xFF, 0xF0, 0x7F, 0xF8, 0x0E, 0x00, 0x01, 0xF9, 0xF0,
    0xFE, 0x3E, 0x07, 0x8F, 0x0F, 0xE3, 0xC7, 0xF8, 0xFB, 0xFC, 0x64, 0x00,
    0x00, 0x00, 0x00, 0x00, 0xFF, 0xFD, 0xFF, 0xFF, 0x70, 0x1F, 0x0C, 0x1E,
    0x00, 0x03, 0xF9, 0xF1, 0xFE, 0x3E, 0x07, 0x8F, 0x1F, 0xF3, 0xEF, 0xF8,
    0x7F, 0xFC, 0x64, 0x60, 0x00, 0x00, 0x00, 0x00, 0xFF, 0xFF, 0xFF, 0xFF,
    0x78, 0x00, 0x06, 0x1F, 0x00, 0x03, 0xF8, 0xFF, 0xFE, 0x3E, 0x07, 0xEF,
    0xFF, 0xFB, 0xFF, 0xFF, 0x7F, 0xFC, 0x69, 0xF0, 0x00, 0x00, 0x00, 0x00,
    0xFF, 0xDF, 0xFF, 0xFF, 0x90, 0x00, 0x03, 0x1F, 0x80, 0x0F, 0xF0, 0xFF,
    0xDF, 0x9E, 0x03, 0xF7, 0xFE, 0xFD, 0xFF, 0x7F, 0x3F, 0xBC, 0x7F, 0xF0,
    0x00, 0x00, 0x00, 0x00, 0xFF, 0xDF, 0xFF, 0xFF, 0x40, 0x00, 0x01, 0x1F,
    0xF0, 0x7F, 0xF0, 0x7F, 0x8F, 0x9E, 0x03, 0xF7, 0xFC, 0x7C, 0xFE, 0x3F,
    0x1E, 0x3C, 0x3F, 0xE0, 0x00, 0x00, 0x00, 0x00, 0xFF, 0xFF, 0xFF, 0xF9,
    0xE0, 0x00, 0x00, 0x0F, 0xFF, 0xFF, 0xE0, 0x3F, 0x07, 0x0C, 0x01, 0xE1,
    0xF0, 0x78, 0x78, 0x1C, 0x00, 0x7C, 0x3F, 0x80, 0x00, 0x00, 0x00, 0x00,
    0xFF, 0xFF, 0xFF, 0xF9, 0xF0, 0x00, 0x00, 0x07, 0xFF, 0xFF, 0xC0, 0x1C,
    0x00, 0x00, 0x00, 0x00, 0x00, 0x00, 0x00, 0x00, 0x00, 0x7C, 0x60, 0x00,
    0x00, 0x00, 0x00, 0x00, 0xFF, 0xFB, 0xF7, 0xFD, 0xF8, 0x00, 0x00, 0x03,
    0xFF, 0xFF, 0x80, 0x00, 0x00, 0x00, 0x00, 0x00, 0x00, 0x00, 0x00, 0x00,
    0x00, 0x78, 0x40, 0x00, 0x00, 0x00, 0x00, 0x00, 0xFF, 0xF9, 0x39, 0xFF,
    0xC0, 0x00, 0x00, 0x01, 0xFF, 0xFE, 0x00, 0x00, 0x00, 0x00, 0x00, 0x00,
    0x00, 0x00, 0x00, 0x00, 0x00, 0x78, 0x80, 0x00, 0x00, 0x00, 0x00, 0x00,
    0xFF, 0xFC, 0x3D, 0xFF, 0xC0, 0x00, 0x00, 0x00, 0x7F, 0xF8, 0x00, 0x00,
    0x00, 0x00, 0x00, 0x00, 0x00, 0x00, 0x00, 0x00, 0x00, 0xF8, 0x00, 0x00,
    0x00, 0x00, 0x00, 0x00, 0xFF, 0xFC, 0x30, 0xFF, 0x84, 0x00, 0x00, 0x00,
    0x00, 0x00, 0x00, 0x00, 0x00, 0xFF, 0xFF, 0xFF, 0xC0, 0x00, 0x00, 0x00,
    0x00, 0xF8, 0x00, 0x00, 0x00, 0x00, 0x00, 0x00, 0xFF, 0xE0, 0x31, 0xFF,
    0xCC, 0x00, 0x00, 0x00, 0x00, 0x00, 0x00, 0x01, 0xFF, 0xFF, 0xFF, 0xFF,
    0xFF, 0x80, 0x00, 0x03, 0x01, 0xF0, 0x00, 0x00, 0x00, 0x00, 0x00, 0x00,
    0xFF, 0xC0, 0x31, 0xDF, 0xF8, 0x00, 0x00, 0x00, 0x00, 0x00, 0x00, 0x7F,
    0xFF, 0xFF, 0x00, 0x07, 0xFF, 0xF8, 0x00, 0x03, 0x81, 0xF0, 0x00, 0x00,
    0x00, 0x00, 0x00, 0x00, 0xFF, 0xC0, 0x31, 0xDE, 0x5E, 0x00, 0x00, 0x00,
    0x00, 0x00, 0x07, 0xFF, 0xE0, 0x00, 0x00, 0x00, 0x00, 0x3F, 0x8E, 0x03,
    0xF7, 0xE0, 0x00, 0x00, 0x00, 0x00, 0x00, 0x00, 0xFF, 0xC0, 0x30, 0x38,
    0xFA, 0x00, 0x00, 0x00, 0x00, 0x00, 0x7F, 0xF0, 0x00, 0x00, 0x00, 0x00,
    0x00, 0x00, 0x0E, 0x03, 0xFF, 0xE0, 0x00, 0x00, 0x00, 0x00, 0x00, 0x00,
    0xFF, 0x80, 0x20, 0x18, 0xD8, 0x00, 0x00, 0x00, 0x00, 0x01, 0xFC, 0x00,
    0x00, 0x00, 0x00, 0x00, 0x00, 0x00, 0x0E, 0x01, 0xFF, 0xC0, 0x00, 0x00,
    0x00, 0x60, 0x00, 0x00, 0xFF, 0x80, 0x20, 0x00, 0xC0, 0x00, 0x00, 0x00,
    0x00, 0x00, 0x00, 0x00, 0x00, 0x00, 0x00, 0x00, 0x00, 0x00, 0x00, 0x00,
    0xFF, 0x80, 0x00, 0x00, 0x00, 0x80, 0x00, 0x00, 0xFF, 0x80, 0x20, 0x00,
    0xE0, 0x00, 0x00, 0x00, 0x00, 0x00, 0x00, 0x00, 0x00, 0x00, 0x00, 0x00,
    0x00, 0x00, 0x00, 0x00, 0x3E, 0x00, 0x00, 0x00, 0x07, 0x80, 0x00, 0x00,
    0xFF, 0xC0, 0x20, 0x00, 0x20, 0x00, 0x00, 0x00, 0x00, 0x00, 0x00, 0x00,
    0x00, 0x00, 0x00, 0x00, 0x00, 0x00, 0x00, 0x00, 0x00, 0x00, 0x00, 0x00,
    0x01, 0x00, 0x00, 0x00, 0xFF, 0xC0, 0x20, 0x00, 0x20, 0x00, 0x00, 0x00,
    0x00, 0x00, 0x00, 0x00, 0x00, 0x00, 0x00, 0x00, 0x00, 0x00, 0x00, 0x00,
    0x00, 0x00, 0x00, 0x00, 0x00, 0x00, 0x00, 0x00, 0xFF, 0x00, 0x30, 0x00,
    0x20, 0x00, 0x00, 0x00, 0x00, 0x00, 0x00, 0x00, 0x00, 0x00, 0x00, 0x00,
    0x00, 0x00, 0x00, 0x00, 0x00, 0x00, 0x00, 0x00, 0x00, 0x00, 0x00, 0x00,
    0xFF, 0x00, 0x70, 0x00, 0x10, 0x00, 0x00, 0x00, 0x00, 0x00, 0x00, 0x00,
    0x00, 0x00, 0x00, 0x00, 0x00, 0x00, 0x00, 0x00, 0x00, 0x00, 0x00, 0x00,
    0x00, 0x00, 0x00, 0x00, 0xFF, 0x07, 0xF0, 0x00, 0x38, 0x00, 0x00, 0x00,
    0xFF, 0xFF, 0xFE, 0x00, 0x07, 0x01, 0xE0, 0x00, 0x00, 0x00, 0x00, 0x00,
    0x00, 0x00, 0x00, 0x00, 0x00, 0x00, 0x00, 0x00, 0xFE, 0x0F, 0xFF, 0xE0,
    0x38, 0x00, 0x00, 0x1F, 0xFF, 0xFF, 0xFF, 0x00, 0x0F, 0x83, 0xE0, 0x7F,
    0xF8, 0x00, 0x00, 0x06, 0x00, 0x00, 0x00, 0x00, 0x00, 0x00, 0x00, 0x00,
    0xFE, 0x0F, 0xFF, 0xFF, 0xF8, 0x00, 0x00, 0x3F, 0xFF, 0xFF, 0xFF, 0x00,
    0x0F, 0x83, 0xE0, 0xFF, 0xFC, 0x00, 0x3F, 0xFF, 0xFE, 0x00, 0x00, 0x00,
    0x00, 0x00, 0x10, 0x00, 0xFE, 0x0F, 0xFF, 0xFF, 0xFF, 0xE0, 0x00, 0x3F,
    0xFF, 0xFF, 0xFF, 0x80, 0x0F, 0x83, 0xE1, 0xFF, 0xFE, 0x01, 0xFF, 0xFF,
    0xFF, 0x00, 0x00, 0x00, 0x00, 0x01, 0xE0, 0x00, 0xFE, 0x0F, 0xFF, 0xFF,
    0xFF, 0xF0, 0x00, 0x3F, 0xC0, 0x00, 0x1F, 0x80, 0x0F, 0x83, 0xE1, 0xFF,
    0xFE, 0x01, 0xFF, 0xFF, 0xFF, 0x80, 0x00, 0x00, 0x00, 0x00, 0xC0, 0x00,
    0xFE, 0x0F, 0xFF, 0xFF, 0xFF, 0xF0, 0x00, 0x3E, 0x00, 0x00, 0x1F, 0x80,
    0x0F, 0xFF, 0xFD, 0xF8, 0x3E, 0x03, 0xFF, 0xFF, 0xFF, 0x80, 0x00, 0x00,
    0x00, 0x00, 0x00, 0x00, 0xFE, 0x0F, 0xFF, 0xFF, 0xFF, 0xF0, 0x00, 0x3E,
    0x00, 0x00, 0x1F, 0x80, 0xFF, 0xFF, 0xFC, 0xF0, 0x3E, 0x03, 0xFF, 0x80,
    0x1F, 0x80, 0x00, 0x00, 0x00, 0x00, 0x00, 0x00, 0xFC, 0x0F, 0xFF, 0xFF,
    0xFF, 0xF0, 0x00, 0x3E, 0x03, 0xFF, 0xFF, 0x81, 0xFF, 0xFF, 0xFC, 0xF0,
    0x3E, 0x03, 0xF0, 0x00, 0x0F, 0x80, 0x00, 0x00, 0x00, 0x00, 0x00, 0x00,
    0xFE, 0x0F, 0xFF, 0xFF, 0xFF, 0xF0, 0x00, 0x3F, 0xFF, 0xFF, 0xFF, 0x81,
    0xFF, 0xFF, 0xFC, 0xF0, 0x3E, 0x03, 0xE0, 0x00, 0x0F, 0x80, 0x00, 0x00,
    0x00, 0x00, 0x00, 0x00, 0xFF, 0x8F, 0xFF, 0xFF, 0xFF, 0xF0, 0x00, 0x3F,
    0xFF, 0xFF, 0xFF, 0x80, 0xFF, 0xFF, 0xE0, 0xF0, 0x3E, 0x03, 0xE0, 0x00,
    0x0F, 0x80, 0x00, 0x00, 0x00, 0x00, 0x00, 0x00, 0xFF, 0x8F, 0xFF, 0xFF,
    0xFF, 0xF0, 0x00, 0x3F, 0xFF, 0xFF, 0xFF, 0x80, 0x0F, 0x83, 0xE0, 0xF0,
    0x3E, 0x03, 0xE0, 0x00, 0x0F, 0xC0, 0x00, 0x00, 0x00, 0x00, 0x00, 0x00,
    0xFF, 0xCF, 0xFF, 0xFF, 0xFF, 0xF0, 0x00, 0x3F, 0xF8, 0x00, 0x1F, 0x80,
    0x0F, 0x83, 0xE0, 0xF0, 0x3E, 0x03, 0xE0, 0x00, 0x0F, 0xC0, 0x00, 0x00,
    0x00, 0x00, 0x00, 0x00, 0xFF, 0xCF, 0xFF, 0xFF, 0xFF, 0xF0, 0x00, 0x3F,
    0x00, 0x00, 0x1F, 0x80, 0x0F, 0x83, 0xE0, 0xFF, 0xFE, 0x03, 0xE0, 0x00,
    0x0F, 0xC0, 0x00, 0x00, 0x00, 0x00, 0x00, 0x00, 0xFE, 0x0F, 0xFF, 0xFF,
    0xFF, 0xF0, 0x00, 0x3F, 0x00, 0x00, 0x1F, 0x80, 0x0F, 0xFF, 0xE0, 0xFF,
    0xFE, 0x03, 0xE0, 0x00, 0x0F, 0xC0, 0x00, 0x00, 0x00, 0x00, 0x00, 0x00,
    0xFA, 0x0F, 0xFF, 0xFF, 0xFF, 0xF0, 0x00, 0x3F, 0x00, 0x07, 0xFF, 0x00,
    0x0F, 0xFF, 0xE0, 0xFF, 0xFE, 0x03, 0xE0, 0x00, 0x0F, 0xC0, 0x00, 0x00,
    0x00, 0x00, 0x00, 0x00, 0xF8, 0x0F, 0xFF, 0xFF, 0xFF, 0xF0, 0x00, 0x1F,
    0xFF, 0xFF, 0xFF, 0x00, 0x0F, 0xFF, 0xE0, 0xFF, 0xFE, 0x03, 0xE0, 0x00,
    0x0F, 0xC0, 0x00, 0x00, 0x00, 0x00, 0x00, 0x00, 0xF8, 0x0F, 0xFF, 0xFF,
    0xFF, 0xF0, 0x00, 0x1F, 0xFF, 0xFF, 0xFF, 0x00, 0x0F, 0xFF, 0xE0, 0xFF,
    0xBF, 0x03, 0xE7, 0xFF, 0xFF, 0xC0, 0x00, 0x00, 0x00, 0x00, 0x00, 0x00,
    0xF8, 0x0F, 0xFF, 0xFF, 0xFF, 0xF0, 0x00, 0x1F, 0xFF, 0xFF, 0xFE, 0x00,
    0x0F, 0x83, 0xE0, 0xF0, 0x1F, 0x03, 0xFF, 0xFF, 0xFF, 0xC0, 0x00, 0x00,
    0x00, 0x00, 0x00, 0x00, 0xF0, 0x0F, 0xFF, 0xFF, 0xFF, 0xF0, 0x00, 0x0F,
    0xFF, 0xFF, 0xFC, 0x00, 0x0F, 0x83, 0xE0, 0xF0, 0x1F, 0x03, 0xFF, 0xFF,
    0xFF, 0xC0, 0x00, 0x00, 0x00, 0x00, 0x00, 0x00, 0xF8, 0x0F, 0xFF, 0xFF,
    0xFF, 0xF0, 0x00, 0x03, 0x80, 0x60, 0x00, 0x00, 0x0F, 0x83, 0xE0, 0xF0,
    0x1F, 0x03, 0xFF, 0xFF, 0xFF, 0xC0, 0x00, 0x00, 0x00, 0x00, 0x00, 0x00,
    0xF8, 0x0F, 0xFF, 0xFF, 0xFF, 0xF0, 0x00, 0x07, 0xC0, 0xF0, 0x00, 0x00,
    0x0F, 0xFF, 0xE0, 0xF0, 0x1F, 0x03, 0xFF, 0xFF, 0xFF, 0xC0, 0x00, 0x00,
    0x00, 0x00, 0x00, 0x00, 0xF0, 0x0F, 0xFF, 0xFF, 0xFF, 0xF0, 0x00, 0x07,
    0xC1, 0xF8, 0x00, 0x00, 0x0F, 0xFF, 0xE0, 0xF0, 0x1F, 0x03, 0xFF, 0x00,
    0x0F, 0xC0, 0x00, 0x00, 0x00, 0x00, 0x00, 0x00, 0xF8, 0x0F, 0xFF, 0xFF,
    0xFF, 0xF0, 0x00, 0x0F, 0xC1, 0xFB, 0xFC, 0x00, 0x0F, 0xFF, 0xE1, 0xF0,
    0x1F, 0x03, 0xE0, 0x00, 0x0F, 0xC0, 0x00, 0x00, 0x00, 0x00, 0x00, 0x00,
    0xF8, 0x0F, 0xFF, 0xFF, 0xFF, 0xF0, 0x00, 0x1F, 0xFF, 0xFF, 0xFF, 0x00,
    0x0F, 0xFB, 0xE1, 0xFF, 0xFF, 0x03, 0xE0, 0x00, 0x0F, 0xC0, 0x00, 0x00,
    0x00, 0x00, 0x00, 0x00, 0xF2, 0x8F, 0xFF, 0xFF, 0xFF, 0xF0, 0x00, 0x3F,
    0xFF, 0xFF, 0xFF, 0x00, 0x0F, 0x83, 0xE1, 0xFF, 0xFF, 0x03, 0xE0, 0x00,
    0x0F, 0xC0, 0x00, 0x00, 0x00, 0x00, 0x00, 0x00, 0xF7, 0xCF, 0xFF, 0xFF,
    0xFF, 0xF0, 0x00, 0x3F, 0xFF, 0xFF, 0xFF, 0x00, 0x0F, 0x83, 0xE1, 0xFF,
    0xFF, 0x03, 0xE0, 0x00, 0x0F, 0xC0, 0x00, 0x00, 0x00, 0x00, 0x00, 0x00,
    0xFF, 0xE7, 0xFF, 0xFF, 0xFF, 0xF0, 0x00, 0x7F, 0xFF, 0xFF, 0xFE, 0x00,
    0x0F, 0x83, 0xE1, 0xFF, 0xFF, 0x03, 0xE0, 0x00, 0x0F, 0xC0, 0x00, 0x00,
    0x00, 0x00, 0x00, 0x00, 0xFF, 0xC0, 0x00, 0xFF, 0xFF, 0xF0, 0x00, 0xFE,
    0x01, 0xF8, 0x00, 0x00, 0x0F, 0xFF, 0xFD, 0xFF, 0xFF, 0x03, 0xE0, 0x00,
    0x0F, 0xC0, 0x00, 0x00, 0x00, 0x00, 0x00, 0x00, 0xFF, 0xF8, 0x00, 0x00,
    0x00, 0xC0, 0x00, 0xFC, 0x01, 0xF8, 0x00, 0x01, 0xFF, 0xFF, 0xFF, 0xF0,
    0x1F, 0x03, 0xE0, 0x00, 0x0F, 0xC0, 0x00, 0x00, 0x00, 0x00, 0x00, 0x00,
    0xFF, 0xFB, 0xC0, 0x00, 0x00, 0x00, 0x01, 0xF8, 0x01, 0xF8, 0x00, 0x01,
    0xFF, 0xFF, 0xFF, 0xF0, 0x1F, 0x03, 0xE0, 0x00, 0x0F, 0xC0, 0x00, 0x00,
    0x00, 0x00, 0x00, 0x00, 0xFF, 0xFF, 0xFC, 0x00, 0x00, 0x00, 0x01, 0xF1,
    0xFF, 0xFF, 0xFC, 0x03, 0xFF, 0xFF, 0xFD, 0xF0, 0x1F, 0x03, 0xE0, 0x00,
    0x0F, 0xC0, 0x00, 0x00, 0x00, 0x00, 0x00, 0x00, 0xFF, 0xFF, 0xFF, 0xE0,
    0x00, 0x00, 0x00, 0xE3, 0xFF, 0xFF, 0xFE, 0x01, 0xFF, 0xF0, 0x01, 0xF0,
    0x1F, 0x03, 0xF0, 0x00, 0x0F, 0x80, 0x00, 0x00, 0x00, 0x00, 0x00, 0x00,
    0xFF, 0xFF, 0xFF, 0xF8, 0x00, 0x00, 0x00, 0x03, 0xFF, 0xFF, 0xFC, 0x00,
    0x03, 0x07, 0x01, 0xE0, 0x1F, 0x03, 0xF0, 0x00, 0x0F, 0x80, 0x00, 0x00,
    0x00, 0x00, 0x00, 0x00, 0xFF, 0xFF, 0xFF, 0xFC, 0x00, 0x00, 0x00, 0x03,
    0xFF, 0xFF, 0xF8, 0x00, 0x07, 0x8F, 0x83, 0xE0, 0x1F, 0x03, 0xFF, 0xFF,
    0xFF, 0x80, 0x00, 0x00, 0x00, 0x00, 0x00, 0x00, 0xFF, 0xFF, 0xFF, 0x7F,
    0x00, 0x00, 0x00, 0x01, 0xF1, 0xF8, 0x00, 0x00, 0x0F, 0xC7, 0xC3, 0xE0,
    0x1F, 0x03, 0xFF, 0xFF, 0xFF, 0x80, 0x00, 0x00, 0x00, 0x00, 0x00, 0x00,
    0xBF, 0xFF, 0xFF, 0x7F, 0xC0, 0x00, 0x00, 0x00, 0x01, 0xF8, 0x00, 0x00,
    0x0F, 0x87, 0xE3, 0xE0, 0x1F, 0x01, 0xFF, 0xFF, 0xFF, 0x80, 0x00, 0x00,
    0x00, 0x00, 0x00, 0x00, 0xBF, 0xFF, 0xFF, 0xFF, 0xF8, 0x00, 0x00, 0x00,
    0x01, 0xF8, 0x00, 0x00, 0x1F, 0x83, 0xF3, 0xE0, 0x3F, 0x01, 0xFF, 0xFF,
    0xFF, 0x00, 0x00, 0x00, 0x00, 0x00, 0x00, 0xF0, 0xFF, 0xFF, 0xFF, 0xFF,
    0xFC, 0x00, 0x00, 0x00, 0x07, 0xFF, 0xFF, 0xF0, 0x3F, 0x01, 0xF3, 0xC1,
    0xFF, 0x00, 0xFF, 0xFF, 0xFE, 0x00, 0x00, 0x00, 0x00, 0x00, 0x07, 0xF0,
    0xFF, 0xFF, 0xFF, 0xFF, 0xFF, 0x00, 0x00, 0xFF, 0xFF, 0xFF, 0xFF, 0xF8,
    0x7E, 0x01, 0xF7, 0xC3, 0xFE, 0x00, 0x0F, 0xFE, 0x00, 0x00, 0x00, 0x00,
    0x00, 0x00, 0x1F, 0xF0, 0xFF, 0xFF, 0xFF, 0xFF, 0xFF, 0x80, 0x01, 0xFF,
    0xFF, 0xFF, 0xFF, 0xF8, 0x7C, 0x00, 0xE7, 0xC3, 0xFE, 0x00, 0x00, 0x00,
    0x00, 0x00, 0x00, 0x00, 0x00, 0x0F, 0xFF, 0xF0, 0xFF, 0xFF, 0xFF, 0xFF,
    0xFF, 0xF0, 0x01, 0xFF, 0xFF, 0xFF, 0xFF, 0xF8, 0x7C, 0x00, 0x07, 0x81,
    0xFE, 0x00, 0x00, 0x00, 0x00, 0x00, 0x00, 0x00, 0x00, 0x1F, 0xFF, 0xF0,
    0xFF, 0xFF, 0xFF, 0xFF, 0xFC, 0xF8, 0x01, 0xFF, 0xFF, 0xFF, 0xFF, 0xF0,
    0x38, 0x00, 0x07, 0x80, 0xFC, 0x00, 0x00, 0x00, 0x00, 0x00, 0x00, 0x00,
    0x00, 0x3F, 0xFF, 0xF0, 0xFF, 0xFF, 0xFF, 0xFF, 0xFF, 0xFF, 0x00, 0xFF,
    0xFF, 0x00, 0x00, 0x00, 0x00, 0x00, 0x00, 0x00, 0x00, 0x00, 0x00, 0x00,
    0x00, 0x00, 0x00, 0x00, 0x00, 0xFD, 0xFF, 0xF0, 0xFF, 0xFF, 0xFF, 0xFF,
    0xFF, 0xFF, 0xC0, 0x00, 0x00, 0x00, 0x00, 0x00, 0x00, 0x00, 0x00, 0x00,
    0x00, 0x00, 0x00, 0x00, 0x00, 0x00, 0x00, 0x00, 0x03, 0xFD, 0xFF, 0xF0,
    0xFF, 0xFF, 0xFF, 0xFF, 0xFF, 0xFF, 0xF0, 0x00, 0x00, 0x00, 0x00, 0x00,
    0x00, 0x00, 0x00, 0x00, 0x00, 0x00, 0x00, 0x00, 0x00, 0x00, 0x00, 0x00,
    0x0F, 0xDF, 0xFF, 0xF0, 0xFF, 0xFF, 0xFF, 0xFF, 0xFF, 0xFF, 0xF8, 0x00,
    0x00, 0x00, 0x00, 0x00, 0x00, 0x00, 0x00, 0x00, 0x00, 0x00, 0x00, 0x00,
    0x00, 0x00, 0x00, 0x00, 0x7F, 0x3F, 0xBF, 0xF0, 0xFF, 0xFF, 0xFF, 0xFF,
    0xFF, 0xFF, 0xFE, 0x00, 0x00, 0x00, 0x00, 0x00, 0x00, 0x00, 0x00, 0x00,
    0x00, 0x00, 0x00, 0x00, 0x00, 0x00, 0x00, 0x01, 0xF5, 0xBF, 0xDF, 0xF0,
    0xFF, 0xFF, 0xFF, 0xFF, 0xFF, 0xFF, 0xFF, 0xC0, 0x00, 0x00, 0x00, 0x00,
    0x00, 0x00, 0x00, 0x00, 0x00, 0x00, 0x00, 0x00, 0x00, 0x00, 0x00, 0x01,
    0xFF, 0x3F, 0xFF, 0xF0, 0xFF, 0xFF, 0xFF, 0xFF, 0xFF, 0xFF, 0xFF, 0xE0,
    0x00, 0x00, 0x00, 0x00, 0x00, 0x00, 0x00, 0x00, 0x00, 0x00, 0x00, 0x00,
    0x00, 0x00, 0x00, 0x01, 0xFF, 0x7F, 0xFF, 0xF0, 0xFF, 0xFF, 0xFF, 0xFF,
    0xFF, 0xFF, 0xFF, 0xF8, 0x00, 0x00, 0x00, 0x00, 0xF0, 0x00, 0x00, 0x00,
    0x00, 0x00, 0x00, 0x00, 0x00, 0x00, 0x00, 0x1B, 0x9B, 0x7F, 0xFF, 0xF0,
    0xFF, 0xFF, 0xFF, 0xFF, 0xF7, 0xFF, 0xFF, 0xFF, 0x00, 0x00, 0x00, 0x0F,
    0xF0, 0x00, 0x00, 0x00, 0x00, 0x00, 0x00, 0x00, 0x00, 0x00, 0x00, 0x0E,
    0x6F, 0xFF, 0xFF, 0xF0, 0xFF, 0xFF, 0xFF, 0xFF, 0xFF, 0xFF, 0xFF, 0xFF,
    0xC0, 0x00, 0x00, 0x3B, 0xEF, 0x00, 0x00, 0x00, 0x00, 0x00, 0x00, 0x00,
    0x00, 0x00, 0x00, 0x0C, 0x67, 0xFF, 0xFF, 0xF0, 0xFF, 0xFF, 0xFF, 0xFF,
    0xFF, 0xFF, 0xFF, 0xFF, 0xFF, 0x00, 0x00, 0xFF, 0xFF, 0xF8, 0x00, 0x00,
    0x00, 0x00, 0x00, 0x00, 0x00, 0x00, 0x00, 0x41, 0x6F, 0xFF, 0xFF, 0xF0,
    0xFF, 0xFF, 0xFF, 0xFF, 0xFF, 0xFF, 0xFF, 0xFF, 0xFF, 0xC0, 0x06, 0xFF,
    0xFF, 0xFE, 0x00, 0x00, 0x00, 0x00, 0x00, 0x00, 0x00, 0x00, 0x00, 0x82,
    0xF7, 0xFF, 0xFF, 0xF0, 0xFF, 0xFF, 0xFF, 0xFF, 0xFF, 0xFF, 0xFF, 0xFF,
    0xFF, 0xFC, 0x07, 0xFF, 0xBF, 0xEE, 0x40, 0x00, 0x00, 0x00, 0x00, 0x00,
    0x00, 0x00, 0x02, 0x37, 0xFF, 0xFF, 0xFF, 0xF0, 0xFF, 0xFF, 0xFF, 0xFF,
    0xFF, 0xFF, 0xFF, 0xFF, 0xFF, 0xFF, 0x8C, 0xFF, 0x2F, 0xC0, 0xFC, 0x00,
    0x00, 0x00, 0x00, 0x00, 0x01, 0x9E, 0x70, 0x7F, 0xFF, 0xFF, 0xFF, 0xF0,
    0xFF, 0xFF, 0xFF, 0xFF, 0xFF, 0xFF, 0xFF, 0xFF, 0xFF, 0xFF, 0xF8, 0x43,
    0x00, 0x01, 0xBF, 0x80, 0x00, 0x00, 0x00, 0x00, 0x1F, 0xFF, 0xF0, 0xFF,
    0xFF, 0xFF, 0xFF, 0xF0, 0xFF, 0xFF, 0xFF, 0xFF, 0xFF, 0xFF, 0xFF, 0xFF,
    0xFF, 0xFF, 0xFD, 0x01, 0x00, 0x3B, 0xFF, 0xFC, 0x00, 0x00, 0x00, 0x00,
    0xFF, 0xF7, 0xBE, 0xFF, 0xFF, 0xFF, 0xFF, 0xF0, 0xFF, 0xFF, 0xFF, 0xFF,
    0xFF, 0xFF, 0xFF, 0xFF, 0xFF, 0xFF, 0xFF, 0xE0, 0x00, 0x3E, 0x7E, 0x3E,
    0x00, 0x00, 0x00, 0x1F, 0xFF, 0xEF, 0xBF, 0xFF, 0xFF, 0xFF, 0xFF, 0xF0,
    0xFF, 0xFF, 0xFF, 0xFF, 0xFF, 0xFF, 0xFF, 0xFF, 0xFF, 0xFF, 0xFF, 0xFF,
    0x80, 0x5F, 0x1F, 0x1B, 0xC0, 0x00, 0x01, 0xFF, 0xFF, 0xFF, 0xFF, 0xFF,
    0xFF, 0xFF, 0xFF, 0xF0, 0xFF, 0xFF, 0xFF, 0xFF, 0xFF, 0xFF, 0xFF, 0xFF,
    0xFF, 0xFF, 0xFF, 0xFF, 0xF8, 0x17, 0x81, 0xA1, 0xF0, 0x00, 0x0F, 0xFF,
    0xFF, 0xBF, 0xFF, 0xFF, 0xFF, 0xFF, 0xFF, 0xF0, 0xFF, 0xFF, 0xFF, 0xFF,
    0xFF, 0xFF, 0xFF, 0xFF, 0xFF, 0xFF, 0xFF, 0xFF, 0xFF, 0xC8, 0xC0, 0xC0,
    0x1F, 0x03, 0xFF, 0xFF, 0xFF, 0xFF, 0xFF, 0xFF, 0xF3, 0xFF, 0xFF, 0xF0,
    0xFF, 0xFF, 0xFF, 0xFF, 0xFF, 0xFF, 0xFF, 0xFF, 0xFF, 0xFF, 0xFF, 0xFF,
    0xFF, 0xFC, 0x7E, 0x06, 0x00, 0xFF, 0xFF, 0xFF, 0xFF, 0xFF, 0xFF, 0xFF,
    0xFF, 0xFF, 0xFF, 0xF0, 0xFF, 0xFF, 0xFF, 0xFF, 0xFF, 0xFF, 0xFF, 0xFF,
    0xFF, 0xFF, 0xFF, 0xFF, 0xFF, 0xFF, 0xF7, 0xFF, 0xFF, 0xFF, 0xFF, 0xFF,
    0xFF, 0xFF, 0xFF, 0xFF, 0xFF, 0xFF, 0xFF, 0xF0, 0xFF, 0xFF, 0xFF, 0xFF,
    0xFF, 0xFF, 0xFF, 0xFF, 0xFF, 0xFF, 0xFF, 0xFF, 0xFF, 0xFF, 0xD0, 0x00,
    0x41, 0xF3, 0xFF, 0xFF, 0xFF, 0xFF, 0xFF, 0xFF, 0xFF, 0xFF, 0xFF, 0xF0,
    0xFF, 0xFF, 0xFF, 0xFF, 0xFF, 0xFF, 0xFF, 0xFF, 0xFF, 0xFF, 0xFF, 0xFF,
    0xFF, 0xFF, 0x80, 0x00, 0x00, 0x00, 0x00, 0x7F, 0xFF, 0xFF, 0xFF, 0xFF,
    0xFF, 0xFF, 0xFF, 0xF0, 0xFF, 0xFF, 0xFF, 0xFF, 0xFF, 0xFF, 0xFF, 0xFF,
    0xFF, 0xFF, 0xFF, 0x87, 0xFF, 0xFF, 0x80, 0x00, 0x00, 0x00, 0x01, 0xFF,
    0xFF, 0xFF, 0xFF, 0xFF, 0x9F, 0xFF, 0xFF, 0xF0, 0xFE, 0x7F, 0xFF, 0xFF,
    0xFF, 0xFF, 0xFF, 0xFD, 0xFF, 0xFF, 0xFF, 0xEF, 0xC3, 0x8C, 0x00, 0x00,
    0x10, 0x00, 0x00, 0x5F, 0xFF, 0xFF, 0xFF, 0xFC, 0x7F, 0xFF, 0xFB, 0xF0,
    0xFF, 0xBF, 0xFF, 0xFF, 0xFF, 0xFF, 0xFF, 0xFE, 0xFF, 0xFD, 0xFF, 0xEF,
    0xE7, 0xEE, 0x00, 0x00, 0x7F, 0x00, 0x00, 0x4D, 0xFF, 0xFF, 0xFF, 0xFF,
    0xFF, 0xFE, 0x1F, 0xF0, 0xFF, 0xBF, 0xFF, 0xFF, 0xFF, 0xFF, 0xFF, 0xFF,
    0xFF, 0xFB, 0xFE, 0x0C, 0xC1, 0x00, 0x00, 0x00, 0x7F, 0x00, 0x00, 0x00,
    0xF1, 0xFF, 0xFF, 0xFF, 0xFF, 0xFC, 0xFF, 0xF0, 0xFF, 0xFF, 0xFF, 0xFF,
    0xFF, 0xFF, 0xFF, 0xC0, 0x38, 0xFF, 0xFF, 0x80, 0x01, 0x00, 0x00, 0x30,
    0x7F, 0x00, 0x00, 0x00, 0xE1, 0xFF, 0x8F, 0xFF, 0xFF, 0xFF, 0xFF, 0xF0,
    0xFF, 0xFF, 0xFF, 0xFF, 0xFF, 0xFF, 0xFF, 0xFF, 0xFC, 0xFF, 0xFF, 0x80,
    0x40, 0x00, 0x00, 0x7F, 0xFF, 0x00, 0x00, 0x00, 0xF3, 0xFE, 0x8D, 0xF9,
    0xFF, 0xFF, 0xFF, 0xF0, 0xFF, 0x7F, 0xFB, 0xFF, 0xFF, 0xFF, 0xFF, 0xFF,
    0x9C, 0x70, 0xE0, 0x00, 0x27, 0x00, 0x01, 0xFF, 0xFF, 0x80, 0x00, 0x00,
    0x20, 0x5E, 0x01, 0xF9, 0xFF, 0xFF, 0xFF, 0xF0, 0xFF, 0x7F, 0xFF, 0xFF,
    0xFF, 0xFF, 0xBE, 0x00, 0xDC, 0x00, 0x00, 0x00, 0x00, 0x00, 0x23, 0xFF,
    0xFF, 0xFF, 0x80, 0x00, 0x60, 0x00, 0x01, 0xFF, 0xFF, 0xFF, 0xFF, 0xF0,
    0xFF, 0xFF, 0xFF, 0xFF, 0xFF, 0xFF, 0xFE, 0x05, 0x7E, 0x00, 0x00, 0x10,
    0x00, 0x00, 0x03, 0xFF, 0xFF, 0xFF, 0xFE, 0x00, 0x00, 0x8C, 0x01, 0x8F,
    0xFF, 0xBF, 0xFF, 0xF0, 0xFF, 0xFF, 0xFF, 0xFF, 0xFF, 0xFB, 0xBE, 0x8F,
    0x7E, 0x06, 0x00, 0x00, 0x00, 0x80, 0x03, 0xFF, 0xFF, 0xFF, 0xFE, 0x00,
    0x00, 0x00, 0x01, 0xFF, 0xFF, 0xFF, 0xFF, 0xF0, 0xFF, 0xFF, 0xFF, 0xFF,
    0xFF, 0xFF, 0xF8, 0x3F, 0xFE, 0x06, 0x60, 0x00, 0x00, 0x00, 0x03, 0xFF,
    0xFF, 0xFF, 0xFE, 0x00, 0x00, 0x00, 0x00, 0x1F, 0xFF, 0xFF, 0xFF, 0xF0,
    0xFF, 0xFF, 0xFF, 0xFF, 0xFF, 0xFF, 0xFF, 0xDF, 0xBF, 0x40, 0x00, 0x80,
    0x03, 0x80, 0x03, 0xFF, 0xFF, 0xFF, 0xFC, 0x00, 0x00, 0x00, 0x00, 0x03,
    0xFF, 0xFF, 0xFF, 0xF0, 0xFF, 0xFF, 0xFF, 0xFF, 0xFF, 0xFF, 0xFF, 0xFF,
    0xFF, 0xFB, 0xD0, 0xBF, 0x00, 0x00, 0x01, 0xFF, 0xFF, 0xFF, 0xFC, 0x00,
    0x00, 0x00, 0x00, 0x5F, 0xFF, 0xFF, 0xFF, 0xF0, 0xE7, 0xFF, 0xFF, 0xFF,
    0xFF, 0xFF, 0xFF, 0xFF, 0xFF, 0xD2, 0xF0, 0x02, 0x00, 0x00, 0x00, 0xFF,
    0xFF, 0xFF, 0xFE, 0x00, 0x00, 0x00, 0x00, 0x00, 0x2F, 0x3F, 0xFF, 0xF0,
    0xFF, 0xFF, 0xFF, 0xFF, 0xFF, 0xFF, 0xFF, 0xFF, 0xFF, 0xDF, 0x20, 0x00,
    0xF0, 0x00, 0x00, 0x7F, 0xFF, 0xFF, 0xFE, 0x00, 0x0C, 0x00, 0x00, 0x06,
    0x7F, 0xFF, 0xFF, 0xF0, 0xFF, 0xFF, 0xFF, 0xFF, 0xFF, 0xFF, 0xFF, 0xFF,
    0x7F, 0xFF, 0xFC, 0x0C, 0xF1, 0xE2, 0x00, 0x03, 0xFF, 0xFF, 0xFC, 0x00,
    0x0E, 0x40, 0x00, 0x00, 0xFF, 0xFF, 0xFF, 0xF0, 0xFF, 0xFF, 0xFF, 0xFF,
    0xFF, 0xFF, 0xFF, 0xFF, 0xBF, 0xFF, 0xEC, 0x0F, 0xF1, 0xC0, 0x1F, 0x00,
    0x7F, 0xFF, 0xFC, 0x01, 0x94, 0x5F, 0x00, 0x00, 0x00, 0x1B, 0xFF, 0xF0,
    0xFF, 0xFF, 0xFF, 0xFF, 0xFF, 0xFF, 0xFF, 0xFE, 0xBF, 0xFF, 0xFF, 0xFF,
    0xFC, 0x00, 0x1F, 0xFE, 0xFE, 0x1F, 0xFC, 0x01, 0x9E, 0xFF, 0x00, 0x00,
    0x03, 0xFF, 0xFF, 0xF0, 0xFF, 0xFF, 0xFF, 0xFF, 0xFF, 0xFF, 0xFF, 0xFF,
    0xFF, 0xFF, 0xFD, 0xFF, 0xFC, 0x48, 0x3F, 0xFF, 0xFE, 0x00, 0xFC, 0x01,
    0xCF, 0xB8, 0x1D, 0x00, 0x30, 0x3F, 0xFF, 0xF0, 0xFF, 0xFF, 0xFF, 0xFF,
    0xFF, 0xFF, 0xFF, 0xEF, 0xFF, 0xFF, 0x79, 0xBF, 0xFF, 0xF3, 0x3F, 0xFF,
    0xFF, 0xF0, 0x00, 0x1B, 0xFD, 0xF7, 0x7F, 0xF0, 0x00, 0x0C, 0x03, 0xF0,
    0xF5, 0xFF, 0xFF, 0xFF, 0xFF, 0xFF, 0xFF, 0xFF, 0xFF, 0xFF, 0xFF, 0x3F,
    0xF9, 0x00, 0x3F, 0xFF, 0xFF, 0xFE, 0x00, 0x0F, 0xFF, 0xF4, 0xEF, 0xF8,
    0x30, 0x1F, 0xFF, 0xF0, 0xFD, 0xFF, 0xFF, 0xFF, 0xFF, 0xFF, 0xFF, 0xFF,
    0xFB, 0xFD, 0xFF, 0xFF, 0xFB, 0x00, 0x1F, 0xFF, 0xFF, 0xFF, 0x80, 0x03,
    0xFF, 0xF9, 0xC7, 0x00, 0x00, 0x19, 0xFF, 0xF0, 0xFF, 0xFF, 0xFF, 0xFF,
    0xFF, 0xFF, 0xFF, 0xFF, 0xFF, 0xFA, 0xFF, 0xFF, 0xFB, 0xF1, 0x3F, 0xFF,
    0xFF, 0xFF, 0xB0, 0x3F, 0xFF, 0xFF, 0x80, 0xC0, 0x00, 0x00, 0x0F, 0xF0,
    0xFF, 0xFF, 0xFF, 0xFF, 0xFF, 0xFF, 0xFF, 0xFF, 0xFF, 0xFF, 0xFB, 0xFF,
    0xFF, 0xE0, 0x3F, 0xFF, 0xFF, 0xFF, 0x80, 0x1F, 0xFF, 0xFF, 0x00, 0x00,
    0x00, 0x01, 0xFB, 0xF0, 0xFF, 0xFF, 0xFF, 0xFF, 0xFF, 0xCF, 0xFF, 0xFF,
    0xFB, 0xFF, 0xFF, 0xFF, 0xFF, 0xFB, 0xFF, 0xFF, 0xFF, 0xFF, 0xC0, 0x3F,
    0xFF, 0xFF, 0xE0, 0x00, 0x00, 0x18, 0xFF, 0xF0, 0xFF, 0xFF, 0xFF, 0xFF,
    0xFF, 0xFF, 0xFF, 0xFF, 0xFD, 0xFF, 0xFF, 0xFF, 0xFF, 0xFB, 0x3F, 0xFF,
    0xFF, 0xFF, 0xC0, 0x7F, 0xFF, 0xFF, 0xE0, 0x00, 0x00, 0x00, 0x6B, 0xD0,
    0xFF, 0xFF, 0xFF, 0xFF, 0xFF, 0xEF, 0xFF, 0xFF, 0xFF, 0xFF, 0xFF, 0xFF,
    0xFF, 0xFE, 0x03, 0xFF, 0xFF, 0xFF, 0xC0, 0x0F, 0xFF, 0xFF, 0x00, 0x00,
    0x3C, 0x00, 0x6F, 0xD0, 0xFF, 0xFF, 0xFF, 0xFF, 0xFF, 0xFF, 0xFF, 0xFF,
    0xFD, 0xFF, 0xFF, 0xFF, 0xFF, 0xFF, 0xF8, 0x1F, 0xFF, 0xFF, 0xFC, 0x07,
    0xFF, 0xFF, 0xC0, 0x0F, 0xFE, 0x00, 0x7E, 0xF0, 0xFF, 0xFF, 0xFF, 0xFF,
    0xFF, 0x7F, 0xFF, 0xFF, 0xFE, 0xFF, 0xFF, 0xFF, 0xFF, 0xFF, 0xC7, 0x80,
    0xFF, 0xFF, 0x00, 0x07, 0xFF, 0xFF, 0x60, 0x0F, 0xFF, 0x70, 0x77, 0xF0,
    0xFF, 0xFF, 0xFF, 0xFF, 0xFF, 0x7F, 0xFF, 0xFF, 0xFF, 0x7F, 0xFF, 0xFF,
    0xFF, 0xFF, 0xCF, 0xFF, 0xFE, 0xFF, 0x00, 0x07, 0xFF, 0xFF, 0x00, 0x0F,
    0xFF, 0x73, 0x7C, 0xF0, 0xFF, 0xFF, 0xFF, 0xFF, 0xFB, 0xFF, 0xFF, 0xFF,
    0xFF, 0xC7, 0xFF, 0xFF, 0xFF, 0xFF, 0xFF, 0xFF, 0xFE, 0x9F, 0xFF, 0xF7,
    0xFF, 0xFE, 0x00, 0x01, 0xFE, 0x0D, 0xFA, 0xF0, 0xFF, 0xFB, 0xFF, 0xFF,
    0xFF, 0xFF, 0xFF, 0xFF, 0xF3, 0x9C, 0xFF, 0xFF, 0xFF, 0xFF, 0xFF, 0xFF,
    0xFF, 0xF9, 0xFF, 0xF7, 0xFF, 0xFE, 0x00, 0xDE, 0xFC, 0xBF, 0xFB, 0xF0,
    0xFF, 0xFF, 0xFF, 0xFF, 0xFF, 0xFF, 0xFF, 0xFF, 0xE0, 0x31, 0xFF, 0xFF,
    0xFF, 0xFF, 0xFF, 0xFF, 0xFF, 0xFF, 0x9E, 0x07, 0xFF, 0xFF, 0xE3, 0x9F,
    0xDF, 0xFF, 0xFF, 0xF0, 0xFF, 0x9F, 0xFF, 0xFF, 0xFD, 0xFF, 0xFF, 0xEF,
    0xE7, 0x83, 0xDF, 0xFF, 0xFF, 0xFF, 0xFF, 0xFF, 0xFF, 0xFF, 0xF1, 0x07,
    0xFF, 0xFB, 0x00, 0xE1, 0xDF, 0xFF, 0xFF, 0xF0, 0xFB, 0xFF, 0xFF, 0xFF,
    0xFF, 0xFF, 0xFF, 0xFF, 0xE3, 0x04, 0x3F, 0xFF, 0xFF, 0xFF, 0xFF, 0xFF,
    0xFF, 0xFF, 0xFF, 0xFF, 0xFF, 0xFD, 0x00, 0x01, 0xF7, 0xFF, 0xFF, 0xF0,
    0xFF, 0xF3, 0xFF, 0xFB, 0xFF, 0xFF, 0xFF, 0xFF, 0xEC, 0x30, 0xF7, 0xFF,
    0xFF, 0xFF, 0xFF, 0xFF, 0xFF, 0xFF, 0xFF, 0xF1, 0xFF, 0xFD, 0xE3, 0xF9,
    0xFF, 0xFE, 0x7F, 0xF0, 0x3F, 0xFF, 0xFF, 0xF3, 0xFF, 0xFF, 0xFF, 0xFF,
    0xE8, 0xD9, 0x8F, 0xFF, 0xFF, 0xFF, 0xFF, 0xFF, 0xFF, 0xFF, 0xFF, 0xFF,
    0x7F, 0xFE, 0x83, 0xFD, 0xFF, 0xFF, 0xFF, 0xF0, 0xFF, 0xFF, 0xFF, 0xC1,
    0xFF, 0xFF, 0xFF, 0xFF, 0xE6, 0x07, 0x0F, 0xFF, 0xFF, 0xFF, 0xFF, 0xFF,
    0xFF, 0xFF, 0xFF, 0xFF, 0xFF, 0xF7, 0xC0, 0x4D, 0xFF, 0xFF, 0xFF, 0xF0,
    0xFF, 0xFF, 0xFF, 0xC7, 0xFF, 0xFF, 0xFF, 0xFF, 0x6E, 0x1F, 0xFE, 0x7F,
    0xFF, 0xFF, 0xFF, 0xFF, 0xFF, 0xFF, 0xFF, 0xFB, 0xFF, 0xFF, 0x60, 0x3F,
    0xFF, 0xFF, 0xFF, 0xF0, 0xFF, 0xFF, 0xFF, 0xD1, 0xFF, 0xFF, 0xFC, 0xFF,
    0xFF, 0xE0, 0xF8, 0x46, 0xFF, 0xFF, 0xFF, 0xFF, 0xFF, 0xFF, 0xFF, 0xFF,
    0xFD, 0xFF, 0xEF, 0x3B, 0xFF, 0xFF, 0xFF, 0xF0, 0xFF, 0xFF, 0xFF, 0xF3,
    0xFF, 0xFF, 0xFF, 0xFF, 0xFD, 0xF9, 0xAF, 0x01, 0xFF, 0xFF, 0xDF, 0xFF,
    0xFF, 0xFF, 0xFF, 0xEF, 0xDF, 0xFF, 0xF7, 0xBF, 0x7F, 0xFF, 0xFF, 0xF0,
    0xFF, 0xFF, 0xFF, 0xFF, 0xFF, 0xFF, 0xFF, 0xFF, 0xBD, 0xFE, 0x41, 0x03,
    0x07, 0xFF, 0xFF, 0xFF, 0xFF, 0xFF, 0xFF, 0xDF, 0xFB, 0xFF, 0xDB, 0xFF,
    0xFF, 0xFF, 0xFF, 0xF0, 0xFF, 0xFF, 0xFF, 0xFF, 0xFF, 0xFF, 0xC3, 0xFF,
    0xFF, 0xFF, 0xF0, 0x2E, 0x03, 0xFF, 0xF9, 0xFF, 0xFF, 0xFF, 0xFF, 0xFF,
    0xFF, 0xFF, 0xED, 0xFE, 0xFF, 0xFF, 0xFF, 0xF0, 0xFF, 0xFF, 0xFF, 0xFF,
    0xFF, 0xFC, 0xBF, 0xE6, 0xFF, 0xFF, 0xF8, 0x70, 0x00, 0x7F, 0xFF, 0xFF,
    0xFF, 0xFF, 0xFF, 0xFF, 0xFF, 0xFF, 0xFF, 0xFF, 0xFF, 0xFF, 0xFF, 0x30,
    0xFF, 0xFF, 0xFF, 0xFF, 0xFF, 0xFF, 0xFF, 0xFF, 0xFF, 0xFF, 0xFF, 0x00,
    0x00, 0x8F, 0xFF, 0xFF, 0xFF, 0xFF, 0xFF, 0xFB, 0xFF, 0xFB, 0xF7, 0xFF,
    0xFF, 0xFF, 0xFB, 0x30, 0xFF, 0xFF, 0xFF, 0xFF, 0xFF, 0xFF, 0xFF, 0xFF,
    0xFF, 0xFF, 0xFF, 0x00, 0x00, 0x07, 0xFF, 0xFF, 0xFF, 0xFF, 0xFF, 0xFF,
    0xFF, 0xFF, 0xFF, 0xFF, 0xFF, 0xFF, 0xF8, 0xE0, 0xFF, 0xFF, 0xFF, 0xFF,
    0xFF, 0xFF, 0xFF, 0xFF, 0xFF, 0xFF, 0xFF, 0xC0, 0x00, 0x3C, 0x7F, 0xFF,
    0xFF, 0xFF, 0xFF, 0xFF, 0xFF, 0xFF, 0xFB, 0xFF, 0xFF, 0xFF, 0xFD, 0xE0,
    0xFF, 0xFF, 0xFF, 0xFF, 0xFF, 0xC0, 0xFF, 0xFF, 0xFF, 0xFF, 0xFF, 0xFF,
    0x07, 0x20, 0xFF, 0xFF, 0xFF, 0xFF, 0xFF, 0xFF, 0xFF, 0xFF, 0xFD, 0xFF,
    0xFF, 0xFF, 0xFF, 0xF0, 0xFF, 0xFF, 0xFF, 0xFF, 0xFE, 0x00, 0xFF, 0xEF,
    0xFF, 0xFF, 0xFF, 0xFF, 0x80, 0x01, 0x83, 0xFF, 0xFF, 0xFF, 0xFF, 0xFF,
    0xFF, 0xFF, 0xFF, 0xFF, 0xFF, 0xFF, 0xF3, 0xF0, 0xFF, 0xFF, 0xFF, 0xFF,
    0xFC, 0x00, 0x38, 0x7F, 0xFF, 0xFF, 0xFF, 0xFF, 0xC0, 0x00, 0x1F, 0xFF,
    0xFF, 0xFF, 0xFF, 0xFF, 0xFF, 0xFF, 0xFF, 0x7F, 0xFF, 0xFF, 0xFF, 0xC0,
    0xFF, 0xFF, 0xFF, 0xFC, 0x0F, 0x00, 0x1E, 0xFF, 0xFF, 0xFF, 0xFF, 0xFF,
    0xC0, 0x0C, 0xFF, 0xFF, 0xFF, 0xFF, 0xFF, 0xFF, 0xFF, 0xFF, 0xF7, 0xFF,
    0xFF, 0xFF, 0xFE, 0xD0, 0xF3, 0xFF, 0xFF, 0xFE, 0x06, 0x80, 0x0F, 0xFF,
    0xFF, 0xFF, 0xFF, 0xFF, 0xF0, 0xFF, 0xFE, 0xFF, 0xFF, 0xFF, 0xFF, 0xFF,
    0xFF, 0xFF, 0xFF, 0xFB, 0xFF, 0xFF, 0xFF, 0xF0, 0xFD, 0xFF, 0xFF, 0x9C,
    0x03, 0x00, 0x07, 0xFF, 0xFF, 0xFF, 0xFF, 0xFF, 0xF7, 0xFF, 0xF0, 0xFF,
    0xFF, 0xFF, 0xBF, 0xFF, 0xFF, 0xFF, 0xFF, 0xC8, 0x7F, 0x81, 0xFF, 0xF0,
    0xFE, 0xDF, 0xFF, 0xDF, 0xC1, 0x80, 0x03, 0xFF, 0xFF, 0xFF, 0xFF, 0x97,
    0xF7, 0xFF, 0xBF, 0xFF, 0xFF, 0xFF, 0xFF, 0xFF, 0xFF, 0xFD, 0x3F, 0xE0,
    0xDF, 0xC8, 0xFF, 0xF0, 0xFD, 0x8F, 0xFF, 0xE7, 0x40, 0xD0, 0x01, 0xBF,
    0xFF, 0xFF, 0xFF, 0x6F, 0xB7, 0xFF, 0xDF, 0xFF, 0xFF, 0xFF, 0xFF, 0xFF,
    0xFF, 0xE4, 0x3F, 0x0E, 0x1F, 0x9C, 0xFF, 0xF0, 0xFF, 0xB7, 0xFF, 0xF3,
    0x80, 0x60, 0x00, 0xDF, 0xFF, 0xFF, 0xFF, 0xFF, 0xE7, 0xFF, 0xFF, 0xFF,
    0xFF, 0xFF, 0xFF, 0xFF, 0xFF, 0xE3, 0x4F, 0x9F, 0x1F, 0xBD, 0xFF, 0xF0,
    0xFF, 0xB9, 0xFF, 0xFB, 0xC0, 0x34, 0x0F, 0xFF, 0xFF, 0xFF, 0xFF, 0xFF,
    0xE7, 0xFF, 0xFF, 0xFE, 0x07, 0xFF, 0xFF, 0xFF, 0xFF, 0xF7, 0x8F, 0x1F,
    0x7F, 0xED, 0xFF, 0xF0, 0xFF, 0xBB, 0xFF, 0xF9, 0xC0, 0x18, 0xFF, 0xFF,
    0xFF, 0xFF, 0xFF, 0xFF, 0xC7, 0xFF, 0xD8, 0xF0, 0x3F, 0xFF, 0xFF, 0xFF,
    0xFF, 0xCF, 0xFF, 0x1F, 0x3F, 0xFF, 0xFF, 0xF0, 0xFF, 0xEB, 0x3F, 0xFC,
    0x70, 0x0F, 0xFF, 0xFF, 0xFF, 0xFF, 0xFF, 0xFF, 0x87, 0xFF, 0xEE, 0x00,
    0xFF, 0xFF, 0xFF, 0xFF, 0xFF, 0xF7, 0x3E, 0x5C, 0x3F, 0xFF, 0xFF, 0xF0,
    0xFF, 0xFF, 0x7F, 0xFE, 0x43, 0xFF, 0xFF, 0x87, 0xFF, 0xFF, 0xFF, 0xFF,
    0x47, 0xFF, 0xDC, 0x03, 0xFD, 0xFF, 0xFF, 0xFF, 0xFF, 0xE5, 0xFF, 0xC0,
    0xFF, 0xFF, 0xFF, 0xF0, 0xFF, 0xFD, 0xFF, 0xFF, 0x1F, 0xFF, 0xFF, 0x8F,
    0xFF, 0xFF, 0xFF, 0xF8, 0x37, 0xFF, 0x98, 0x1F, 0xFF, 0xFF, 0xFF, 0xFF,
    0xFF, 0xFD, 0xFF, 0x9B, 0xFF, 0xFF, 0xFF, 0xF0, 0xFF, 0xFF, 0xFF, 0xFF,
    0x7F, 0xFF, 0xE0, 0x7F, 0xFF, 0xFF, 0xFF, 0xF0, 0x37, 0xFF, 0xFB, 0x7F,
    0xFF, 0xFF, 0xDF, 0xFF, 0xFF, 0xFF, 0xFF, 0xFF, 0xFF, 0xFF, 0xFF, 0xF0,
    0xFF, 0xFF, 0xC6, 0xFF, 0xFF, 0xFF, 0x31, 0xFF, 0xFF, 0xFE, 0x70, 0x30,
    0x1F, 0xFF, 0xE7, 0xFF, 0xFF, 0xFF, 0xFF, 0xFF, 0xFF, 0xFF, 0xFF, 0xFF,
    0xFF, 0xFF, 0xFF, 0xF0, 0xFF, 0xFF, 0xFE, 0x3F, 0xFF, 0xFC, 0x33, 0xFF,
    0xFF, 0xF0, 0x04, 0x00, 0xFF, 0xFF, 0xBF, 0xFF, 0xFF, 0xFF, 0xFF, 0xFF,
    0xFF, 0xFF, 0xFF, 0xFF, 0xFF, 0xFF, 0xFF, 0xF0, 0xFF, 0xFF, 0xFE, 0x7F,
    0xFF, 0xEE, 0x43, 0xFF, 0xFF, 0xFF, 0xC4, 0x03, 0xFF, 0xFF, 0xFF, 0xFF,
    0xFF, 0xFF, 0xFF, 0xFF, 0xFF, 0xFF, 0xFF, 0xFF, 0xA7, 0xFF, 0xFF, 0xF0,
    0xFF, 0xFF, 0xFB, 0xFF, 0xFF, 0xFF, 0x71, 0xFF, 0xFF, 0xFF, 0xF0, 0x03,
    0xFF, 0xFF, 0xFF, 0xFF, 0xFF, 0xFF, 0xFF, 0xFF, 0xFF, 0xFF, 0xFF, 0xFF,
    0xBF, 0xFF, 0xFF, 0xF0, 0xFF, 0xFF, 0xFF, 0xE1, 0xCF, 0xF9, 0x80, 0x7F,
    0xF8, 0x7F, 0xFC, 0x79, 0xFF, 0xFF, 0xFF, 0xFF, 0xFF, 0xFF, 0xFF, 0xEF,
    0xFF, 0xFF, 0xFF, 0xFF, 0x77, 0xFF, 0xFF, 0xF0, 0xFF, 0xFF, 0xFF, 0x78,
    0xE1, 0xFF, 0x7C, 0x3F, 0x9C, 0x1F, 0x1F, 0xF0, 0x7F, 0xFF, 0xFF, 0xFF,
    0xFF, 0xFF, 0xFF, 0xFF, 0xFF, 0xFF, 0xFF, 0xFF, 0xF7, 0xFF, 0xFF, 0xF0,
    0xFF, 0xFF, 0xFF, 0xF9, 0x99, 0x9F, 0xFC, 0x1F, 0xCF, 0x0F, 0x9F, 0xC7,
    0x7F, 0xFF, 0xFF, 0xFF, 0xFF, 0xFF, 0xFF, 0xFE, 0xFF, 0xFF, 0xFF, 0xFF,
    0xDF, 0xFF, 0xFF, 0xF0,
};
static_assert(sizeof(clock_gallery_image_00) == CLOCK_GALLERY_IMAGE_BYTES_PER_ROW * CLOCK_GALLERY_IMAGE_HEIGHT,
              "clock_gallery_image_00 payload size mismatch");

// 星期一.png
static const uint8_t clock_gallery_image_01[] = {
    0x00, 0x00, 0x00, 0x00, 0x00, 0x00, 0x00, 0x00, 0x00, 0x00, 0x00, 0x00,
    0x00, 0x00, 0x00, 0x00, 0x00, 0x00, 0x00, 0x00, 0x00, 0x00, 0x00, 0x00,
    0x00, 0x00, 0x00, 0x00, 0x00, 0x00, 0x00, 0x00, 0x00, 0x00, 0x00, 0x00,
    0x00, 0x00, 0x00, 0x00, 0x00, 0x00, 0x00, 0x00, 0x00, 0x00, 0x00, 0x00,
    0x00, 0x00, 0x00, 0x00, 0x00, 0x00, 0x00, 0x00, 0x00, 0x00, 0x00, 0x00,
    0x00, 0x00, 0x00, 0x00, 0x00, 0x00, 0x00, 0x00, 0x00, 0x00, 0x00, 0x00,
    0x00, 0x00, 0x00, 0x00, 0x00, 0x00, 0x00, 0x00, 0x00, 0x00, 0x00, 0x00,
    0x00, 0x00, 0x00, 0x00, 0x00, 0x00, 0x00, 0x00, 0x00, 0x00, 0x00, 0x00,
    0x00, 0x00, 0x00, 0x00, 0x00, 0x00, 0x00, 0x00, 0x00, 0x00, 0x00, 0x00,
    0x00, 0x00, 0x00, 0x00, 0x00, 0x00, 0x00, 0x00, 0x00, 0x00, 0x00, 0x00,
    0x00, 0x00, 0x00, 0x00, 0x00, 0x00, 0x00, 0x00, 0x00, 0x00, 0x00, 0x00,
    0x00, 0x00, 0x00, 0x00, 0x00, 0x00, 0x00, 0x00, 0x00, 0x00, 0x00, 0x00,
    0x00, 0x00, 0x00, 0x00, 0x00, 0x00, 0x00, 0x00, 0x00, 0x00, 0x00, 0x00,
    0x00, 0x00, 0x00, 0x00, 0x00, 0x00, 0x00, 0x00, 0x00, 0x00, 0x00, 0x00,
    0x00, 0x00, 0x00, 0x00, 0x00, 0x00, 0x00, 0x00, 0x00, 0x00, 0x00, 0x00,
    0x00, 0x00, 0x00, 0x00, 0x00, 0x00, 0x00, 0x00, 0x00, 0x00, 0x00, 0x00,
    0x00, 0x00, 0x00, 0x00, 0x00, 0x00, 0x00, 0x00, 0x00, 0x00, 0x00, 0x00,
    0x00, 0x00, 0x00, 0x00, 0x00, 0x00, 0x00, 0x00, 0x00, 0x00, 0x00, 0x00,
    0x00, 0x00, 0x00, 0x00, 0x00, 0x00, 0x00, 0x00, 0x00, 0x00, 0x00, 0x00,
    0x00, 0x00, 0x00, 0x00, 0x00, 0x00, 0x00, 0x00, 0x00, 0x00, 0x00, 0x00,
    0x00, 0x00, 0x00, 0x00, 0x00, 0x00, 0x00, 0x00, 0x00, 0x00, 0x00, 0x00,
    0x00, 0x00, 0x00, 0x00, 0x00, 0x00, 0x00, 0x00, 0x00, 0x00, 0x00, 0x00,
    0x00, 0x00, 0x00, 0x00, 0x00, 0x00, 0x00, 0x00, 0x00, 0x00, 0x00, 0x00,
    0x00, 0x00, 0x00, 0x00, 0x00, 0x00, 0x00, 0x00, 0x00, 0x00, 0x00, 0x00,
    0x00, 0x00, 0x00, 0x00, 0x00, 0x00, 0x00, 0x00, 0x00, 0x00, 0x00, 0x00,
    0x00, 0x00, 0x00, 0x00, 0x00, 0x00, 0x00, 0x00, 0x00, 0x00, 0x00, 0x00,
    0x00, 0x00, 0x00, 0x00, 0x00, 0x00, 0x00, 0x00, 0x00, 0x00, 0x00, 0x00,
    0x00, 0x00, 0x00, 0x00, 0x00, 0x00, 0x00, 0x00, 0x00, 0x00, 0x00, 0x00,
    0x00, 0x00, 0x00, 0x00, 0x00, 0x00, 0x00, 0x00, 0x00, 0x00, 0x00, 0x00,
    0x00, 0x00, 0x00, 0x00, 0x00, 0x00, 0x00, 0x00, 0x00, 0x00, 0x00, 0x00,
    0x00, 0x00, 0x00, 0x00, 0x00, 0x00, 0x00, 0x00, 0x00, 0x00, 0x00, 0x00,
    0x00, 0x00, 0x00, 0x00, 0x00, 0x00, 0x00, 0x00, 0x00, 0x00, 0x00, 0x00,
    0x00, 0x00, 0x00, 0x00, 0x00, 0x00, 0x00, 0x00, 0x00, 0x00, 0x00, 0x00,
    0x00, 0x00, 0x00, 0x00, 0x00, 0x00, 0x00, 0x00, 0x00, 0x08, 0x00, 0x00,
    0x00, 0x00, 0x00, 0x00, 0x00, 0x00, 0x00, 0x00, 0x00, 0x00, 0x00, 0x00,
    0x00, 0x00, 0x00, 0x00, 0x00, 0x00, 0x00, 0x00, 0x00, 0x00, 0x00, 0x00,
    0x00, 0x08, 0x06, 0x00, 0x00, 0x00, 0x00, 0x00, 0x00, 0x00, 0x00, 0x00,
    0x00, 0x00, 0x00, 0x00, 0x00, 0x00, 0x00, 0x00, 0x00, 0x00, 0x00, 0x00,
    0x00, 0x00, 0x00, 0x00, 0x00, 0x08, 0x06, 0x00, 0x00, 0x00, 0x00, 0x00,
    0x00, 0x00, 0x00, 0x00, 0x00, 0x00, 0x00, 0x00, 0x00, 0x00, 0x00, 0x00,
    0x00, 0x00, 0x00, 0x00, 0x00, 0x00, 0x00, 0x00, 0x00, 0x08, 0x0E, 0x00,
    0x00, 0x00, 0x00, 0x00, 0x00, 0x00, 0x00, 0x00, 0x00, 0x00, 0x00, 0x00,
    0x00, 0x00, 0x00, 0x00, 0x00, 0x00, 0x00, 0x00, 0x00, 0x00, 0x00, 0x00,
    0x00, 0x08, 0x0C, 0x00, 0x00, 0x00, 0x00, 0x00, 0x00, 0x00, 0x00, 0x00,
    0x00, 0x00, 0x00, 0x00, 0x00, 0x00, 0x00, 0x00, 0x00, 0x00, 0x00, 0x00,
    0x00, 0x00, 0x00, 0x00, 0x30, 0x08, 0x0C, 0x00, 0x00, 0x00, 0x00, 0x00,
    0x00, 0x00, 0x00, 0x00, 0x00, 0x00, 0x00, 0x00, 0x00, 0x00, 0x00, 0x00,
    0x00, 0x00, 0x00, 0x00, 0x00, 0x00, 0x00, 0x00, 0x18, 0x00, 0x00, 0x04,
    0x00, 0x00, 0x00, 0x00, 0x00, 0x00, 0x00, 0x00, 0x00, 0x00, 0x00, 0x00,
    0x00, 0x00, 0x00, 0x00, 0x00, 0x00, 0x00, 0x00, 0x00, 0x00, 0x00, 0x00,
    0x1C, 0x00, 0x00, 0x1C, 0x00, 0x00, 0x00, 0x00, 0x00, 0x00, 0x00, 0x00,
    0x00, 0x00, 0x00, 0x00, 0x00, 0x00, 0x00, 0x00, 0x00, 0x00, 0x00, 0x00,
    0x00, 0x00, 0x00, 0x00, 0x0C, 0x00, 0x00, 0x38, 0x00, 0x00, 0x00, 0x00,
    0x00, 0x00, 0x00, 0x00, 0x00, 0x00, 0x00, 0x00, 0x00, 0x00, 0x00, 0x00,
    0x00, 0x00, 0x00, 0x00, 0x00, 0x00, 0x00, 0x00, 0x00, 0x0F, 0xF0, 0x30,
    0x00, 0x00, 0x00, 0x00, 0x00, 0x00, 0x00, 0x00, 0x00, 0x00, 0x00, 0x00,
    0x00, 0x00, 0x00, 0x00, 0x00, 0x00, 0x00, 0x00, 0x00, 0x00, 0x00, 0x00,
    0x00, 0x38, 0x3C, 0x00, 0x00, 0x00, 0x00, 0x00, 0x00, 0x00, 0x00, 0x00,
    0x00, 0x00, 0x00, 0x00, 0x00, 0x00, 0x00, 0x00, 0x00, 0x00, 0x00, 0x00,
    0x00, 0x00, 0x00, 0x00, 0x00, 0x40, 0x0E, 0x00, 0x00, 0x00, 0x00, 0x00,
    0x00, 0x00, 0x00, 0x00, 0x00, 0x00, 0x00, 0x00, 0x00, 0x00, 0x00, 0x00,
    0x00, 0x00, 0x00, 0x00, 0x00, 0x00, 0x00, 0x00, 0x00, 0x80, 0x03, 0x00,
    0x00, 0x00, 0x00, 0x00, 0x00, 0x00, 0x00, 0x00, 0x00, 0x00, 0x00, 0x00,
    0x00, 0x00, 0x00, 0x00, 0x00, 0x00, 0x00, 0x00, 0x00, 0x00, 0x00, 0x01,
    0xC1, 0x00, 0x01, 0x80, 0x00, 0x00, 0x00, 0x00, 0x00, 0x00, 0x00, 0x00,
    0x00, 0x00, 0x00, 0x00, 0x00, 0x00, 0x00, 0x00, 0x00, 0x00, 0x00, 0x00,
    0x00, 0x00, 0x00, 0x03, 0xE2, 0x00, 0x00, 0x80, 0x00, 0x00, 0x00, 0x00,
    0x00, 0x00, 0x00, 0x00, 0x00, 0x00, 0x00, 0x00, 0x00, 0x00, 0x00, 0x00,
    0x00, 0x00, 0x00, 0x00, 0x00, 0x00, 0x00, 0x00, 0x02, 0x00, 0x00, 0xC3,
    0x80, 0x00, 0x00, 0x00, 0x00, 0x00, 0x00, 0x00, 0x00, 0x00, 0x00, 0x00,
    0x00, 0x00, 0x00, 0x00, 0x00, 0x00, 0x00, 0x00, 0x00, 0x00, 0x00, 0x00,
    0x04, 0x00, 0x00, 0xC7, 0x80, 0x00, 0x00, 0x00, 0x00, 0x00, 0x00, 0x00,
    0x00, 0x00, 0x00, 0x00, 0x00, 0x00, 0x00, 0x00, 0x00, 0x00, 0x00, 0x00,
    0x00, 0x00, 0x00, 0x00, 0x04, 0x00, 0x00, 0x40, 0x00, 0x00, 0x00, 0x00,
    0x00, 0x00, 0x00, 0x00, 0x00, 0x00, 0x00, 0x00, 0x00, 0x00, 0x00, 0x00,
    0x00, 0x00, 0x00, 0x00, 0x00, 0x00, 0x00, 0x00, 0x00, 0x00, 0x00, 0x40,
    0x00, 0x00, 0x00, 0x00, 0x00, 0x00, 0x00, 0x00, 0x00, 0x00, 0x00, 0x00,
    0x00, 0x00, 0x00, 0x00, 0x00, 0x00, 0x00, 0x00, 0x00, 0x00, 0x00, 0x00,
    0x00, 0x00, 0x00, 0x40, 0x00, 0x00, 0x00, 0x00, 0x00, 0x00, 0x40, 0x00,
    0x00, 0x00, 0x00, 0x00, 0x00, 0x00, 0x00, 0x00, 0x00, 0x01, 0x00, 0x00,
    0x00, 0xE0, 0x07, 0x80, 0x00, 0x00, 0x00, 0x40, 0x00, 0x00, 0x00, 0x00,
    0x00, 0x00, 0xC0, 0x00, 0x00, 0x00, 0x00, 0x00, 0x00, 0x00, 0x00, 0x00,
    0x00, 0x03, 0x80, 0x00, 0x00, 0xF0, 0x0F, 0x80, 0x00, 0x00, 0x00, 0x40,
    0x00, 0x00, 0x00, 0x00, 0x00, 0x01, 0xE0, 0x00, 0x00, 0x00, 0x00, 0x00,
    0x00, 0x00, 0x00, 0x00, 0x00, 0x03, 0xC0, 0x00, 0x01, 0xF0, 0x0F, 0x80,
    0x00, 0x00, 0x00, 0x00, 0x60, 0x00, 0x00, 0x00, 0x00, 0x01, 0xE0, 0x00,
    0x00, 0x00, 0x00, 0x00, 0x00, 0x00, 0x00, 0x00, 0x00, 0x03, 0xC0, 0x00,
    0x01, 0xF0, 0x1F, 0x80, 0x00, 0x00, 0x00, 0x00, 0x70, 0x00, 0x00, 0x00,
    0x00, 0x01, 0xE0, 0x00, 0x00, 0x00, 0x00, 0x00, 0x00, 0x00, 0x00, 0x00,
    0x00, 0x03, 0xC4, 0x00, 0x01, 0xF8, 0x1F, 0x80, 0x00, 0x00, 0x00, 0x00,
    0x70, 0x00, 0x00, 0x00, 0x00, 0x01, 0xC0, 0x00, 0x00, 0x00, 0x00, 0x00,
    0x00, 0x00, 0x00, 0x00, 0x00, 0x01, 0xC4, 0x00, 0x03, 0xF8, 0x3F, 0xC0,
    0x00, 0x00, 0x00, 0x00, 0xF0, 0x00, 0x00, 0x00, 0x00, 0x01, 0xC0, 0x00,
    0x00, 0x00, 0x00, 0x00, 0x00, 0x00, 0x00, 0x00, 0x00, 0x00, 0xCC, 0x00,
    0x03, 0xBC, 0x3B, 0xC0, 0x00, 0x00, 0x00, 0x00, 0xF0, 0x00, 0x00, 0x00,
    0x00, 0x11, 0x80, 0x00, 0x00, 0x00, 0x00, 0x00, 0x00, 0x00, 0x00, 0x00,
    0x00, 0x00, 0xCC, 0x00, 0x03, 0xBC, 0x7B, 0xC0, 0x00, 0x00, 0x00, 0x00,
    0xE0, 0x00, 0x00, 0x00, 0x00, 0x31, 0x00, 0x00, 0x00, 0x00, 0x00, 0x00,
    0x00, 0x00, 0x00, 0x00, 0x00, 0x00, 0x48, 0x00, 0x03, 0x9C, 0x73, 0xC0,
    0x00, 0x00, 0x00, 0x00, 0xE0, 0x00, 0x00, 0x00, 0x00, 0x3A, 0x00, 0x00,
    0x00, 0x00, 0x00, 0x00, 0x00, 0x00, 0x00, 0x00, 0x00, 0x00, 0x00, 0x00,
    0x03, 0x9E, 0xF3, 0xC0, 0x00, 0x10, 0x00, 0x00, 0xE0, 0x08, 0x00, 0x00,
    0x00, 0x18, 0x00, 0x00, 0x00, 0x00, 0x00, 0x00, 0x00, 0x00, 0x00, 0x00,
    0x00, 0x07, 0xA0, 0x20, 0x03, 0x9E, 0xE3, 0xC0, 0xF8, 0x38, 0xC0, 0x1F,
    0xE0, 0x3E, 0x06, 0x06, 0x02, 0x09, 0xF0, 0x00, 0x00, 0x00, 0x00, 0x00,
    0x00, 0x00, 0x00, 0x00, 0x00, 0x07, 0xD0, 0x60, 0x07, 0x8F, 0xE3, 0xC1,
    0xFC, 0x3B, 0xF0, 0x3F, 0xE0, 0xFF, 0x06, 0x0E, 0x03, 0x0B, 0xE0, 0x00,
    0x00, 0x00, 0x00, 0x00, 0x00, 0x00, 0x00, 0x00, 0x00, 0x03, 0xF8, 0x70,
    0x07, 0x8F, 0xC3, 0xC3, 0xDE, 0x3F, 0xF0, 0x7B, 0xE0, 0xE3, 0x86, 0x0E,
    0x03, 0x0F, 0xC0, 0x00, 0x00, 0x00, 0x00, 0x00, 0x00, 0x00, 0x00, 0x00,
    0x00, 0x01, 0xF8, 0xF0, 0x07, 0x87, 0xC3, 0xC3, 0x8E, 0x3F, 0x70, 0xF1,
    0xE1, 0xC3, 0x86, 0x0E, 0x03, 0x18, 0x00, 0x00, 0x00, 0x00, 0x00, 0x00,
    0x00, 0x00, 0x00, 0x00, 0x00, 0x00, 0x0C, 0xF0, 0x07, 0x87, 0x83, 0xC7,
    0x07, 0x3E, 0x38, 0xE0, 0xE3, 0xC7, 0x8E, 0x1E, 0x03, 0x30, 0x00, 0x00,
    0x00, 0x00, 0x00, 0x00, 0x00, 0x00, 0x00, 0x00, 0x00, 0x00, 0x06, 0xF0,
    0x07, 0x03, 0x81, 0xC7, 0x07, 0x3C, 0x38, 0xE0, 0xE3, 0x87, 0x8E, 0x1E,
    0x01, 0x60, 0x00, 0x00, 0x00, 0x00, 0x00, 0x00, 0x00, 0x00, 0x00, 0x00,
    0x00, 0x00, 0x02, 0x60, 0x07, 0x00, 0x01, 0xC7, 0x07, 0x3C, 0x39, 0xC1,
    0xE3, 0x8F, 0x8E, 0x1E, 0x01, 0x40, 0x00, 0x00, 0x00, 0x00, 0x00, 0x00,
    0x00, 0x00, 0x00, 0x00, 0x00, 0x00, 0x01, 0x60, 0x07, 0x00, 0x01, 0xE7,
    0x0F, 0x3C, 0x39, 0xC1, 0xE3, 0x8F, 0x86, 0x3E, 0x01, 0x3E, 0x00, 0x00,
    0x00, 0x00, 0x00, 0x00, 0x00, 0x00, 0x00, 0x00, 0x00, 0x00, 0x7E, 0xE0,
    0x07, 0x00, 0x01, 0xE7, 0x0E, 0x38, 0x39, 0xE3, 0xE3, 0x9F, 0x87, 0x7E,
    0x03, 0xFF, 0x00, 0x00, 0x00, 0x00, 0x00, 0x00, 0x00, 0x00, 0x00, 0x00,
    0x00, 0x00, 0x7F, 0x60, 0x07, 0x00, 0x01, 0xE7, 0x9E, 0x38, 0x38, 0xFF,
    0xF3, 0xFF, 0xA7, 0xFE, 0x07, 0xFE, 0x00, 0x00, 0x00, 0x00, 0x00, 0x00,
    0x00, 0x00, 0x00, 0x00, 0x00, 0x00, 0x3F, 0xF0, 0x07, 0x00, 0x01, 0xE3,
    0xFC, 0x38, 0x3E, 0xFF, 0x7B, 0xFB, 0xF3, 0xEE, 0x08, 0xFC, 0x00, 0x00,
    0x00, 0x00, 0x00, 0x00, 0x00, 0x00, 0x00, 0x00, 0x00, 0x00, 0x0C, 0x0C,
    0x07, 0x00, 0x01, 0xE1, 0xF8, 0x38, 0x1C, 0x7C, 0x79, 0xF1, 0xE1, 0x9E,
    0x00, 0x00, 0x00, 0x00, 0x00, 0x00, 0x00, 0x00, 0x00, 0x00, 0x00, 0x00,
    0x00, 0x00, 0x00, 0x00, 0x07, 0x00, 0x01, 0xE0, 0x60, 0x10, 0x08, 0x00,
    0x30, 0x00, 0x00, 0x1E, 0x00, 0x00, 0x00, 0x00, 0x00, 0x00, 0x00, 0x00,
    0x00, 0x00, 0x00, 0x00, 0x00, 0x00, 0x00, 0x00, 0x07, 0x00, 0x00, 0xC0,
    0x00, 0x00, 0x00, 0x00, 0x00, 0x00, 0x00, 0x1C, 0x00, 0x00, 0x00, 0x00,
    0x00, 0x00, 0x00, 0x00, 0x00, 0x00, 0x00, 0x00, 0x00, 0x00, 0x00, 0x00,
    0x00, 0x00, 0x00, 0x00, 0x00, 0x00, 0x00, 0x00, 0x00, 0x00, 0x00, 0x1C,
    0x00, 0x00, 0x00, 0x00, 0x00, 0x00, 0x00, 0x00, 0x00, 0x00, 0x00, 0x00,
    0x00, 0x00, 0x00, 0x00, 0x00, 0x00, 0x00, 0x00, 0x00, 0x00, 0x00, 0x00,
    0x00, 0x00, 0x00, 0x3C, 0x00, 0x00, 0x00, 0x00, 0x00, 0x00, 0x00, 0x00,
    0x00, 0x00, 0x00, 0x00, 0x00, 0x00, 0x00, 0x00, 0x00, 0x00, 0x00, 0x00,
    0x00, 0x00, 0x00, 0x00, 0x00, 0x00, 0x00, 0x3C, 0x00, 0x00, 0x00, 0x00,
    0x00, 0x00, 0x00, 0x00, 0x00, 0x00, 0x00, 0x00, 0x00, 0x00, 0x00, 0x00,
    0x00, 0x00, 0x00, 0x00, 0x00, 0x00, 0x00, 0x00, 0x00, 0x00, 0x08, 0x78,
    0x00, 0x00, 0x00, 0x00, 0x00, 0x00, 0x00, 0x00, 0x00, 0x00, 0x00, 0x00,
    0x00, 0x00, 0x00, 0x00, 0x00, 0x00, 0x00, 0x00, 0x03, 0xFF, 0xFF, 0xFF,
    0xE0, 0x00, 0x1F, 0xF8, 0x00, 0x00, 0x00, 0x00, 0x00, 0x00, 0x00, 0x00,
    0x00, 0x00, 0x00, 0x00, 0x00, 0x00, 0x00, 0x00, 0x00, 0x00, 0x00, 0x1F,
    0xFF, 0xFF, 0xFF, 0xFF, 0xFE, 0x30, 0x1F, 0xF0, 0x00, 0x00, 0x00, 0x00,
    0x00, 0x00, 0x00, 0x00, 0x00, 0x00, 0x00, 0x00, 0x00, 0x00, 0x00, 0x00,
    0x00, 0x00, 0x00, 0xFF, 0x00, 0x00, 0x00, 0x00, 0x00, 0x30, 0x0F, 0xE0,
    0x00, 0x00, 0x00, 0x00, 0x00, 0x00, 0x00, 0x00, 0x00, 0x00, 0x00, 0x00,
    0x00, 0x00, 0x00, 0x00, 0x00, 0x00, 0x00, 0x00, 0x00, 0x00, 0x00, 0x00,
    0x00, 0x00, 0x03, 0x80, 0x00, 0x00, 0x00, 0x00, 0x00, 0x00, 0x00, 0x00,
    0x00, 0x00, 0x00, 0x00, 0x00, 0x00, 0x00, 0x00, 0x00, 0x00, 0x00, 0x00,
    0x00, 0x00, 0x00, 0x00, 0x00, 0x00, 0x00, 0x00, 0x00, 0x00, 0x00, 0x00,
    0x00, 0x00, 0x00, 0x00, 0x00, 0x00, 0x00, 0x00, 0x00, 0x00, 0x00, 0x00,
    0x00, 0x00, 0x00, 0x00, 0x00, 0x00, 0x00, 0x00, 0x00, 0x00, 0x00, 0x00,
    0x00, 0x00, 0x00, 0x00, 0x00, 0x00, 0x00, 0x00, 0x00, 0x00, 0x00, 0x00,
    0x00, 0x00, 0x00, 0x00, 0x00, 0x00, 0x00, 0x00, 0x00, 0x00, 0x00, 0x00,
    0x00, 0x00, 0x00, 0x00, 0x00, 0x00, 0x00, 0x00, 0x00, 0x00, 0x00, 0x00,
    0x00, 0x00, 0x00, 0x00, 0x00, 0x00, 0x00, 0x00, 0x00, 0x00, 0x00, 0x00,
    0x00, 0x00, 0x00, 0x00, 0x00, 0x00, 0x00, 0x00, 0x00, 0x00, 0x00, 0x00,
    0x00, 0x00, 0x00, 0x00, 0x00, 0x00, 0x00, 0x00, 0x00, 0x00, 0x00, 0x00,
    0x00, 0x00, 0x00, 0x00, 0x00, 0x00, 0x00, 0x00, 0x00, 0x00, 0x00, 0x00,
    0x00, 0x00, 0x00, 0x00, 0x00, 0x00, 0x00, 0x00, 0x00, 0x00, 0x00, 0x00,
    0x00, 0x00, 0x00, 0x00, 0x00, 0x00, 0x00, 0x00, 0x00, 0x00, 0x00, 0x00,
    0x00, 0x00, 0x00, 0x00, 0x00, 0x00, 0x00, 0x00, 0x00, 0x00, 0x00, 0x00,
    0x00, 0x18, 0x00, 0x00, 0x00, 0x00, 0x00, 0x00, 0x0F, 0xFF, 0xFE, 0x00,
    0x00, 0x60, 0x0C, 0x00, 0x00, 0x00, 0x00, 0x00, 0x00, 0x00, 0x00, 0x00,
    0x00, 0x00, 0x00, 0x00, 0x00, 0x1B, 0x00, 0x00, 0x00, 0x00, 0x00, 0x0F,
    0xFF, 0xFF, 0xFF, 0x80, 0x00, 0x70, 0x1E, 0x03, 0xFF, 0x00, 0x00, 0x00,
    0x00, 0x00, 0x00, 0x00, 0x00, 0x00, 0x00, 0x00, 0x00, 0x1E, 0x00, 0x00,
    0x00, 0x00, 0x00, 0x1F, 0xFF, 0xFF, 0xFF, 0xC0, 0x00, 0xF8, 0x1E, 0x07,
    0xFF, 0xC0, 0x00, 0x00, 0x00, 0x00, 0x00, 0x00, 0x00, 0x00, 0x00, 0x00,
    0x07, 0xDE, 0x00, 0x64, 0x00, 0x00, 0x00, 0x1F, 0xFF, 0xFF, 0xFF, 0xC0,
    0x00, 0xF0, 0x1E, 0x0F, 0xFF, 0xE0, 0x00, 0x00, 0x00, 0x00, 0x00, 0x00,
    0x00, 0x00, 0x00, 0x00, 0x07, 0xFF, 0x18, 0x7F, 0x80, 0x00, 0x00, 0x1F,
    0xF8, 0x00, 0x07, 0xC0, 0x00, 0xF8, 0x1F, 0x0F, 0xFF, 0xE0, 0x00, 0x00,
    0x00, 0x00, 0x00, 0x00, 0x00, 0x00, 0x00, 0x00, 0x03, 0xFF, 0xF0, 0x3F,
    0xC0, 0x00, 0x00, 0x3E, 0x00, 0x00, 0x03, 0xC0, 0x0F, 0xFF, 0xFF, 0xCF,
    0xCF, 0xF0, 0x00, 0x00, 0x00, 0x00, 0x00, 0x00, 0x00, 0x00, 0x00, 0x00,
    0x0F, 0xFF, 0xF2, 0x1E, 0xC0, 0x00, 0x00, 0x3E, 0x00, 0x00, 0x03, 0xC0,
    0x0F, 0xFF, 0xFF, 0xEF, 0x01, 0xF0, 0x00, 0x00, 0x00, 0x00, 0x00, 0x00,
    0x00, 0x00, 0x00, 0x00, 0x1F, 0xFF, 0xFF, 0x1E, 0x00, 0x00, 0x00, 0x3F,
    0xFF, 0xFF, 0xFF, 0xC0, 0x0F, 0xFF, 0xFF, 0xEF, 0x81, 0xF0, 0x00, 0x00,
    0x00, 0x00, 0x00, 0x00, 0x00, 0x00, 0x00, 0x00, 0x3F, 0xFF, 0xFF, 0x3F,
    0x00, 0x00, 0x00, 0x3F, 0xFF, 0xFF, 0xFF, 0xC0, 0x07, 0xFF, 0xFF, 0xCF,
    0x81, 0xF0, 0x00, 0x00, 0x00, 0x00, 0x00, 0x00, 0x00, 0x00, 0x00, 0x00,
    0x3F, 0xFF, 0xFF, 0xFF, 0x00, 0x00, 0x00, 0x3F, 0xFF, 0xFF, 0xFF, 0xC0,
    0x00, 0xF8, 0x0F, 0x0F, 0x81, 0xF0, 0x00, 0x00, 0x00, 0x00, 0x00, 0x00,
    0x00, 0x00, 0x00, 0x00, 0x3F, 0xFF, 0xFF, 0xFE, 0x03, 0x80, 0x00, 0x3F,
    0xFF, 0xFF, 0xFF, 0xE0, 0x00, 0xF8, 0x1F, 0x0F, 0x81, 0xF0, 0x00, 0x00,
    0x00, 0x00, 0x00, 0x00, 0x00, 0x00, 0x00, 0x00, 0x3F, 0xFF, 0xE7, 0xFE,
    0x7E, 0x00, 0x00, 0x3E, 0x00, 0x00, 0x03, 0xC0, 0x00, 0xF8, 0x0F, 0x0F,
    0x81, 0xF0, 0x00, 0x00, 0x00, 0x00, 0x00, 0x00, 0x00, 0x00, 0x00, 0x00,
    0x1F, 0xFF, 0xE7, 0xFF, 0xFE, 0x00, 0x00, 0x1E, 0x00, 0x00, 0x03, 0xC0,
    0x00, 0xFF, 0xFF, 0x0F, 0xBD, 0xF0, 0x00, 0x00, 0x00, 0x00, 0x00, 0x00,
    0x00, 0x00, 0x00, 0x00, 0x7F, 0xFF, 0xFF, 0xFF, 0xFF, 0xC0, 0x00, 0x1E,
    0x00, 0x00, 0x03, 0xC0, 0x00, 0xFF, 0xFF, 0x0F, 0xFF, 0xF0, 0x00, 0x00,
    0x00, 0x00, 0x00, 0x00, 0x00, 0x00, 0x00, 0x00, 0xFF, 0xFF, 0xFF, 0xFF,
    0xFF, 0xE0, 0x00, 0x1F, 0xFF, 0xFF, 0xFF, 0xC0, 0x00, 0xFF, 0xFF, 0x0F,
    0xFF, 0xF0, 0x00, 0x00, 0x00, 0x00, 0x00, 0x00, 0x00, 0x00, 0x00, 0x00,
    0xFF, 0xFF, 0xFF, 0xFF, 0xFF, 0xF0, 0x00, 0x1F, 0xFF, 0xFF, 0xFF, 0xC0,
    0x00, 0xFF, 0xFF, 0x0F, 0xFF, 0xF0, 0x00, 0x00, 0x00, 0x00, 0x00, 0x00,
    0x00, 0x00, 0x00, 0x00, 0xFF, 0xFF, 0xFF, 0xFF, 0xFF, 0xF0, 0x00, 0x1F,
    0xFF, 0xFF, 0xFF, 0xC0, 0x00, 0xF8, 0x0F, 0x0F, 0xA5, 0xF0, 0x00, 0x00,
    0x00, 0x00, 0x00, 0x00, 0x00, 0x00, 0x00, 0x00, 0xFF, 0xFF, 0xEF, 0xFF,
    0xFF, 0xF0, 0x00, 0x0F, 0xFF, 0xFF, 0xFF, 0x80, 0x00, 0xF8, 0x0F, 0x0F,
    0x80, 0xF0, 0x00, 0x00, 0x00, 0x00, 0x00, 0x00, 0x00, 0x00, 0x00, 0x00,
    0xFF, 0xFF, 0xE1, 0xFF, 0xFF, 0xF0, 0x00, 0x00, 0x00, 0x00, 0x00, 0x00,
    0x00, 0xF8, 0x0F, 0x0F, 0x80, 0xF0, 0x00, 0x00, 0x00, 0x00, 0x00, 0x00,
    0x00, 0x00, 0x00, 0x00, 0xFF, 0xFF, 0xF1, 0xFF, 0xFF, 0xE0, 0x00, 0x03,
    0x80, 0x70, 0x00, 0x00, 0x00, 0xFF, 0xFF, 0x0F, 0x80, 0xF0, 0x00, 0x1F,
    0xFF, 0xFF, 0xF8, 0x00, 0x00, 0x00, 0x00, 0x00, 0xFF, 0xFF, 0xFF, 0xFF,
    0xFF, 0xE0, 0x00, 0x07, 0xC0, 0x78, 0x00, 0x00, 0x00, 0xFF, 0xFF, 0x0F,
    0x80, 0xF0, 0x1F, 0xFF, 0xFF, 0xFF, 0xFE, 0x00, 0x00, 0x00, 0x00, 0x00,
    0xFF, 0xFF, 0xFF, 0xFF, 0xFF, 0xC0, 0x00, 0x07, 0x80, 0x78, 0x00, 0x00,
    0x00, 0xFF, 0xFF, 0x0F, 0x80, 0xF0, 0x3F, 0xFF, 0xFF, 0xFF, 0xFE, 0x00,
    0x00, 0x00, 0x00, 0x00, 0xFF, 0xFF, 0xFF, 0xFF, 0xFD, 0x80, 0x00, 0x0F,
    0xFF, 0xFF, 0xFF, 0x80, 0x00, 0xFA, 0x7F, 0x0F, 0x80, 0xF0, 0x3F, 0xFF,
    0xFF, 0xFF, 0xFE, 0x00, 0x00, 0x00, 0x00, 0x00, 0xFF, 0xFF, 0xDF, 0xFF,
    0xFC, 0xC0, 0x00, 0x1F, 0xFF, 0xFF, 0xFF, 0xC0, 0x00, 0xF8, 0x0F, 0x0F,
    0xFF, 0xF0, 0x1F, 0xFF, 0xFF, 0xFF, 0xFC, 0x00, 0x00, 0x00, 0x00, 0x00,
    0xFF, 0xFF, 0xFF, 0xFF, 0xFF, 0x80, 0x00, 0x1F, 0xFF, 0xFF, 0xFF, 0xC0,
    0x00, 0xF8, 0x0F, 0x0F, 0xFF, 0xF0, 0x00, 0x00, 0x00, 0x00, 0x00, 0x00,
    0x00, 0x00, 0x00, 0x00, 0xFF, 0xFF, 0xFF, 0xFF, 0xFF, 0x08, 0x00, 0x3F,
    0xFF, 0xFF, 0xFF, 0xC0, 0x00, 0x78, 0x0F, 0x0F, 0xFF, 0xF0, 0x00, 0x00,
    0x00, 0x00, 0x00, 0x00, 0x00, 0x00, 0x00, 0x00, 0xFF, 0xFF, 0xFF, 0xFF,
    0xFF, 0x7C, 0x00, 0x7E, 0x00, 0x78, 0x00, 0x00, 0x07, 0xFF, 0xFF, 0xCF,
    0xFF, 0xF0, 0x00, 0x00, 0x00, 0x00, 0x00, 0x00, 0x00, 0x00, 0x00, 0x00,
    0xFF, 0xFF, 0xFF, 0xFF, 0xFF, 0xFC, 0x80, 0x7C, 0x00, 0x78, 0x00, 0x00,
    0x0F, 0xFF, 0xFF, 0xEF, 0x81, 0xF0, 0x00, 0x00, 0x00, 0x00, 0x00, 0x00,
    0x00, 0x00, 0x00, 0x00, 0xFF, 0xFF, 0xFF, 0xFF, 0xFF, 0xE0, 0x40, 0xF8,
    0x00, 0x78, 0x00, 0x00, 0x1F, 0xFF, 0xFF, 0xEF, 0x00, 0xF0, 0x00, 0x00,
    0x00, 0x00, 0x00, 0x00, 0x00, 0x00, 0x00, 0x00, 0xFF, 0xFF, 0xFF, 0xFD,
    0xFF, 0xF0, 0x00, 0x79, 0xFF, 0xFF, 0xFF, 0x00, 0x0F, 0xFF, 0xFF, 0xEF,
    0x00, 0xF0, 0x00, 0x00, 0x00, 0x00, 0x00, 0x00, 0x00, 0x00, 0x00, 0x00,
    0xFF, 0xFF, 0xFF, 0xF8, 0xFF, 0xF3, 0x00, 0x21, 0xFF, 0xFF, 0xFF, 0x80,
    0x00, 0x00, 0x00, 0x0F, 0x00, 0xF0, 0x00, 0x00, 0x00, 0x00, 0x00, 0x00,
    0x00, 0x00, 0x00, 0x00, 0xFF, 0xFF, 0xFF, 0xFC, 0x3F, 0xF1, 0x00, 0x01,
    0xFF, 0xFF, 0xFF, 0x80, 0x00, 0x18, 0x18, 0x0F, 0x00, 0xF0, 0x00, 0x00,
    0x00, 0x00, 0x00, 0x00, 0x00, 0x00, 0x00, 0x00, 0xFF, 0xFF, 0xFF, 0xFF,
    0xFF, 0xFE, 0xE0, 0x01, 0xFF, 0xFF, 0xFF, 0x00, 0x00, 0x3C, 0x3C, 0x0F,
    0x00, 0xF0, 0x00, 0x00, 0x00, 0x00, 0x00, 0x00, 0x00, 0x00, 0x00, 0x00,
    0xFF, 0xFF, 0xFF, 0xFF, 0xFF, 0xFF, 0xF0, 0x00, 0x00, 0x78, 0x00, 0x00,
    0x00, 0x7C, 0x3E, 0x1F, 0x01, 0xF0, 0x00, 0x00, 0x00, 0x00, 0x00, 0x00,
    0x00, 0x00, 0x00, 0x00, 0xFF, 0xFF, 0xFF, 0xBF, 0xFF, 0xFF, 0xF0, 0x00,
    0x00, 0x78, 0x00, 0x00, 0x00, 0xFC, 0x3F, 0x1F, 0x01, 0xF0, 0x00, 0x00,
    0x00, 0x00, 0x00, 0x00, 0x00, 0x00, 0x00, 0x00, 0xFF, 0xFF, 0xFF, 0x7F,
    0xFF, 0xFF, 0xF0, 0x00, 0x00, 0x78, 0x00, 0x00, 0x01, 0xF8, 0x1F, 0x1F,
    0x01, 0xF0, 0x00, 0x00, 0x00, 0x00, 0x00, 0x00, 0x00, 0x00, 0x00, 0x00,
    0xFF, 0xFF, 0xFF, 0xFF, 0xFF, 0xFF, 0xF8, 0x3F, 0xFF, 0xFF, 0xFF, 0xF8,
    0x03, 0xF0, 0x0F, 0x9E, 0x0F, 0xF0, 0x00, 0x00, 0x00, 0x00, 0x00, 0x00,
    0x00, 0x00, 0x00, 0x00, 0xFF, 0xFF, 0xFF, 0xFF, 0xFF, 0xFF, 0xF0, 0xFF,
    0xFF, 0xFF, 0xFF, 0xFE, 0x03, 0xE0, 0x07, 0xBE, 0x1F, 0xF0, 0x00, 0x00,
    0x00, 0x00, 0x00, 0x00, 0x00, 0x00, 0x00, 0x00, 0xFF, 0xFF, 0xFF, 0xFF,
    0xFF, 0xFF, 0xF0, 0xFF, 0xFF, 0xFF, 0xFF, 0xFE, 0x07, 0xC0, 0x07, 0xBE,
    0x1F, 0xE0, 0x00, 0x00, 0x00, 0x00, 0x00, 0x00, 0x00, 0x00, 0x00, 0x00,
    0xFF, 0xFF, 0xFF, 0xFE, 0xFF, 0xFF, 0xF0, 0xFF, 0xFF, 0xFF, 0xFF, 0xFC,
    0x07, 0x80, 0x00, 0x1C, 0x1F, 0xE0, 0x00, 0x00, 0x00, 0x00, 0x00, 0x00,
    0x00, 0x00, 0x00, 0x00, 0xFF, 0xFF, 0xFF, 0xFF, 0x7F, 0xFF, 0xF0, 0x00,
    0x00, 0x00, 0x00, 0x00, 0x03, 0x00, 0x00, 0x00, 0x07, 0xC0, 0x00, 0x00,
    0x00, 0x00, 0x00, 0x00, 0x00, 0x00, 0x00, 0x00, 0xFF, 0xFF, 0xFF, 0xFE,
    0xFF, 0x7F, 0x80, 0x00, 0x00, 0x00, 0x00, 0x00, 0x00, 0x00, 0x00, 0x00,
    0x00, 0x00, 0x00, 0x00, 0x00, 0x00, 0x00, 0x00, 0x00, 0x00, 0x00, 0x00,
    0xFF, 0xFF, 0xFF, 0xFE, 0xFF, 0xFF, 0x80, 0x00, 0x00, 0x00, 0x00, 0x00,
    0x00, 0x00, 0x00, 0x00, 0x00, 0x00, 0x00, 0x00, 0x00, 0x00, 0x00, 0x00,
    0x00, 0x00, 0x00, 0x00, 0xFF, 0xFF, 0xFF, 0xC4, 0x6F, 0xFF, 0xD0, 0x00,
    0x00, 0x00, 0x00, 0x00, 0x00, 0x00, 0x00, 0x00, 0x00, 0x00, 0x00, 0x00,
    0x00, 0x00, 0x00, 0x00, 0x00, 0x00, 0x00, 0x00, 0xFF, 0xFF, 0xFF, 0xA0,
    0x07, 0xF8, 0xC0, 0x00, 0x00, 0x00, 0x00, 0x00, 0x00, 0x00, 0x00, 0x00,
    0x00, 0x00, 0x00, 0x00, 0x00, 0x00, 0x00, 0x00, 0x00, 0x00, 0x00, 0x00,
    0xFF, 0xFF, 0xFF, 0xC0, 0x03, 0xF0, 0x40, 0x00, 0x00, 0x00, 0x00, 0x00,
    0x00, 0x00, 0x00, 0x00, 0x00, 0x00, 0x00, 0x00, 0x00, 0x00, 0x00, 0x00,
    0x00, 0x00, 0x00, 0x00, 0xFF, 0xFF, 0xFF, 0xC0, 0x03, 0xF0, 0x00, 0x00,
    0x00, 0x00, 0x00, 0x00, 0x00, 0x00, 0x00, 0x00, 0x00, 0x00, 0x00, 0x00,
    0x00, 0x00, 0x00, 0x00, 0x00, 0x00, 0x00, 0x00, 0xFF, 0xFF, 0xFF, 0xC3,
    0x0F, 0xF1, 0x80, 0x00, 0x00, 0x00, 0x00, 0x00, 0x00, 0x00, 0x00, 0x00,
    0x00, 0x00, 0x00, 0x00, 0x00, 0x00, 0x00, 0x00, 0x00, 0x00, 0x00, 0x00,
    0xFF, 0xFF, 0xFF, 0xF8, 0x2F, 0x83, 0xB0, 0x00, 0x00, 0x00, 0x00, 0x00,
    0x00, 0x00, 0x00, 0x00, 0x00, 0x00, 0x00, 0x00, 0x00, 0x00, 0x00, 0x00,
    0x00, 0x00, 0x00, 0x00, 0xFF, 0xFF, 0xFF, 0xFB, 0x2F, 0x02, 0x08, 0x00,
    0x00, 0x00, 0x00, 0x00, 0x00, 0x00, 0x00, 0x00, 0x00, 0x00, 0x00, 0x00,
    0x00, 0x00, 0x00, 0x00, 0x00, 0x00, 0x00, 0x00, 0xFF, 0xFF, 0xFF, 0xFF,
    0x3F, 0xC0, 0x1C, 0x00, 0x00, 0x00, 0x00, 0x00, 0x00, 0x00, 0x00, 0x00,
    0x00, 0x00, 0x00, 0x00, 0x00, 0x00, 0x00, 0x00, 0x00, 0x00, 0x00, 0x00,
    0xFF, 0xFF, 0xFF, 0xFF, 0xFF, 0xCC, 0x04, 0x00, 0x00, 0x00, 0x00, 0x00,
    0x00, 0x00, 0x00, 0x00, 0x00, 0x00, 0x00, 0x00, 0x00, 0x00, 0x00, 0x00,
    0x00, 0x00, 0x00, 0x00, 0xFF, 0xFF, 0xFF, 0xFF, 0xFF, 0xFC, 0x1C, 0x80,
    0x00, 0x00, 0x00, 0x00, 0x00, 0x00, 0x00, 0x00, 0x00, 0x00, 0x00, 0x00,
    0x00, 0x00, 0x00, 0x00, 0x00, 0x00, 0x00, 0x00, 0xFF, 0xFF, 0xFF, 0xFF,
    0xFF, 0xBC, 0x1F, 0x80, 0x00, 0x00, 0x00, 0x00, 0x00, 0x00, 0x00, 0x00,
    0x00, 0x00, 0x00, 0x00, 0x00, 0x00, 0x00, 0x00, 0x00, 0x00, 0x00, 0x00,
    0xFF, 0xFF, 0xFF, 0xFF, 0xFF, 0xFF, 0x9F, 0x80, 0x00, 0x00, 0x00, 0x00,
    0x00, 0x00, 0x00, 0x00, 0x00, 0x00, 0x00, 0x00, 0x00, 0x00, 0x00, 0x00,
    0x00, 0x00, 0x00, 0x00, 0xFF, 0xFF, 0xFF, 0xFF, 0xFF, 0xFF, 0xFF, 0x00,
    0x00, 0x00, 0x00, 0x00, 0x00, 0x00, 0x00, 0x00, 0x00, 0x00, 0x00, 0x00,
    0x00, 0x00, 0x00, 0x00, 0x00, 0x00, 0x00, 0x00, 0xFF, 0xFF, 0xFF, 0xFF,
    0xFF, 0xFF, 0xFE, 0x00, 0x00, 0x00, 0x00, 0x00, 0x00, 0x00, 0x00, 0x00,
    0x00, 0x00, 0x00, 0x00, 0x00, 0x00, 0x00, 0x00, 0x00, 0x00, 0x00, 0x00,
    0xFF, 0xFF, 0xFF, 0xFF, 0xFF, 0xFF, 0xFE, 0x00, 0x00, 0x00, 0x00, 0x00,
    0x00, 0x00, 0x00, 0x00, 0x00, 0x00, 0x00, 0x00, 0x00, 0x00, 0x00, 0x00,
    0x00, 0x00, 0x00, 0x00, 0xFF, 0xFF, 0xFF, 0xFF, 0xFF, 0xFF, 0xFF, 0x80,
    0x00, 0x00, 0x00, 0x00, 0x00, 0x00, 0x00, 0x00, 0x00, 0x00, 0x00, 0x00,
    0x00, 0x00, 0x00, 0x00, 0x00, 0x00, 0x00, 0x00, 0xFF, 0xFF, 0xFF, 0xFF,
    0xFE, 0x1F, 0xFF, 0x80, 0x00, 0x00, 0x00, 0x00, 0x00, 0x00, 0x00, 0x00,
    0x00, 0x00, 0x00, 0x00, 0x00, 0x00, 0x00, 0x00, 0x00, 0x00, 0x00, 0x00,
    0xFF, 0xFF, 0xFF, 0xFF, 0xFE, 0xBF, 0xFF, 0x00, 0x00, 0x00, 0x00, 0x00,
    0x00, 0x00, 0x00, 0x00, 0x00, 0x00, 0x00, 0x00, 0x00, 0x00, 0x00, 0x00,
    0x00, 0x00, 0x00, 0x00, 0xFF, 0xFF, 0xFF, 0xFF, 0xFF, 0x7F, 0xFF, 0x98,
    0x00, 0x00, 0x00, 0x00, 0x00, 0x00, 0x00, 0x00, 0x00, 0x00, 0x00, 0x00,
    0x00, 0x00, 0x00, 0x00, 0x00, 0x00, 0x00, 0x00, 0xFF, 0xFF, 0xFF, 0xFF,
    0xFF, 0xFF, 0xFF, 0xF8, 0x00, 0x00, 0x00, 0x00, 0x00, 0x00, 0x00, 0x00,
    0x00, 0x00, 0x00, 0x00, 0x00, 0x00, 0x00, 0x00, 0x00, 0x00, 0x00, 0x00,
    0xFF, 0xFF, 0xFF, 0xFF, 0xFF, 0xFF, 0xFF, 0xF8, 0x00, 0x00, 0x00, 0x00,
    0x00, 0x00, 0x00, 0x00, 0x00, 0x00, 0x00, 0x00, 0x00, 0x00, 0x00, 0x00,
    0x00, 0x00, 0x00, 0x00, 0xFF, 0xFF, 0xFF, 0xFF, 0xFF, 0x07, 0xFF, 0xFC,
    0x00, 0x00, 0x00, 0x00, 0x00, 0x00, 0x00, 0x00, 0x00, 0x00, 0x00, 0x00,
    0x00, 0x00, 0x00, 0x00, 0x00, 0x00, 0x00, 0x00, 0xFF, 0xFF, 0xFF, 0xFF,
    0xFE, 0x03, 0xFF, 0xFC, 0x00, 0x00, 0x00, 0x00, 0x00, 0x00, 0x00, 0x00,
    0x00, 0x00, 0x00, 0x00, 0x00, 0x00, 0x00, 0x00, 0x00, 0x00, 0x00, 0x00,
    0xFF, 0xFF, 0xFF, 0xFF, 0xFE, 0x07, 0xFF, 0xF8, 0x00, 0x00, 0x00, 0x00,
    0x00, 0x00, 0x00, 0x00, 0x00, 0x00, 0x00, 0x00, 0x00, 0x00, 0x00, 0x00,
    0x00, 0x00, 0x00, 0x00, 0xFF, 0xFF, 0xFF, 0xFF, 0xFE, 0x0F, 0xFF, 0xF0,
    0x00, 0x00, 0x00, 0x00, 0x00, 0x00, 0x00, 0x00, 0x00, 0x00, 0x00, 0x00,
    0x00, 0x00, 0x00, 0x00, 0x00, 0x00, 0x00, 0x00, 0xFF, 0xFF, 0xFF, 0xFF,
    0xF7, 0xBF, 0xFF, 0xF8, 0x00, 0x00, 0x00, 0x00, 0x00, 0x00, 0x00, 0x00,
    0x00, 0x00, 0x00, 0x00, 0x00, 0x00, 0x00, 0x00, 0x00, 0x00, 0x00, 0x00,
    0xFF, 0xFF, 0xFF, 0xFF, 0x6B, 0xFF, 0xFE, 0xF1, 0x00, 0x00, 0x00, 0x00,
    0x00, 0x00, 0x00, 0x00, 0x00, 0x00, 0x00, 0x00, 0x00, 0x00, 0x00, 0x00,
    0x00, 0x00, 0x00, 0x00, 0xFF, 0xFF, 0xFF, 0xFF, 0xEF, 0xFF, 0xFF, 0xC3,
    0x80, 0x00, 0x00, 0x00, 0x00, 0x00, 0x00, 0x00, 0x00, 0x00, 0x00, 0x00,
    0x00, 0x00, 0x00, 0x00, 0x00, 0x00, 0x00, 0x00, 0xFF, 0xFF, 0xFF, 0xFF,
    0xCF, 0xFF, 0xFF, 0xC3, 0x80, 0x00, 0x00, 0x00, 0x00, 0x00, 0x00, 0x00,
    0x00, 0x00, 0x00, 0x00, 0x00, 0x00, 0x00, 0x00, 0x00, 0x00, 0x00, 0x00,
    0xFF, 0xFF, 0xFF, 0xFF, 0xFF, 0xFF, 0xFF, 0xD8, 0x00, 0x00, 0x00, 0x00,
    0x00, 0x00, 0x00, 0x00, 0x00, 0x00, 0x00, 0x00, 0x00, 0x00, 0x00, 0x00,
    0x00, 0x00, 0x00, 0x00, 0xFF, 0xFF, 0xFF, 0xFF, 0xFF, 0xFF, 0xFF, 0x88,
    0x80, 0x00, 0x00, 0x00, 0x00, 0x00, 0x00, 0x00, 0x00, 0x00, 0x00, 0x00,
    0x00, 0x00, 0x00, 0x00, 0x00, 0x00, 0x00, 0x00, 0xFF, 0xFF, 0xFF, 0xFF,
    0xFF, 0xFF, 0xFF, 0x81, 0xD0, 0x00, 0x00, 0x00, 0x00, 0x00, 0x00, 0x00,
    0x00, 0x00, 0x00, 0x00, 0x00, 0x00, 0x00, 0x00, 0x00, 0x00, 0x00, 0x00,
    0xFF, 0xFF, 0xFF, 0xFF, 0xFF, 0xFF, 0xFF, 0xCE, 0x18, 0x00, 0x00, 0x00,
    0x00, 0x00, 0x00, 0x00, 0x00, 0x00, 0x00, 0x00, 0x00, 0x00, 0x00, 0x00,
    0x00, 0x00, 0x03, 0x80, 0xFF, 0xFF, 0xFF, 0xFF, 0xFF, 0xFF, 0xFF, 0xEE,
    0x18, 0x00, 0x00, 0x00, 0x00, 0x00, 0x00, 0x00, 0x00, 0x00, 0x00, 0x00,
    0x00, 0x00, 0x00, 0x00, 0x00, 0x00, 0x0B, 0xD0, 0xFF, 0xFF, 0xFF, 0xFF,
    0xFF, 0xFF, 0xFF, 0x04, 0x20, 0x00, 0x00, 0x00, 0x00, 0x00, 0x00, 0x00,
    0x00, 0x00, 0x00, 0x00, 0x00, 0x00, 0x00, 0x00, 0x00, 0x00, 0x0F, 0xD0,
    0xFF, 0xFF, 0xFF, 0xFF, 0xFF, 0xFF, 0xFF, 0xE0, 0x60, 0x00, 0x00, 0x00,
    0x00, 0x00, 0x00, 0x00, 0x00, 0x00, 0x00, 0x00, 0x00, 0x00, 0x00, 0x00,
    0x00, 0x78, 0x0F, 0xF0, 0xFF, 0xFF, 0xFF, 0xFF, 0xFF, 0xFF, 0xFF, 0xE8,
    0x60, 0x00, 0x00, 0x00, 0x00, 0x00, 0x00, 0x00, 0x00, 0x00, 0x00, 0x00,
    0x00, 0x00, 0x00, 0x00, 0x00, 0x7B, 0x3F, 0xF0, 0xFF, 0xFF, 0xFF, 0xFF,
    0xFF, 0xFF, 0xFF, 0xDC, 0xC4, 0x00, 0x00, 0x00, 0x00, 0x00, 0x00, 0x00,
    0x00, 0x00, 0x00, 0x00, 0x00, 0x00, 0x00, 0x00, 0x00, 0x77, 0xBF, 0xF0,
    0xFF, 0xFF, 0xFF, 0xFF, 0xFF, 0xFF, 0xFF, 0xFF, 0xC0, 0x00, 0x00, 0x00,
    0x00, 0x00, 0x00, 0x00, 0x00, 0x00, 0x00, 0x00, 0x00, 0x00, 0x00, 0x00,
    0x79, 0xF7, 0xBF, 0xF0, 0xF3, 0xFF, 0xFF, 0xFF, 0xFF, 0xFF, 0xFF, 0xFF,
    0x00, 0x00, 0x00, 0x00, 0x00, 0x00, 0x00, 0x00, 0x00, 0x00, 0x00, 0x00,
    0x00, 0x00, 0x00, 0x40, 0x7D, 0xE7, 0xFF, 0xF0, 0xFB, 0xFF, 0xFF, 0xFF,
    0xFF, 0xFF, 0xFF, 0xF7, 0x30, 0x00, 0x00, 0x00, 0x00, 0x00, 0x00, 0x00,
    0x00, 0x00, 0x00, 0x00, 0x00, 0x00, 0x00, 0x10, 0x7F, 0xFF, 0xFF, 0x80,
    0xDB, 0xFD, 0xFF, 0xFF, 0xFF, 0xFF, 0xFF, 0xFF, 0x80, 0x00, 0x00, 0x00,
    0x00, 0x00, 0x00, 0x00, 0x00, 0x00, 0x00, 0x00, 0x00, 0x02, 0x01, 0x91,
    0xFF, 0xFF, 0xFF, 0xC0, 0xEB, 0xFD, 0xFF, 0xFF, 0xFF, 0xFF, 0xFF, 0xFB,
    0x80, 0x00, 0x00, 0x00, 0x00, 0x00, 0x00, 0x00, 0x00, 0x00, 0x00, 0x00,
    0x00, 0x01, 0x00, 0x07, 0xFF, 0xFF, 0xFF, 0xC0, 0xE3, 0xFD, 0xFF, 0xFF,
    0xFF, 0xFF, 0xFF, 0xF9, 0x80, 0x00, 0x00, 0x00, 0x00, 0x00, 0x00, 0x00,
    0x00, 0x00, 0x00, 0x00, 0x00, 0xC0, 0x00, 0x77, 0xFC, 0x00, 0x00, 0x00,
    0xE3, 0xFF, 0xFF, 0xFF, 0xFF, 0xFF, 0xF3, 0xB1, 0x80, 0x00, 0x00, 0x00,
    0x00, 0x00, 0x00, 0x00, 0x00, 0x00, 0x00, 0x00, 0x01, 0xE0, 0x3B, 0xFB,
    0x00, 0x00, 0x00, 0x00, 0x03, 0xFB, 0xFF, 0xFF, 0xFF, 0xFF, 0xE3, 0x80,
    0x00, 0x00, 0x00, 0x00, 0x00, 0x00, 0x00, 0x00, 0x00, 0x00, 0x00, 0x00,
    0x01, 0xE0, 0x7F, 0x80, 0x00, 0x00, 0x00, 0x00, 0x07, 0xFF, 0xFF, 0xFF,
    0xFF, 0xFF, 0xEB, 0x80, 0x00, 0x00, 0x00, 0x00, 0x00, 0x00, 0x00, 0x00,
    0x00, 0x00, 0x00, 0x00, 0x0C, 0xE7, 0x70, 0x00, 0x00, 0x00, 0x00, 0x00,
    0x07, 0xFF, 0xBF, 0xFF, 0xFF, 0xFF, 0xF8, 0x00, 0x00, 0x00, 0x00, 0x00,
    0x00, 0x00, 0x00, 0x00, 0x00, 0x00, 0x00, 0x00, 0x0E, 0xE8, 0x00, 0x00,
    0x00, 0x00, 0x00, 0x00, 0x07, 0xFF, 0x67, 0x3F, 0xFF, 0xFF, 0xBE, 0x00,
    0x00, 0x00, 0x00, 0x00, 0x00, 0x00, 0x00, 0x00, 0x00, 0x00, 0x00, 0x00,
    0x07, 0xC0, 0x00, 0x00, 0xC0, 0x00, 0x00, 0x00, 0x07, 0xFE, 0x00, 0xFF,
    0xEF, 0xFE, 0x3E, 0x00, 0x00, 0x70, 0x00, 0x00, 0x00, 0x00, 0x00, 0x00,
    0x00, 0x00, 0x00, 0x00, 0x60, 0x00, 0x00, 0x20, 0x80, 0x00, 0x00, 0x00,
    0x07, 0xFE, 0x0C, 0xC7, 0xFF, 0xFF, 0x04, 0x00, 0x01, 0xF8, 0x00, 0x00,
    0x00, 0xFF, 0xFF, 0xF8, 0x40, 0x00, 0x00, 0x00, 0x00, 0x04, 0x01, 0xE0,
    0x00, 0x00, 0x00, 0x00, 0x0F, 0xFC, 0x0C, 0x0F, 0xFF, 0xFF, 0x00, 0x00,
    0x01, 0xFC, 0x00, 0x01, 0xFF, 0xFF, 0xEF, 0x9F, 0xFF, 0x00, 0x00, 0x00,
    0x00, 0x06, 0x00, 0xF0, 0x00, 0x00, 0x00, 0x00, 0x8F, 0xFD, 0x5C, 0xFF,
    0xFF, 0xFF, 0xE0, 0x00, 0xC7, 0xFC, 0xE0, 0x1F, 0xFF, 0xFF, 0xEF, 0x8F,
    0x3F, 0xFE, 0x00, 0x00, 0x00, 0x00, 0x00, 0xF0, 0x00, 0x00, 0x00, 0x00,
    0x8F, 0xFD, 0x7D, 0xFF, 0xFF, 0xFF, 0xF8, 0x01, 0xFF, 0xFF, 0xFF, 0xFF,
    0xFF, 0xFF, 0xFF, 0x66, 0x27, 0xFF, 0xC0, 0x00, 0x00, 0x00, 0x3F, 0xE0,
    0x80, 0x01, 0x00, 0x00, 0x9F, 0xF9, 0xBF, 0xFF, 0xFF, 0xFF, 0xFC, 0x03,
    0xFF, 0xFF, 0xFF, 0xFF, 0xFF, 0xFF, 0xFD, 0x3E, 0x7F, 0xFF, 0x00, 0x00,
    0x00, 0x01, 0xFF, 0xC1, 0x80, 0x01, 0x80, 0x10, 0xDF, 0xFB, 0xFF, 0xFF,
    0xFF, 0xFF, 0xFF, 0x87, 0xFF, 0xFF, 0xFF, 0xFF, 0xFF, 0xFF, 0xFF, 0xFD,
    0xFF, 0xFF, 0x20, 0x01, 0xC0, 0x1B, 0xFF, 0xEE, 0x00, 0x01, 0x30, 0x30,
    0xDF, 0xFF, 0x7F, 0xFF, 0xFF, 0xFF, 0xFF, 0xFF, 0xFF, 0xFF, 0xFD, 0xFF,
    0xFF, 0xFF, 0xFF, 0xE5, 0xFF, 0xFF, 0xF4, 0x00, 0xF0, 0x1C, 0x7C, 0xFE,
    0x00, 0x0D, 0xE0, 0x30, 0x9F, 0xFF, 0xFF, 0xFF, 0xFF, 0xFF, 0xFF, 0xFF,
    0xFB, 0xFF, 0xFF, 0xFF, 0xFF, 0xFF, 0xFF, 0xFF, 0xFF, 0xF3, 0xEF, 0x00,
    0x20, 0x00, 0x10, 0x00, 0x00, 0x07, 0xC0, 0x70, 0xBF, 0xFF, 0xFF, 0xFF,
    0xFF, 0xFF, 0xFF, 0xFE, 0x7F, 0xFF, 0xFF, 0xFF, 0xFF, 0xBF, 0xFF, 0xFF,
    0xE7, 0xE1, 0xCC, 0x00, 0x00, 0x00, 0xC1, 0x00, 0x00, 0x00, 0xC0, 0x70,
    0xFF, 0xFF, 0xFF, 0xFF, 0xFF, 0xFF, 0xFF, 0xFF, 0xFF, 0xFF, 0xFF, 0xFF,
    0xFF, 0x3E, 0x7F, 0xFC, 0x17, 0xF1, 0x9C, 0x00, 0x00, 0x00, 0xA0, 0x00,
    0x10, 0x01, 0xE0, 0xF0, 0xFF, 0xFD, 0x6F, 0xFF, 0xFF, 0xFF, 0xFF, 0xFD,
    0xFF, 0xFF, 0xFF, 0xFF, 0xFF, 0xF3, 0xFF, 0xF8, 0x87, 0xFB, 0xFC, 0x00,
    0x00, 0x00, 0x00, 0x40, 0x00, 0x10, 0xE0, 0xF0, 0xFF, 0xFC, 0xCB, 0xFF,
    0xFF, 0xFF, 0xFF, 0xF2, 0x7F, 0xFF, 0xFF, 0xFF, 0xFF, 0xFA, 0x7F, 0xFE,
    0x0F, 0xFF, 0xFC, 0x00, 0x00, 0x00, 0x04, 0xE0, 0x00, 0x18, 0x61, 0xF0,
    0xFF, 0xF8, 0xC7, 0xFF, 0xFF, 0xFF, 0xFD, 0xF6, 0xFF, 0xFF, 0xFF, 0xEF,
    0xCF, 0x38, 0x7F, 0xFF, 0x1D, 0xFF, 0xE0, 0x00, 0x00, 0x00, 0x60, 0x60,
    0x19, 0x80, 0x61, 0xF0, 0xFF, 0xF0, 0xFF, 0xFF, 0xFF, 0xBF, 0xFE, 0xED,
    0xFE, 0xFF, 0xFF, 0xFF, 0x03, 0xDF, 0xFF, 0xFF, 0xF9, 0xFE, 0x00, 0x00,
    0x00, 0x01, 0x00, 0x01, 0x1D, 0x80, 0x21, 0xF0, 0xFE, 0x11, 0x9F, 0xFF,
    0xFF, 0xBF, 0xFF, 0xC1, 0xF2, 0x7F, 0xF7, 0xFF, 0x93, 0xFF, 0xFF, 0xFF,
    0x3B, 0x80, 0x00, 0x00, 0x20, 0x00, 0x00, 0x01, 0x0D, 0x00, 0x33, 0xF0,
    0xFE, 0x01, 0x8F, 0xFE, 0xF9, 0xFB, 0xB7, 0x73, 0x33, 0xFF, 0xFF, 0xFF,
    0xFF, 0xFF, 0xFF, 0xBF, 0x30, 0x00, 0x00, 0x00, 0x00, 0x00, 0x00, 0x00,
    0x0C, 0x80, 0x33, 0xF0, 0xFF, 0x00, 0x04, 0xFE, 0xFF, 0xFF, 0xFE, 0x12,
    0x4F, 0xFF, 0xFF, 0xFF, 0xFF, 0xFF, 0x3B, 0x80, 0x00, 0x00, 0x08, 0x00,
    0x00, 0x06, 0x00, 0x00, 0x03, 0xD8, 0x33, 0xF0, 0xFF, 0x00, 0x0B, 0xBE,
    0xFF, 0xFF, 0xFC, 0x43, 0xDF, 0xFF, 0xFF, 0xFF, 0xFF, 0xF1, 0x08, 0x00,
    0x00, 0x00, 0x00, 0x00, 0x00, 0x03, 0x00, 0xC0, 0x3B, 0x8C, 0x13, 0xE0,
    0xF8, 0x08, 0x07, 0xBF, 0x3F, 0xFF, 0xFF, 0xE3, 0xFF, 0xCF, 0xFF, 0xFF,
    0xFF, 0xA0, 0x00, 0x00, 0x00, 0x00, 0x40, 0x00, 0x00, 0x03, 0x81, 0xC0,
    0x13, 0x8F, 0x1B, 0xE0, 0xF8, 0x0D, 0x07, 0xFE, 0xFF, 0xFF, 0xFF, 0xFF,
    0xFF, 0xEF, 0xFF, 0xFF, 0xFC, 0x00, 0x00, 0x00, 0x00, 0x00, 0x00, 0x00,
    0x00, 0x01, 0x83, 0x80, 0x07, 0x87, 0x1B, 0xC0, 0xFC, 0x07, 0x03, 0x7D,
    0xFF, 0xFF, 0xFF, 0xFF, 0xFE, 0x7E, 0x7F, 0xFE, 0x07, 0x00, 0x00, 0x00,
    0x00, 0x01, 0x06, 0x00, 0x26, 0x01, 0xC7, 0x84, 0x00, 0x47, 0x8B, 0xC0,
    0xFF, 0xE0, 0x00, 0x6D, 0xFF, 0xFF, 0xFF, 0xFF, 0xCC, 0x4C, 0x0F, 0xE0,
    0x07, 0x80, 0x00, 0x00, 0x00, 0x01, 0x18, 0x00, 0x64, 0x01, 0xEF, 0x0E,
    0x80, 0x67, 0xCB, 0x80, 0xFF, 0xC0, 0x07, 0x6F, 0xFF, 0xFF, 0xFF, 0xFF,
    0xDF, 0x8D, 0xBF, 0x80, 0x07, 0x80, 0x00, 0x00, 0x00, 0x00, 0x70, 0x30,
    0x00, 0x00, 0xEE, 0x06, 0xC0, 0x23, 0xE7, 0x80, 0xFF, 0xC0, 0x0F, 0xF5,
    0xFF, 0xFF, 0xF7, 0xFF, 0xFC, 0xDD, 0xC0, 0xC0, 0x03, 0x04, 0x00, 0x08,
    0x00, 0x00, 0x21, 0xE0, 0x00, 0x00, 0x7E, 0x0E, 0xC0, 0x13, 0xF7, 0x00,
    0xFF, 0xC3, 0x0F, 0xFF, 0xFF, 0xFF, 0xF7, 0xFF, 0xFC, 0xDC, 0x04, 0x80,
    0x00, 0x48, 0x00, 0x00, 0x00, 0x00, 0x01, 0x00, 0x08, 0x1E, 0x7E, 0x0F,
    0xC4, 0x19, 0xF7, 0x10, 0xFF, 0xF7, 0x0F, 0xFF, 0xFF, 0xFF, 0xFD, 0xFF,
    0xFF, 0xC0, 0x04, 0x80, 0x10, 0x00, 0x00, 0x00, 0x00, 0x00, 0x00, 0x00,
    0x18, 0x0F, 0xBC, 0x0C, 0xC6, 0x19, 0xFE, 0x30, 0xFF, 0xFF, 0xFF, 0xF6,
    0xBF, 0xFF, 0xDB, 0xFF, 0xFF, 0x00, 0x08, 0x00, 0x00, 0x00, 0x00, 0x00,
    0x00, 0x00, 0x00, 0x18, 0x38, 0x07, 0x98, 0x04, 0x46, 0x0D, 0xFE, 0x30,
    0xFF, 0xFF, 0xFF, 0xF3, 0x7C, 0x3F, 0xFF, 0x5F, 0xF8, 0x00, 0x00, 0x00,
    0x00, 0x00, 0x00, 0x00, 0x00, 0x00, 0x00, 0x1F, 0xB8, 0x03, 0xF8, 0x60,
    0x07, 0x0C, 0xFE, 0x70, 0xFF, 0xFF, 0xFF, 0xF3, 0xFC, 0x3F, 0xFF, 0x7F,
    0xE0, 0x40, 0x00, 0x20, 0x00, 0x00, 0x00, 0x00, 0x00, 0x00, 0x00, 0x0F,
    0xB6, 0x00, 0xF1, 0xC0, 0x03, 0x84, 0xFE, 0x70, 0xFF, 0xFF, 0xFF, 0xFF,
    0xFC, 0x33, 0xFF, 0xDF, 0xDC, 0xC0, 0x00, 0x3C, 0x00, 0x30, 0x00, 0x00,
    0x00, 0x00, 0x00, 0x0B, 0xF6, 0x08, 0x33, 0x81, 0x83, 0xE6, 0x7E, 0xF0,
    0xFF, 0xFF, 0xFF, 0xFF, 0xF8, 0x03, 0xFF, 0xFF, 0xF8, 0xC0, 0x00, 0x00,
    0x00, 0x22, 0x80, 0x00, 0x00, 0x00, 0x06, 0x09, 0xFE, 0x0F, 0x13, 0x80,
    0x07, 0xF6, 0x7F, 0xF0, 0xFF, 0xFF, 0xFF, 0xFF, 0xF8, 0x43, 0xDF, 0xE8,
    0xF9, 0xC3, 0x80, 0x00, 0x00, 0x03, 0xC4, 0x00, 0x00, 0x00, 0x06, 0x17,
    0xFE, 0xEF, 0xF7, 0x02, 0x07, 0xFE, 0x7F, 0xF0, 0xFF, 0xFF, 0xFF, 0xFF,
    0xFC, 0x23, 0xFF, 0xD3, 0xED, 0x9B, 0xC0, 0x40, 0x00, 0x0F, 0x00, 0x00,
    0x00, 0x00, 0x06, 0x36, 0xF7, 0xEF, 0xFF, 0x3E, 0x27, 0xFE, 0x3F, 0xF0,
    0xFF, 0xFF, 0xFF, 0xFF, 0xFF, 0x81, 0xFF, 0x9F, 0xDD, 0xF9, 0x00, 0x60,
    0x00, 0x08, 0x00, 0x00, 0x00, 0x00, 0x04, 0xC3, 0xC7, 0xE7, 0x7F, 0xBE,
    0x7F, 0xBF, 0x3F, 0xF0, 0xFF, 0xFF, 0xFF, 0xFF, 0xFF, 0x81, 0xFE, 0xE3,
    0xFF, 0xE0, 0x90, 0x70, 0x02, 0x00, 0x00, 0x00, 0x00, 0x00, 0x1F, 0xC3,
    0xEF, 0xE3, 0x3F, 0xFF, 0xFF, 0xBF, 0x9F, 0xE0, 0xFF, 0xFF, 0xFF, 0xFF,
    0xFF, 0x8F, 0xF9, 0xFF, 0xFF, 0x60, 0x80, 0x36, 0x00, 0x20, 0x00, 0x00,
    0x00, 0x00, 0x3F, 0x87, 0xFF, 0xE1, 0x7F, 0xFF, 0xFF, 0xDF, 0xDF, 0xE0,
    0xFF, 0xFF, 0xFF, 0xFF, 0xFF, 0xFF, 0xFF, 0xFF, 0xFF, 0xEC, 0x91, 0xB6,
    0x00, 0x00, 0x00, 0x00, 0x00, 0x00, 0x1F, 0x6F, 0xFF, 0xC7, 0xFF, 0xFF,
    0xFF, 0x9F, 0xFF, 0xD0, 0xFF, 0xFF, 0xFF, 0xFF, 0xFF, 0xFF, 0xFF, 0xBF,
    0xFF, 0xFF, 0xF7, 0xFE, 0x00, 0x00, 0x00, 0x00, 0x00, 0x00, 0x1F, 0x6F,
    0xFF, 0xCF, 0xFF, 0xFF, 0xFF, 0xEF, 0xFF, 0xC0, 0xFF, 0xFF, 0xFF, 0xFF,
    0xFF, 0xFF, 0xFF, 0xFF, 0xFF, 0xFF, 0xBD, 0x9C, 0x90, 0x00, 0x00, 0x00,
    0x00, 0x04, 0x1B, 0x6D, 0xFF, 0xFE, 0xFF, 0xFF, 0xFF, 0xFF, 0xFF, 0x90,
    0xFF, 0xFF, 0xFF, 0xFF, 0xFF, 0xFF, 0xFF, 0xFF, 0xFF, 0xFF, 0xFD, 0xFC,
    0x00, 0x06, 0x80, 0x00, 0x00, 0x04, 0x8F, 0xFF, 0xFF, 0xFF, 0xFF, 0xFF,
    0xFF, 0xFF, 0xFF, 0xB0, 0xFF, 0xFF, 0xFF, 0xFF, 0xFF, 0xFF, 0xFF, 0xFF,
    0xFF, 0xFF, 0xFB, 0xF8, 0x22, 0x07, 0x00, 0x00, 0x00, 0x00, 0x0F, 0xFF,
    0xFF, 0xFD, 0xFF, 0xFF, 0xFF, 0xEF, 0xFF, 0xB0, 0xFF, 0xFF, 0xFF, 0xFF,
    0xFF, 0xFF, 0xFF, 0xFF, 0xFF, 0xFF, 0xFF, 0xFB, 0x04, 0x04, 0x00, 0x00,
    0x00, 0x00, 0x27, 0xFF, 0xFF, 0xFF, 0xFF, 0xFF, 0xFF, 0xF7, 0xFF, 0xF0,
    0xFF, 0xFF, 0xFF, 0xFF, 0xFF, 0xFF, 0xFF, 0xFF, 0xFF, 0xFF, 0xFE, 0xFF,
    0x6C, 0x25, 0xC0, 0x00, 0x00, 0x00, 0x3B, 0xFF, 0xFF, 0xFF, 0xFF, 0xFF,
    0xFF, 0xF7, 0xFF, 0xF0,
};
static_assert(sizeof(clock_gallery_image_01) == CLOCK_GALLERY_IMAGE_BYTES_PER_ROW * CLOCK_GALLERY_IMAGE_HEIGHT,
              "clock_gallery_image_01 payload size mismatch");

// 星期二.png
static const uint8_t clock_gallery_image_02[] = {
    0x00, 0x00, 0x00, 0x00, 0x00, 0x00, 0x00, 0x00, 0x00, 0x00, 0x00, 0x00,
    0x00, 0x00, 0x00, 0x00, 0x00, 0x00, 0x00, 0x00, 0x00, 0x00, 0x00, 0x00,
    0x00, 0x00, 0x00, 0x00, 0x00, 0x00, 0x00, 0x00, 0x00, 0x00, 0x00, 0x00,
    0x00, 0x00, 0x00, 0x00, 0x00, 0x00, 0x00, 0x00, 0x00, 0x00, 0x00, 0x00,
    0x00, 0x00, 0x00, 0x00, 0x00, 0x00, 0x00, 0x00, 0x00, 0x00, 0x00, 0x00,
    0x00, 0x00, 0x00, 0x00, 0x00, 0x00, 0x00, 0x00, 0x00, 0x00, 0x00, 0x00,
    0x00, 0x00, 0x00, 0x00, 0x00, 0x00, 0x00, 0x00, 0x00, 0x00, 0x00, 0x00,
    0x00, 0x00, 0x00, 0x00, 0x00, 0x00, 0x00, 0x00, 0x00, 0x00, 0x00, 0x00,
    0x00, 0x00, 0x00, 0x00, 0x00, 0x00, 0x00, 0x00, 0x00, 0x00, 0x00, 0x00,
    0x00, 0x00, 0x00, 0x00, 0x00, 0x00, 0x00, 0x00, 0x00, 0x00, 0x00, 0x00,
    0x00, 0x00, 0x00, 0x00, 0x00, 0x00, 0x00, 0x00, 0x00, 0x00, 0x00, 0x00,
    0x00, 0x00, 0x00, 0x00, 0x00, 0x00, 0x00, 0x00, 0x00, 0x00, 0x00, 0x00,
    0x00, 0x00, 0x00, 0x00, 0x00, 0x00, 0x00, 0x00, 0x00, 0x00, 0x00, 0x00,
    0x00, 0x00, 0x00, 0x00, 0x00, 0x00, 0x00, 0x00, 0x00, 0x00, 0x00, 0x00,
    0x00, 0x00, 0x00, 0x00, 0x00, 0x00, 0x00, 0x00, 0x00, 0x00, 0x00, 0x00,
    0x00, 0x00, 0x00, 0x00, 0x00, 0x00, 0x00, 0x00, 0x00, 0x00, 0x00, 0x00,
    0x00, 0x00, 0x00, 0x00, 0x00, 0x00, 0x00, 0x00, 0x00, 0x00, 0x00, 0x00,
    0x00, 0x00, 0x00, 0x00, 0x00, 0x00, 0x00, 0x00, 0x00, 0x00, 0x00, 0x00,
    0x00, 0x00, 0x00, 0x00, 0x00, 0x00, 0x00, 0x00, 0x00, 0x00, 0x00, 0x00,
    0x00, 0x00, 0x00, 0x00, 0x00, 0x00, 0x00, 0x00, 0x00, 0x00, 0x00, 0x00,
    0x00, 0x00, 0x00, 0x00, 0x00, 0x00, 0x00, 0x00, 0x00, 0x00, 0x00, 0x00,
    0x00, 0x00, 0x00, 0x00, 0x00, 0x00, 0x00, 0x00, 0x00, 0x00, 0x00, 0x00,
    0x00, 0x00, 0x00, 0x00, 0x00, 0x00, 0x00, 0x00, 0x00, 0x00, 0x00, 0x00,
    0x00, 0x00, 0x00, 0x00, 0x00, 0x00, 0x00, 0x00, 0x00, 0x00, 0x00, 0x00,
    0x00, 0x00, 0x00, 0x00, 0x00, 0x00, 0x00, 0x00, 0x00, 0x00, 0x00, 0x00,
    0x00, 0x00, 0x00, 0x00, 0x00, 0x00, 0x00, 0x00, 0x00, 0x00, 0x00, 0x00,
    0x00, 0x00, 0x00, 0x00, 0x00, 0x00, 0x00, 0x00, 0x00, 0x00, 0x00, 0x00,
    0x00, 0x00, 0x00, 0x00, 0x00, 0x00, 0x00, 0x00, 0x00, 0x00, 0x00, 0x00,
    0x00, 0x00, 0x00, 0x00, 0x00, 0x00, 0x00, 0x00, 0x00, 0x00, 0x00, 0x00,
    0x00, 0x00, 0x00, 0x00, 0x00, 0x00, 0x00, 0x00, 0x00, 0x00, 0x00, 0x00,
    0x00, 0x00, 0x00, 0x00, 0x00, 0x00, 0x00, 0x00, 0x00, 0x00, 0x00, 0x00,
    0x00, 0x00, 0x00, 0x00, 0x00, 0x00, 0x00, 0x00, 0x00, 0x00, 0x00, 0x00,
    0x00, 0x00, 0x00, 0x00, 0x00, 0x00, 0x00, 0x00, 0x00, 0x00, 0x00, 0x00,
    0x00, 0x00, 0x00, 0x00, 0x00, 0x00, 0x00, 0x00, 0x00, 0x00, 0x00, 0x00,
    0x00, 0x00, 0x00, 0x00, 0x00, 0x00, 0x00, 0x00, 0x00, 0x00, 0x00, 0x00,
    0x00, 0x00, 0x10, 0x40, 0x00, 0x00, 0x00, 0x00, 0x00, 0x00, 0x00, 0x00,
    0x00, 0x00, 0x00, 0x00, 0x00, 0x00, 0x00, 0x00, 0x00, 0x00, 0x00, 0x00,
    0x00, 0x00, 0x00, 0x00, 0x00, 0x00, 0x28, 0xE0, 0x00, 0x00, 0x00, 0x00,
    0x00, 0x00, 0x00, 0x00, 0x00, 0x00, 0x00, 0x00, 0x00, 0x00, 0x00, 0x00,
    0x00, 0x00, 0x00, 0x00, 0x00, 0x00, 0x00, 0x00, 0x00, 0x00, 0x1D, 0xE0,
    0x00, 0x00, 0x00, 0x00, 0x00, 0x00, 0x00, 0x00, 0x00, 0x00, 0x00, 0x00,
    0x00, 0x00, 0x00, 0x00, 0x00, 0x00, 0x00, 0x00, 0x00, 0x00, 0x00, 0x00,
    0x20, 0x00, 0xFF, 0x9E, 0x00, 0x00, 0x00, 0x00, 0x00, 0x00, 0x00, 0x00,
    0x00, 0x00, 0x00, 0x00, 0x00, 0x00, 0x00, 0x00, 0x00, 0x00, 0x00, 0x00,
    0x00, 0x00, 0x00, 0x00, 0x20, 0x01, 0xFF, 0xDF, 0x00, 0x00, 0x00, 0x00,
    0x00, 0x00, 0x00, 0x00, 0x00, 0x00, 0x00, 0x00, 0x00, 0x00, 0x00, 0x00,
    0x00, 0x00, 0x00, 0x00, 0x00, 0x00, 0x00, 0x00, 0x00, 0x01, 0xFF, 0xFF,
    0x00, 0x00, 0x00, 0x00, 0x00, 0x00, 0x00, 0x00, 0x00, 0x00, 0x00, 0x00,
    0x00, 0x00, 0x00, 0x00, 0x00, 0x00, 0x00, 0x00, 0x00, 0x00, 0x00, 0x00,
    0x9C, 0x00, 0xFF, 0xFF, 0x06, 0x00, 0x00, 0x00, 0x00, 0x00, 0x00, 0x00,
    0x00, 0x00, 0x00, 0x00, 0x00, 0x00, 0x00, 0x00, 0x00, 0x00, 0x00, 0x00,
    0x00, 0x00, 0x00, 0x00, 0x9E, 0x1B, 0xFF, 0xFF, 0xC6, 0x00, 0x00, 0x00,
    0x00, 0x00, 0x00, 0x00, 0x00, 0x00, 0x00, 0x00, 0x00, 0x00, 0x00, 0x00,
    0x00, 0x00, 0x00, 0x00, 0x00, 0x00, 0x00, 0x00, 0xBF, 0x1F, 0xFF, 0xFF,
    0xD8, 0x00, 0x00, 0x00, 0x00, 0x00, 0x00, 0x00, 0x00, 0x00, 0x00, 0x00,
    0x00, 0x00, 0x00, 0x00, 0x00, 0x00, 0x00, 0x00, 0x00, 0x00, 0x00, 0x00,
    0x3E, 0x3F, 0xFF, 0xFF, 0xDB, 0x80, 0x00, 0x00, 0x00, 0x00, 0x00, 0x3C,
    0x00, 0x00, 0x00, 0x00, 0x00, 0x00, 0x00, 0x00, 0x00, 0x00, 0x00, 0x00,
    0x00, 0x00, 0x00, 0x00, 0x1F, 0xFF, 0xFF, 0x7F, 0xC3, 0xC0, 0x00, 0x00,
    0x00, 0x00, 0x0F, 0xFE, 0x00, 0x00, 0x00, 0x00, 0x00, 0x00, 0x00, 0x00,
    0x00, 0x00, 0x00, 0x00, 0x00, 0x00, 0x00, 0x00, 0x0F, 0xFF, 0xFF, 0xFB,
    0xC3, 0x80, 0x00, 0x00, 0x00, 0x01, 0xFF, 0xFF, 0x00, 0x00, 0x00, 0x00,
    0x00, 0x00, 0x00, 0x00, 0x00, 0x00, 0x00, 0x00, 0x00, 0x00, 0x00, 0x00,
    0x3F, 0xFF, 0xFF, 0xFF, 0xEF, 0x90, 0x00, 0x80, 0x00, 0x0F, 0xFF, 0xFE,
    0x00, 0x00, 0x00, 0x00, 0x00, 0x00, 0x00, 0x00, 0x00, 0x00, 0x00, 0x00,
    0x00, 0x00, 0x00, 0x00, 0xFE, 0xFF, 0xFF, 0xFF, 0xBF, 0xF0, 0x01, 0x80,
    0x00, 0x7F, 0xFF, 0xFC, 0x00, 0x00, 0x00, 0x00, 0x00, 0x00, 0x00, 0x00,
    0x00, 0x00, 0x00, 0x00, 0x00, 0x00, 0x00, 0x00, 0xFE, 0xFF, 0xFF, 0xFF,
    0xBF, 0xF0, 0x01, 0xC0, 0x03, 0xFF, 0xFF, 0xE0, 0x00, 0x00, 0x00, 0x00,
    0x00, 0x18, 0x00, 0x00, 0x00, 0x00, 0x00, 0x00, 0x00, 0x00, 0x00, 0x00,
    0xFF, 0xFF, 0xFF, 0xFF, 0xFF, 0xE0, 0x01, 0xC0, 0x07, 0xFF, 0xFC, 0x00,
    0x00, 0x00, 0x00, 0x00, 0x00, 0x3C, 0x00, 0x00, 0x00, 0x00, 0x00, 0x00,
    0x00, 0x00, 0x00, 0x00, 0xFF, 0xFF, 0xFF, 0xFF, 0xFF, 0xE0, 0x01, 0xC0,
    0x0F, 0xFF, 0xF8, 0x00, 0x00, 0x00, 0x00, 0x00, 0x00, 0x3C, 0x00, 0x00,
    0x00, 0x00, 0x0C, 0x00, 0x00, 0x00, 0x00, 0x00, 0xFF, 0xFF, 0xFF, 0xFF,
    0xFF, 0x6B, 0x01, 0xC0, 0x0F, 0xFD, 0xF8, 0x00, 0x00, 0x00, 0x00, 0x00,
    0x00, 0x3C, 0x00, 0x00, 0x00, 0x00, 0x0E, 0x00, 0x00, 0x00, 0x00, 0x00,
    0xFF, 0xFF, 0xFF, 0xFF, 0xFF, 0x62, 0x00, 0xC4, 0x07, 0xE0, 0xF8, 0x00,
    0x00, 0x00, 0x00, 0x00, 0x00, 0x3C, 0x00, 0x00, 0x00, 0x00, 0x1E, 0x00,
    0x00, 0x00, 0x00, 0x00, 0x7F, 0xFF, 0xFF, 0xFF, 0x6F, 0xC6, 0x00, 0xCE,
    0x00, 0x01, 0xF8, 0x00, 0x00, 0x00, 0x00, 0x00, 0x00, 0x7C, 0x00, 0x00,
    0x00, 0x00, 0x1E, 0x00, 0x00, 0x00, 0x00, 0x00, 0x7F, 0xFF, 0xFF, 0xFF,
    0x83, 0xEE, 0x00, 0x4E, 0x00, 0x01, 0xF8, 0x00, 0x00, 0x00, 0x00, 0x00,
    0x00, 0x7C, 0x00, 0x00, 0x00, 0x00, 0x1E, 0x00, 0x00, 0x00, 0x00, 0x00,
    0x73, 0xFF, 0xFF, 0xFF, 0xC3, 0xFE, 0x00, 0x5E, 0x00, 0x01, 0xF8, 0x00,
    0x00, 0x00, 0x00, 0x00, 0x00, 0x7C, 0x00, 0x00, 0x00, 0x00, 0x0C, 0x00,
    0x00, 0x00, 0x00, 0x00, 0xF3, 0xFF, 0xFF, 0xFF, 0xE3, 0xF8, 0x0F, 0x1C,
    0x00, 0x01, 0xF8, 0x00, 0x00, 0x00, 0x00, 0x00, 0x00, 0x78, 0x00, 0x00,
    0x00, 0x00, 0x0C, 0x00, 0x00, 0x00, 0x00, 0x00, 0xFF, 0xFF, 0xFF, 0xFF,
    0xEF, 0xF0, 0x07, 0x9C, 0x00, 0x01, 0xF8, 0x00, 0x00, 0x00, 0x00, 0x78,
    0x00, 0x78, 0x00, 0x00, 0x00, 0x00, 0xC8, 0x00, 0x00, 0x00, 0x00, 0x00,
    0xFF, 0xFF, 0xFF, 0xFF, 0xFF, 0x88, 0x03, 0xD8, 0x00, 0x01, 0xF8, 0x00,
    0x00, 0x07, 0x81, 0xFC, 0x00, 0x78, 0x07, 0x00, 0x00, 0x00, 0xE8, 0x00,
    0x00, 0x00, 0x00, 0x00, 0xFF, 0xFF, 0xFF, 0xFF, 0xFF, 0x00, 0x01, 0xF0,
    0x60, 0x01, 0xF8, 0x18, 0x08, 0x1F, 0xC3, 0xFE, 0x0F, 0xF8, 0x1F, 0x81,
    0xC1, 0xC0, 0x69, 0x80, 0x00, 0x00, 0x00, 0x00, 0xFF, 0xFF, 0xFF, 0xFF,
    0xFF, 0xC0, 0x00, 0x18, 0x60, 0x01, 0xF8, 0x1C, 0x1C, 0x3F, 0xE3, 0xC6,
    0x1F, 0xF8, 0x3F, 0xC3, 0xC1, 0xC0, 0x73, 0x80, 0x00, 0x00, 0x00, 0x00,
    0xFF, 0xFF, 0xFF, 0xFF, 0x7F, 0x40, 0x00, 0x08, 0xF0, 0x01, 0xF8, 0x3C,
    0x1E, 0x3C, 0xF3, 0x80, 0x3F, 0xF8, 0x7D, 0xE3, 0xC3, 0xC0, 0x17, 0x00,
    0x00, 0x00, 0x00, 0x00, 0xFF, 0xFF, 0xFF, 0xFF, 0xBE, 0x00, 0x00, 0x04,
    0xF0, 0x01, 0xF8, 0x3C, 0x3C, 0x78, 0xF3, 0xC0, 0x7C, 0xF8, 0xF1, 0xE3,
    0xC3, 0xC0, 0x1E, 0x00, 0x00, 0x00, 0x00, 0x00, 0xFF, 0xFF, 0xFF, 0xFF,
    0x67, 0x00, 0x00, 0x06, 0xE0, 0x00, 0xF8, 0x3C, 0x3C, 0x71, 0xE1, 0xF0,
    0x78, 0x78, 0xF1, 0xE3, 0x83, 0xC1, 0x10, 0x00, 0x00, 0x00, 0x00, 0x00,
    0xFF, 0xFF, 0xFF, 0xFF, 0x07, 0x00, 0x00, 0x03, 0x60, 0x00, 0xF8, 0x3C,
    0x3C, 0xFF, 0xE0, 0xF8, 0x70, 0xF9, 0xE1, 0xE3, 0x87, 0xC3, 0xA0, 0x00,
    0x00, 0x00, 0x00, 0x00, 0xFF, 0xFF, 0xFF, 0xFF, 0x06, 0x00, 0x01, 0xFD,
    0xE0, 0x01, 0xF8, 0x38, 0x7C, 0xFF, 0x80, 0x7C, 0xF0, 0xF9, 0xE3, 0xC3,
    0x8F, 0xC3, 0xA0, 0x00, 0x00, 0x00, 0x00, 0x00, 0xFF, 0xFF, 0xFF, 0xFF,
    0x00, 0x00, 0x01, 0xFF, 0xC0, 0x00, 0xF8, 0x38, 0x7C, 0xFE, 0x00, 0x1E,
    0xF0, 0xF9, 0xC3, 0xC3, 0x8F, 0xC1, 0xCE, 0x00, 0x00, 0x00, 0x00, 0x00,
    0xFF, 0xFF, 0xDD, 0xFF, 0x00, 0x00, 0x00, 0xFF, 0xE0, 0x00, 0xF8, 0x38,
    0xFC, 0x70, 0x00, 0x0E, 0xF1, 0xF9, 0xC7, 0xC3, 0x9F, 0xC1, 0xBE, 0x00,
    0x00, 0x00, 0x00, 0x00, 0xFF, 0xFF, 0xD3, 0xFF, 0x00, 0x00, 0x00, 0x3E,
    0x30, 0x00, 0xFC, 0x3D, 0xFC, 0x78, 0x77, 0x1E, 0x7F, 0xF9, 0xEF, 0xEB,
    0xFF, 0xC1, 0xFC, 0x00, 0x00, 0x00, 0x00, 0x00, 0xFF, 0xFF, 0xBE, 0xEE,
    0x00, 0x18, 0x00, 0x00, 0x0C, 0x00, 0xFC, 0x3F, 0xFF, 0x7F, 0xF7, 0xFE,
    0x7F, 0xFC, 0xFE, 0xF9, 0xFB, 0xC3, 0xF8, 0x00, 0x00, 0x00, 0x00, 0x00,
    0xFF, 0xFF, 0xFC, 0x38, 0x00, 0x18, 0x00, 0x00, 0x06, 0x00, 0xFC, 0x1F,
    0xDF, 0x3F, 0xE3, 0xFC, 0x3F, 0x3E, 0xFC, 0xF8, 0xF3, 0x86, 0x00, 0x00,
    0x00, 0x00, 0x00, 0x00, 0xFF, 0xFF, 0xF3, 0x7C, 0x00, 0x80, 0x00, 0x00,
    0x78, 0x00, 0xFC, 0x0F, 0x8F, 0x0F, 0x81, 0xF8, 0x1E, 0x1C, 0x30, 0x30,
    0x07, 0x84, 0x00, 0x00, 0x00, 0x00, 0x00, 0x00, 0xFF, 0xFF, 0xE3, 0xFC,
    0x51, 0xE7, 0x00, 0x00, 0xF8, 0x00, 0xFC, 0x00, 0x00, 0x00, 0x00, 0x00,
    0x00, 0x00, 0x00, 0x00, 0x07, 0x80, 0x00, 0x00, 0x00, 0x00, 0x00, 0x00,
    0xFF, 0xFF, 0xC3, 0xFE, 0x19, 0xEF, 0x30, 0x00, 0xF0, 0x00, 0xFC, 0x00,
    0x00, 0x00, 0x00, 0x00, 0x00, 0x00, 0x00, 0x00, 0x07, 0x82, 0x00, 0x00,
    0x00, 0x00, 0x00, 0x00, 0xFF, 0xFF, 0xE3, 0xE1, 0x0F, 0xFF, 0xF0, 0x00,
    0xE0, 0xC0, 0xFC, 0x00, 0x00, 0x00, 0x00, 0x00, 0x00, 0x00, 0x00, 0x00,
    0x0F, 0x8F, 0x00, 0x00, 0x00, 0x00, 0x00, 0x00, 0xFF, 0xFF, 0xFB, 0xF2,
    0x07, 0xFF, 0xA0, 0x00, 0x01, 0xE0, 0x78, 0x00, 0x00, 0x00, 0x00, 0x00,
    0x00, 0x00, 0x00, 0x00, 0x0F, 0x0F, 0x00, 0x00, 0x00, 0x00, 0x00, 0x00,
    0xFF, 0xFF, 0xFF, 0xFF, 0x07, 0xFE, 0x60, 0x00, 0x01, 0xE0, 0x00, 0x00,
    0x00, 0x03, 0xFF, 0xFF, 0xFF, 0x00, 0x00, 0x06, 0x1F, 0x00, 0x00, 0x00,
    0xE0, 0x00, 0x00, 0x00, 0xFF, 0xFF, 0xFF, 0xFF, 0x87, 0xFE, 0x70, 0x00,
    0x00, 0xC0, 0x00, 0x00, 0x03, 0xFF, 0xFF, 0xFF, 0xFF, 0xFC, 0x00, 0x07,
    0x1E, 0x00, 0x00, 0x01, 0x80, 0x00, 0x00, 0x00, 0xFF, 0xFF, 0xFF, 0xFF,
    0xDF, 0xFE, 0xE0, 0xE0, 0x00, 0x00, 0x00, 0x00, 0xFF, 0xFF, 0x00, 0x00,
    0x00, 0x3F, 0x0C, 0x07, 0xFE, 0x00, 0x00, 0x3F, 0x00, 0x00, 0x00, 0x00,
    0xFF, 0xFF, 0xFF, 0xFF, 0xDF, 0xFF, 0xEE, 0x00, 0x00, 0x00, 0x00, 0x0F,
    0xFF, 0x80, 0x00, 0x00, 0x00, 0x00, 0x0C, 0x07, 0xFC, 0x00, 0x00, 0x06,
    0x00, 0x00, 0x00, 0x00, 0xFF, 0xFF, 0xFF, 0xFF, 0x9F, 0xFF, 0xFF, 0x00,
    0x00, 0x00, 0x00, 0x1F, 0xE0, 0x00, 0x00, 0x00, 0x00, 0x00, 0x00, 0x03,
    0xF8, 0x00, 0x00, 0x00, 0x00, 0x00, 0x00, 0x00, 0xFF, 0xFF, 0xFD, 0xFF,
    0x3F, 0xFF, 0xFF, 0x40, 0x00, 0x00, 0x00, 0x0C, 0x00, 0x00, 0x00, 0x00,
    0x00, 0x00, 0x00, 0x00, 0xC0, 0x00, 0x00, 0x00, 0x00, 0x00, 0x00, 0x00,
    0xFF, 0xFF, 0xFD, 0xFF, 0xFF, 0xFF, 0xFF, 0xC0, 0x00, 0x00, 0x00, 0x00,
    0x00, 0x00, 0x00, 0x00, 0x00, 0x00, 0x00, 0x00, 0x00, 0x00, 0x00, 0x00,
    0x00, 0x00, 0x00, 0x00, 0xFF, 0xFF, 0xFD, 0xFF, 0xFF, 0xFF, 0xFF, 0xD0,
    0x00, 0x00, 0x00, 0x00, 0x00, 0x00, 0x00, 0x00, 0x00, 0x00, 0x00, 0x00,
    0x00, 0x00, 0x00, 0x00, 0x00, 0x00, 0x00, 0x00, 0xFF, 0xFF, 0xFF, 0xE7,
    0xFF, 0xFF, 0xFF, 0xC0, 0x00, 0x00, 0x00, 0x00, 0x00, 0x00, 0x00, 0x00,
    0x00, 0x00, 0x00, 0x00, 0x00, 0x00, 0x00, 0x00, 0x00, 0x00, 0x00, 0x00,
    0xFF, 0xFB, 0xFF, 0xE3, 0xFF, 0xFF, 0xFD, 0x80, 0x00, 0x00, 0x00, 0x00,
    0x00, 0x00, 0x00, 0x00, 0x00, 0x00, 0x00, 0x00, 0x00, 0x00, 0x00, 0x00,
    0x00, 0x00, 0x00, 0x00, 0xFF, 0xBD, 0xFF, 0xBF, 0xFF, 0xFF, 0xFC, 0x40,
    0x00, 0x00, 0x00, 0x00, 0x00, 0x00, 0x00, 0x00, 0x00, 0x00, 0x00, 0x00,
    0x00, 0x00, 0x00, 0x00, 0x18, 0x60, 0x00, 0x00, 0xFF, 0xCE, 0xFF, 0xFF,
    0xFF, 0xFF, 0xFC, 0xE0, 0x00, 0x00, 0x00, 0x00, 0x00, 0x00, 0x00, 0x00,
    0x00, 0x00, 0x00, 0x00, 0x00, 0x00, 0x00, 0x00, 0x05, 0x80, 0x00, 0x00,
    0xFF, 0xF7, 0xFF, 0xFF, 0xFF, 0xFF, 0xFF, 0xE0, 0x00, 0x00, 0xFF, 0xFE,
    0x00, 0x00, 0x00, 0x00, 0x00, 0x00, 0x00, 0x00, 0x00, 0x00, 0x00, 0x00,
    0x03, 0x00, 0x00, 0x00, 0xFF, 0xFF, 0x9F, 0xFF, 0xFF, 0xFF, 0xFF, 0xF8,
    0x00, 0x3F, 0xFF, 0xFF, 0x80, 0x00, 0x00, 0xE0, 0x00, 0x00, 0x00, 0x00,
    0x00, 0x00, 0x00, 0x00, 0x00, 0x00, 0x00, 0x00, 0xFF, 0xFF, 0xFF, 0xFF,
    0xFF, 0xFF, 0xFF, 0xF8, 0x01, 0xFF, 0xFF, 0xFF, 0xC0, 0x07, 0x00, 0xF0,
    0x00, 0x00, 0x00, 0x00, 0x00, 0x00, 0x00, 0x00, 0x00, 0x00, 0x00, 0x00,
    0xFF, 0xBF, 0xFF, 0xFF, 0xFF, 0xFF, 0xE2, 0x18, 0x03, 0xFF, 0xFF, 0xFF,
    0xC0, 0x0F, 0x01, 0xF0, 0x7F, 0xF8, 0x00, 0x00, 0x00, 0x00, 0x00, 0x00,
    0x00, 0x00, 0x00, 0x00, 0xFF, 0xFF, 0xFF, 0xFF, 0xFF, 0xFF, 0xE2, 0x00,
    0x03, 0xFC, 0x00, 0x07, 0xC0, 0x0F, 0x81, 0xF0, 0xFF, 0xFE, 0x00, 0x00,
    0x00, 0x00, 0x00, 0x07, 0x00, 0x00, 0x00, 0x00, 0xFF, 0xFF, 0xFF, 0xFF,
    0xFF, 0xF7, 0xF0, 0x00, 0x03, 0xE0, 0x00, 0x07, 0xC0, 0x0F, 0x81, 0xF0,
    0xFF, 0xFE, 0x00, 0x00, 0x00, 0x00, 0x00, 0x02, 0x00, 0x00, 0x00, 0x00,
    0xFF, 0xFF, 0xFF, 0xFF, 0xFF, 0xF3, 0x60, 0x00, 0x03, 0xE0, 0x00, 0x07,
    0xC0, 0x0F, 0xFF, 0xFE, 0xFF, 0xFF, 0x00, 0x00, 0x00, 0x00, 0x00, 0x00,
    0x00, 0x00, 0x00, 0x00, 0xFF, 0xFF, 0xFF, 0xFF, 0xFF, 0xF8, 0x40, 0x00,
    0x03, 0xE0, 0x0F, 0xC7, 0xC0, 0xFF, 0xFF, 0xFE, 0xF8, 0x3F, 0x00, 0x00,
    0x00, 0x00, 0x00, 0x00, 0x00, 0x00, 0x00, 0x00, 0xFF, 0xFF, 0xFF, 0xFF,
    0xFF, 0xF1, 0xE0, 0x00, 0x03, 0xFF, 0xFF, 0xF7, 0xC1, 0xFF, 0xFF, 0xFE,
    0xF0, 0x1F, 0x00, 0x00, 0x00, 0x00, 0x00, 0x00, 0x00, 0x00, 0x00, 0x00,
    0xFF, 0xFF, 0xFF, 0xFF, 0xFF, 0xF1, 0xF1, 0x00, 0x03, 0xFF, 0xFF, 0xF7,
    0xC1, 0xFF, 0xFF, 0xFE, 0xF8, 0x1F, 0x00, 0x00, 0x00, 0xE0, 0x00, 0x00,
    0x00, 0x00, 0x00, 0x00, 0xFF, 0xFF, 0xFF, 0xFF, 0xFF, 0xF9, 0xE1, 0x00,
    0x03, 0xFF, 0xFF, 0xE7, 0xC0, 0xFF, 0xFD, 0xF0, 0xF8, 0x1F, 0x00, 0x03,
    0xFF, 0xFE, 0x00, 0x00, 0x00, 0x00, 0x00, 0x00, 0xFF, 0xFF, 0xFF, 0xFF,
    0xFF, 0xFB, 0xC7, 0x20, 0x03, 0xFC, 0x00, 0x07, 0xC0, 0x0F, 0x81, 0xF0,
    0xF8, 0x1F, 0x00, 0x3F, 0xFF, 0xFF, 0x00, 0x00, 0x00, 0x00, 0x00, 0x00,
    0xFF, 0xFF, 0xFF, 0xFF, 0xFF, 0xFF, 0xEF, 0xC0, 0x03, 0xE0, 0x00, 0x07,
    0xC0, 0x0F, 0x81, 0xF0, 0xF8, 0x1F, 0x00, 0x7F, 0xFF, 0xFF, 0x00, 0x00,
    0x00, 0x00, 0x00, 0x00, 0xFF, 0xFF, 0xFF, 0xFF, 0xFF, 0xFF, 0xFF, 0xC0,
    0x03, 0xF0, 0x00, 0x0F, 0xC0, 0x0F, 0x81, 0xF0, 0xF8, 0x1F, 0x00, 0x7F,
    0xFF, 0xFF, 0x00, 0x00, 0x00, 0x00, 0x00, 0x00, 0xFF, 0xFF, 0xFF, 0xFF,
    0xFF, 0xFF, 0xFF, 0xE0, 0x03, 0xF0, 0x00, 0x0F, 0xC0, 0x0F, 0x81, 0xF0,
    0xFB, 0xFF, 0x00, 0x7F, 0xFF, 0xFE, 0x00, 0x00, 0x00, 0x00, 0x00, 0x00,
    0xFF, 0xFF, 0xFF, 0xFF, 0xFF, 0xFF, 0xFF, 0x80, 0x03, 0xFF, 0xFF, 0xFF,
    0x80, 0x0F, 0xFF, 0xF0, 0xFF, 0xFF, 0x00, 0x7F, 0xFC, 0x00, 0x00, 0x00,
    0x00, 0x00, 0x00, 0x00, 0xFF, 0xFF, 0xFF, 0xFF, 0xFF, 0xFF, 0xFF, 0x80,
    0x01, 0xFF, 0xFF, 0xFF, 0x80, 0x0F, 0xFF, 0xF0, 0xFF, 0xFF, 0x00, 0x00,
    0x00, 0x00, 0x00, 0x00, 0x00, 0x00, 0x00, 0x00, 0xFF, 0xFF, 0xFD, 0xFF,
    0xFF, 0xFF, 0xFE, 0xC0, 0x01, 0xFF, 0xFF, 0xFF, 0x80, 0x0F, 0xFF, 0xF0,
    0xFF, 0xFF, 0x80, 0x00, 0x00, 0x00, 0x00, 0x00, 0x00, 0x00, 0x00, 0x00,
    0xFB, 0xFE, 0x7B, 0xFF, 0xFF, 0xFF, 0xFF, 0xD8, 0x01, 0xFF, 0xFF, 0xFE,
    0x00, 0x0F, 0xC1, 0xF0, 0xFC, 0x1F, 0x80, 0x00, 0x00, 0x00, 0x00, 0x00,
    0x00, 0x00, 0x00, 0x00, 0xFB, 0xFC, 0xFB, 0xFF, 0xFF, 0xFF, 0xFF, 0x90,
    0x00, 0x10, 0x00, 0x00, 0x00, 0x0F, 0x81, 0xF0, 0xF8, 0x0F, 0x80, 0x00,
    0x00, 0x00, 0x00, 0x00, 0x00, 0x00, 0x00, 0x00, 0xFB, 0xFF, 0xB3, 0xFF,
    0xFF, 0xFF, 0xFF, 0xF0, 0x00, 0x38, 0x0F, 0x00, 0x00, 0x0F, 0x81, 0xF0,
    0xF8, 0x0F, 0x80, 0x00, 0x00, 0x00, 0x00, 0x00, 0x00, 0x00, 0x00, 0x00,
    0xF3, 0xFF, 0x03, 0xFF, 0xFF, 0xDF, 0xFF, 0xF0, 0x00, 0x7C, 0x0F, 0x80,
    0x00, 0x0F, 0xFF, 0xF0, 0xF8, 0x0F, 0x80, 0x00, 0x00, 0x00, 0x00, 0x00,
    0x00, 0x00, 0x00, 0x00, 0xE7, 0xFF, 0x07, 0xF3, 0xFF, 0xFF, 0xFE, 0xF0,
    0x00, 0xFC, 0x0F, 0x80, 0x00, 0x0F, 0xFF, 0xF0, 0xF8, 0x0F, 0x80, 0x00,
    0x00, 0x00, 0x00, 0x00, 0x00, 0x00, 0x00, 0x00, 0xC7, 0xFF, 0x87, 0x0F,
    0xFF, 0xFF, 0xFC, 0x60, 0x01, 0xF8, 0x1F, 0xFF, 0x80, 0x0F, 0xFF, 0xF0,
    0xF8, 0x0F, 0x80, 0x00, 0x00, 0x00, 0x00, 0x00, 0x00, 0x00, 0x00, 0x00,
    0xC7, 0xF9, 0x8F, 0x7F, 0xFF, 0xFF, 0xF0, 0x00, 0x03, 0xFF, 0xFF, 0xFF,
    0xC0, 0x0F, 0xFF, 0xF0, 0xF8, 0x1F, 0x80, 0x00, 0x00, 0x00, 0x00, 0x00,
    0x00, 0x00, 0x00, 0x00, 0xE7, 0xF9, 0x9F, 0xFF, 0xFF, 0xFF, 0x70, 0x00,
    0x03, 0xFF, 0xFF, 0xFF, 0xC0, 0x0F, 0x81, 0xF0, 0xFF, 0xFF, 0x80, 0x00,
    0x00, 0x00, 0x00, 0x00, 0x00, 0x00, 0x00, 0x00, 0xE7, 0xF8, 0x3F, 0x8F,
    0xFF, 0xF4, 0x70, 0x00, 0x07, 0xFF, 0xFF, 0xFF, 0x80, 0x0F, 0x81, 0xF0,
    0xFF, 0xFF, 0x80, 0x00, 0x00, 0x00, 0x00, 0x00, 0x00, 0x00, 0x00, 0x00,
    0xE7, 0xF8, 0x7E, 0x0F, 0xFF, 0xFE, 0x00, 0x00, 0x07, 0xFF, 0xFF, 0xC0,
    0x00, 0x0F, 0x81, 0xF0, 0xFF, 0xFF, 0x80, 0x00, 0x0F, 0xFF, 0xF8, 0x00,
    0x00, 0x00, 0x00, 0x00, 0xE7, 0xF8, 0xF8, 0x67, 0xFF, 0xFE, 0x00, 0x00,
    0x0F, 0xC0, 0x1F, 0x80, 0x00, 0x07, 0x9F, 0xFC, 0xFF, 0xFF, 0x80, 0x3F,
    0xFF, 0xFF, 0xFC, 0x00, 0x00, 0x00, 0x00, 0x00, 0xF7, 0xF9, 0xF0, 0xFF,
    0xFF, 0xFE, 0x00, 0x00, 0x0F, 0x80, 0x1F, 0x80, 0x00, 0x7F, 0xFF, 0xFE,
    0xF0, 0x0F, 0x83, 0xFF, 0xFF, 0xFF, 0xFE, 0x00, 0x00, 0x00, 0x00, 0x00,
    0xFF, 0xFB, 0xE0, 0x7F, 0xFF, 0xFC, 0xC0, 0x00, 0x1F, 0x00, 0x1F, 0x80,
    0x00, 0xFF, 0xFF, 0xFE, 0xF0, 0x0F, 0x87, 0xFF, 0xFF, 0xFF, 0xFC, 0x00,
    0x00, 0x00, 0x00, 0x00, 0xFF, 0xF7, 0xC0, 0x3F, 0xFF, 0xFE, 0xE0, 0x00,
    0x0E, 0x07, 0xFF, 0xFF, 0x01, 0xFF, 0xFF, 0xFE, 0xF0, 0x0F, 0x8F, 0xFF,
    0xFF, 0xFF, 0xFC, 0x00, 0x00, 0x00, 0x00, 0x00, 0xFF, 0xFF, 0xC0, 0x0F,
    0xFF, 0xFF, 0xE0, 0x00, 0x04, 0x3F, 0xFF, 0xFF, 0x00, 0xFF, 0xFF, 0xFD,
    0xF0, 0x0F, 0x87, 0xFF, 0xFF, 0xFF, 0xF0, 0x00, 0x00, 0x00, 0x00, 0x00,
    0xFF, 0xFF, 0x80, 0x5F, 0xFF, 0x7F, 0xC0, 0x00, 0x00, 0x3F, 0xFF, 0xFF,
    0x00, 0x7D, 0x80, 0x01, 0xF0, 0x0F, 0x87, 0xFF, 0xC0, 0x00, 0x00, 0x00,
    0x00, 0x00, 0x00, 0x00, 0x7F, 0xFF, 0x00, 0xFE, 0x5F, 0xFF, 0xC8, 0x00,
    0x00, 0x3F, 0xFF, 0xFE, 0x00, 0x03, 0xC3, 0xC1, 0xF0, 0x0F, 0x80, 0x00,
    0x00, 0x00, 0x00, 0x00, 0x00, 0x00, 0x00, 0x00, 0x7F, 0xFF, 0x00, 0x4E,
    0x1F, 0x3F, 0xCC, 0x00, 0x00, 0x08, 0x1F, 0x80, 0x00, 0x07, 0xC3, 0xE1,
    0xF0, 0x0F, 0x80, 0x00, 0x00, 0x00, 0x00, 0x00, 0x00, 0x00, 0x00, 0x00,
    0x7F, 0xFE, 0x00, 0x04, 0x3F, 0x0F, 0xD8, 0x00, 0x00, 0x00, 0x1F, 0x80,
    0x00, 0x0F, 0xC3, 0xE1, 0xF0, 0x0F, 0x80, 0x00, 0x00, 0x00, 0x00, 0x00,
    0x00, 0x00, 0x00, 0x00, 0x7F, 0xFC, 0x00, 0x00, 0x38, 0x35, 0x80, 0x00,
    0x00, 0x00, 0x0F, 0x80, 0x00, 0x0F, 0xC1, 0xF1, 0xE0, 0x1F, 0x80, 0x00,
    0x00, 0x00, 0x00, 0x00, 0x00, 0x00, 0x00, 0x00, 0x7F, 0xFC, 0x00, 0x00,
    0x38, 0x26, 0x00, 0x00, 0x00, 0x00, 0x1F, 0xFF, 0xF8, 0x1F, 0x81, 0xFB,
    0xE0, 0x7F, 0x80, 0x00, 0x00, 0x00, 0x00, 0x00, 0x00, 0x00, 0x00, 0x00,
    0x3F, 0xFC, 0x00, 0x02, 0x1C, 0x00, 0x00, 0x00, 0x03, 0xFF, 0xFF, 0xFF,
    0xFC, 0x3F, 0x00, 0xFB, 0xE0, 0xFF, 0x00, 0x00, 0x00, 0x00, 0x00, 0x00,
    0x00, 0x00, 0x00, 0x00, 0xFF, 0xF8, 0x00, 0x06, 0x18, 0x00, 0x00, 0x00,
    0x0F, 0xFF, 0xFF, 0xFF, 0xFE, 0x3F, 0x00, 0x7B, 0xE0, 0xFF, 0x00, 0x00,
    0x00, 0x00, 0x00, 0x00, 0x00, 0x00, 0x00, 0x00, 0xFF, 0xF8, 0x00, 0x00,
    0x00, 0x00, 0x00, 0x00, 0x1F, 0xFF, 0xFF, 0xFF, 0xFC, 0x3E, 0x00, 0x33,
    0xC0, 0xFF, 0x00, 0x00, 0x00, 0x00, 0x00, 0x00, 0x00, 0x00, 0x00, 0x00,
    0xFF, 0xF8, 0x00, 0x00, 0x00, 0x00, 0x00, 0x00, 0x1F, 0xFF, 0xFF, 0xFF,
    0xFC, 0x3C, 0x00, 0x01, 0x80, 0x7E, 0x00, 0x00, 0x00, 0x00, 0x00, 0x00,
    0x00, 0x00, 0x00, 0x00, 0xFF, 0xF8, 0x00, 0x00, 0x00, 0x00, 0x00, 0x00,
    0x07, 0xF8, 0x00, 0x00, 0x00, 0x00, 0x00, 0x00, 0x00, 0x00, 0x00, 0x00,
    0x00, 0x00, 0x00, 0x00, 0x00, 0x00, 0x00, 0x00, 0xFF, 0xF8, 0xE0, 0x00,
    0x00, 0x00, 0x00, 0x00, 0x00, 0x00, 0x00, 0x00, 0x00, 0x00, 0x00, 0x00,
    0x00, 0x00, 0x00, 0x00, 0x00, 0x00, 0x00, 0x00, 0x00, 0x00, 0x00, 0x00,
    0xFF, 0xF8, 0x61, 0x00, 0x00, 0x00, 0x00, 0x00, 0x00, 0x00, 0x00, 0x00,
    0x00, 0x00, 0x00, 0x00, 0x00, 0x00, 0x00, 0x00, 0x00, 0x00, 0x00, 0x00,
    0x00, 0x00, 0x00, 0x00, 0xFF, 0xF3, 0xFF, 0x00, 0x03, 0xE0, 0x00, 0x00,
    0x00, 0x00, 0x00, 0x00, 0x00, 0x00, 0x00, 0x00, 0x00, 0x00, 0x00, 0x00,
    0x00, 0x00, 0x00, 0x00, 0x80, 0x00, 0x00, 0x00, 0xFF, 0xF0, 0x7F, 0xC0,
    0x1F, 0xFC, 0x00, 0x00, 0x00, 0x00, 0x00, 0x00, 0x00, 0x00, 0x00, 0x00,
    0x00, 0x00, 0x00, 0x00, 0x00, 0x00, 0x00, 0x06, 0x00, 0x00, 0x00, 0x00,
    0xFF, 0xF7, 0x3F, 0xC0, 0x77, 0xFD, 0x80, 0x00, 0x00, 0x00, 0x00, 0x00,
    0x00, 0x00, 0x00, 0x00, 0x00, 0x00, 0x00, 0x00, 0x00, 0x00, 0x00, 0x07,
    0x00, 0x00, 0x00, 0x00, 0xFF, 0xF7, 0xBF, 0x81, 0xFF, 0xFD, 0xC0, 0x00,
    0x00, 0x00, 0x00, 0x00, 0x00, 0x00, 0x00, 0x00, 0x00, 0x00, 0x00, 0x00,
    0x00, 0x00, 0x00, 0x00, 0x00, 0x00, 0x08, 0x00, 0xFF, 0xFF, 0xFF, 0xB7,
    0xFF, 0xFF, 0xF0, 0x00, 0x00, 0x00, 0x00, 0x00, 0x00, 0x00, 0x00, 0x00,
    0x00, 0x00, 0x00, 0x00, 0x00, 0x00, 0x00, 0x00, 0x02, 0x00, 0x1F, 0x00,
    0xFF, 0xFF, 0xFF, 0xFF, 0xFF, 0xFF, 0xF8, 0x00, 0x00, 0x00, 0x00, 0x00,
    0x00, 0x00, 0x00, 0x00, 0x00, 0x00, 0x00, 0x00, 0x04, 0x00, 0x00, 0x00,
    0x02, 0x00, 0x7F, 0xC0, 0xFF, 0xFF, 0xFF, 0xF7, 0xDF, 0xBF, 0xFF, 0x00,
    0x00, 0x00, 0x00, 0x00, 0x00, 0x00, 0x00, 0x00, 0x00, 0x00, 0x00, 0x00,
    0x06, 0x00, 0x00, 0x00, 0x03, 0x00, 0xFF, 0xC0, 0xFF, 0xFF, 0xFF, 0xFF,
    0xE7, 0xBF, 0xFF, 0x00, 0x00, 0x00, 0x00, 0x00, 0x00, 0x00, 0x00, 0x00,
    0x00, 0x00, 0x00, 0x00, 0x06, 0x00, 0x00, 0x01, 0x07, 0x00, 0xFF, 0xD0,
    0xFF, 0xFF, 0xFF, 0xFF, 0xE0, 0x7F, 0xC7, 0xC0, 0x00, 0x00, 0x00, 0x00,
    0x00, 0x00, 0x00, 0x00, 0x00, 0x00, 0x00, 0x00, 0x0E, 0x00, 0x00, 0x03,
    0x87, 0x0E, 0x7F, 0xF0, 0xFF, 0xFF, 0xFF, 0xFF, 0xC1, 0xFD, 0xEF, 0xE0,
    0x00, 0x00, 0x00, 0x00, 0x00, 0x00, 0x00, 0x00, 0x00, 0x00, 0x00, 0x04,
    0x0F, 0x00, 0x03, 0x17, 0x87, 0x1F, 0xFF, 0xF0, 0xFF, 0xFF, 0xFF, 0xFF,
    0xC1, 0xFF, 0xBE, 0x98, 0x00, 0x10, 0x00, 0x00, 0x00, 0x00, 0x00, 0x00,
    0x00, 0x00, 0x10, 0x02, 0x0F, 0x0C, 0x07, 0xFF, 0xE7, 0x9F, 0xFF, 0xF0,
    0xFF, 0xFF, 0xFF, 0xFF, 0xC0, 0x3C, 0x1E, 0xD0, 0x00, 0x00, 0x00, 0x00,
    0x00, 0x00, 0x00, 0x00, 0x00, 0x00, 0x20, 0x03, 0x1F, 0x9F, 0x87, 0xFF,
    0xEF, 0xBF, 0xFF, 0xF0, 0xFF, 0xFF, 0xFF, 0xFF, 0x9E, 0x68, 0x09, 0xE0,
    0x00, 0x00, 0x00, 0x00, 0x00, 0x00, 0x00, 0x00, 0x00, 0x01, 0x00, 0x02,
    0x1F, 0x9F, 0xCF, 0xFF, 0xEF, 0xFF, 0xFF, 0xF0, 0xFF, 0xFF, 0xFF, 0xFF,
    0xFF, 0xF0, 0x00, 0x00, 0x00, 0x00, 0x00, 0x00, 0x00, 0x00, 0x00, 0x00,
    0x00, 0x1C, 0x30, 0x03, 0x0F, 0xFF, 0x9F, 0xFF, 0xFF, 0xFF, 0xFF, 0xF0,
    0xFF, 0xFF, 0xFF, 0xFF, 0xFF, 0xF3, 0x80, 0x00, 0x00, 0x00, 0x00, 0x00,
    0x00, 0x00, 0x00, 0x00, 0x00, 0x08, 0x10, 0x07, 0x3F, 0xFF, 0xFF, 0xEF,
    0xFF, 0xFF, 0xFF, 0xF0, 0xFF, 0xFF, 0xFF, 0xFE, 0xFF, 0xFF, 0xC0, 0x00,
    0x00, 0x00, 0x00, 0x60, 0x00, 0x00, 0x00, 0x00, 0x18, 0x0C, 0x00, 0x07,
    0x3F, 0xFF, 0xFF, 0xDB, 0xFF, 0xFF, 0xFF, 0xF0, 0xFF, 0xFF, 0xFF, 0xEF,
    0xFF, 0xFF, 0xC8, 0x0E, 0x00, 0x00, 0x00, 0x44, 0x00, 0x00, 0x00, 0x00,
    0x38, 0x64, 0x0C, 0x17, 0xDF, 0xFF, 0xFF, 0x99, 0xFF, 0xFF, 0xFF, 0xF0,
    0xFF, 0xFF, 0xFF, 0xF3, 0xFF, 0xBF, 0xFC, 0x7E, 0x00, 0x00, 0x00, 0x00,
    0x00, 0x00, 0x00, 0x00, 0x60, 0xF0, 0x3E, 0x37, 0xFF, 0xFF, 0xFF, 0x1F,
    0xFF, 0xFF, 0xFF, 0xF0, 0xFF, 0xFF, 0xFF, 0xF7, 0xFF, 0xFF, 0xFC, 0xFF,
    0x80, 0x00, 0x00, 0x18, 0x00, 0x00, 0x00, 0x70, 0xE6, 0x80, 0xBE, 0x3F,
    0xFF, 0xFF, 0xFF, 0x8F, 0xFF, 0xFF, 0xFF, 0xF0, 0xFF, 0xFF, 0xFF, 0xF7,
    0xFF, 0xFF, 0xFF, 0xFF, 0xA7, 0x00, 0x00, 0x10, 0x00, 0x00, 0x01, 0xE1,
    0xC6, 0x01, 0xFF, 0xFF, 0xFF, 0xFF, 0x8E, 0x3F, 0xD7, 0xFF, 0xFE, 0xF0,
    0xFF, 0xFF, 0xFF, 0xFF, 0xFF, 0xFF, 0xFF, 0xFF, 0xFF, 0x9F, 0xE0, 0x00,
    0x00, 0x00, 0x03, 0xE3, 0x8E, 0x01, 0xFF, 0xFF, 0xFF, 0xDF, 0xAE, 0x7F,
    0xDF, 0xFF, 0xFF, 0xF0, 0xFF, 0xBF, 0xFF, 0xFF, 0xFF, 0xFF, 0xFF, 0xFF,
    0xFF, 0x9F, 0xF0, 0x00, 0x00, 0x00, 0x03, 0x00, 0xCE, 0x31, 0xFF, 0xFF,
    0xFF, 0xA7, 0x80, 0x7F, 0xFF, 0xFF, 0xFF, 0xF0, 0xFF, 0xFF, 0xFF, 0xFF,
    0xFF, 0xDF, 0xFF, 0xFF, 0xFF, 0xFF, 0xFF, 0x00, 0x00, 0x07, 0xC6, 0x7E,
    0x5F, 0xFF, 0xFF, 0xFF, 0xFF, 0xFF, 0xB7, 0xFF, 0xFF, 0xFE, 0xFF, 0xF0,
    0xFF, 0xFF, 0xBF, 0xFF, 0xFF, 0xFF, 0xFF, 0xFF, 0xFF, 0xFF, 0xFF, 0xC0,
    0x00, 0x3F, 0xFF, 0xEF, 0xEF, 0xFF, 0xFF, 0xFF, 0xFF, 0xFF, 0xFF, 0xFE,
    0x19, 0xF3, 0xFF, 0x80, 0xFF, 0xBF, 0xFF, 0xFF, 0xFF, 0xFF, 0xFF, 0xFF,
    0xFF, 0xFF, 0xFF, 0xFE, 0x73, 0xFF, 0xFF, 0xFF, 0xFF, 0xFF, 0xFF, 0xFF,
    0xFF, 0xFF, 0xFF, 0xFF, 0x87, 0xFF, 0xC0, 0x00, 0xFF, 0xFF, 0xFF, 0xFF,
    0xFF, 0xFF, 0xFF, 0xFF, 0xFC, 0x18, 0xFF, 0xFF, 0xF0, 0xBD, 0xF7, 0xFF,
    0xFF, 0xFF, 0xFE, 0xFF, 0xFF, 0xFF, 0xFE, 0x00, 0x0F, 0xE0, 0x01, 0x00,
    0xFF, 0xFF, 0xFF, 0xFF, 0xFF, 0xFC, 0x00, 0x03, 0x1E, 0x00, 0x00, 0x00,
    0x00, 0x00, 0x00, 0x7F, 0xFF, 0xFF, 0xFD, 0xFF, 0xFF, 0xEF, 0x80, 0x03,
    0xBF, 0x88, 0x03, 0x30, 0xFF, 0xFF, 0xFF, 0xFF, 0xFF, 0xFF, 0xFF, 0xFF,
    0xFF, 0xFF, 0xC0, 0x00, 0x00, 0x00, 0x00, 0x7F, 0xFF, 0xEF, 0xFF, 0xFD,
    0xFE, 0x08, 0x01, 0xFF, 0xFF, 0x3D, 0xCF, 0xF0, 0xFF, 0xFF, 0xFF, 0xFF,
    0xFF, 0xFF, 0xFC, 0xFF, 0x9E, 0x78, 0x80, 0x00, 0x00, 0x00, 0x00, 0x07,
    0xDE, 0x00, 0x17, 0xFF, 0xFF, 0xFF, 0xFD, 0xFF, 0xBF, 0xFF, 0xFF, 0xF0,
    0xFF, 0xFD, 0xFF, 0xFD, 0xFF, 0xFC, 0xFD, 0xFF, 0x9F, 0x78, 0xD8, 0x00,
    0x00, 0x00, 0x00, 0x00, 0x06, 0x7B, 0xFF, 0xFF, 0xFF, 0xFF, 0xFF, 0xFF,
    0x1F, 0xFF, 0xFF, 0xF0, 0xFF, 0xFF, 0xF1, 0xF8, 0xFF, 0xE0, 0x80, 0x00,
    0x04, 0x30, 0x00, 0x00, 0x00, 0x00, 0x00, 0x07, 0xCF, 0xF9, 0xFF, 0xFF,
    0xFF, 0xFF, 0xFF, 0xFF, 0x9F, 0x7F, 0xFF, 0xF0, 0xFF, 0xFF, 0xF1, 0xF0,
    0x3F, 0xFC, 0x00, 0x00, 0x00, 0x00, 0x00, 0x00, 0x00, 0x00, 0x00, 0x00,
    0x06, 0x01, 0xFF, 0x7F, 0xFF, 0xFF, 0xFF, 0xFD, 0x9E, 0x7F, 0xF0, 0x00,
    0xFF, 0xEF, 0xFB, 0xF0, 0x3F, 0xFC, 0x70, 0xE3, 0x00, 0x00, 0x00, 0x00,
    0x00, 0x00, 0x00, 0x00, 0x06, 0x01, 0xFF, 0xFF, 0xFF, 0xFF, 0xFF, 0xF8,
    0x0C, 0x3F, 0xFF, 0xF0, 0xFB, 0xFF, 0xFF, 0xFC, 0x3F, 0xFC, 0x00, 0x00,
    0x00, 0x00, 0x00, 0x00, 0x00, 0x00, 0x00, 0x00, 0x00, 0x01, 0xFE, 0x7F,
    0x9F, 0xFF, 0xFF, 0xF8, 0x0C, 0x3F, 0xFF, 0xF0, 0xFF, 0xFF, 0xFF, 0xFE,
    0x3F, 0xFC, 0xF0, 0x00, 0x00, 0x00, 0x00, 0x00, 0x00, 0x00, 0x00, 0x00,
    0x00, 0x00, 0x3C, 0x3F, 0x0F, 0x9F, 0xFF, 0xC0, 0x2C, 0x2F, 0xFD, 0xC0,
    0xFF, 0xFF, 0xFF, 0xFF, 0xFF, 0xFC, 0xFE, 0x00, 0x00, 0x00, 0x00, 0x00,
    0x00, 0x00, 0x00, 0x00, 0x00, 0x00, 0x30, 0x7F, 0xFF, 0xFF, 0xFD, 0x00,
    0x18, 0x07, 0xFF, 0xF0, 0xFF, 0xFE, 0x7F, 0xFF, 0xFF, 0xF0, 0xFE, 0x00,
    0x00, 0x00, 0x00, 0x00, 0x00, 0x00, 0x00, 0x00, 0x00, 0x00, 0x00, 0x2F,
    0xFF, 0xFF, 0xFD, 0xE0, 0x18, 0x00, 0x38, 0xF0, 0xFF, 0xEC, 0x7F, 0xFF,
    0xFF, 0x76, 0xFE, 0x07, 0xC0, 0x00, 0x00, 0x00, 0x00, 0x00, 0x00, 0x00,
    0x00, 0x00, 0x00, 0x07, 0x1F, 0x9F, 0x81, 0xF0, 0x3E, 0x0F, 0xF9, 0xF0,
    0xEF, 0xC4, 0x0F, 0xFF, 0xFF, 0xA7, 0xFF, 0x07, 0xD0, 0x00, 0x00, 0x00,
    0x00, 0x00, 0x00, 0x00, 0x00, 0x00, 0x00, 0x07, 0x8F, 0x9E, 0xFF, 0xFA,
    0x3E, 0x7F, 0xFF, 0xF0, 0xE7, 0x80, 0x0F, 0xFF, 0xFF, 0xBF, 0xFE, 0x67,
    0xD0, 0x00, 0x00, 0x00, 0x00, 0x00, 0x00, 0x00, 0x00, 0x00, 0x00, 0x01,
    0x9F, 0xFF, 0xFF, 0xC7, 0x79, 0xFC, 0x78, 0x00, 0xE3, 0x00, 0x1F, 0xFF,
    0xFF, 0xBF, 0xFC, 0xFF, 0xF0, 0x00, 0x00, 0x00, 0x00, 0x00, 0x00, 0x00,
    0x00, 0x00, 0x00, 0x02, 0x06, 0x04, 0x3F, 0x83, 0xFF, 0xFF, 0xF8, 0x00,
    0xE7, 0x00, 0x07, 0xFD, 0xFF, 0xFF, 0xFE, 0xFF, 0xF8, 0x00, 0x00, 0x00,
    0x00, 0x00, 0x00, 0x00, 0x00, 0x00, 0x00, 0x02, 0x0D, 0x00, 0x18, 0x83,
    0xFF, 0x00, 0x78, 0x00, 0xFF, 0x07, 0x83, 0xFD, 0xFF, 0xFF, 0xFF, 0xFF,
    0xFC, 0x00, 0x00, 0x00, 0x00, 0x00, 0x00, 0x00, 0x00, 0x00, 0x00, 0x00,
    0x06, 0x00, 0x10, 0x11, 0xFD, 0x88, 0xF8, 0x00, 0xBF, 0x87, 0x83, 0xFF,
    0xFF, 0xF8, 0xFF, 0xFF, 0xFC, 0x00, 0x00, 0x00, 0x00, 0x00, 0x00, 0x00,
    0x00, 0x00, 0x00, 0x00, 0x00, 0x00, 0x38, 0x1B, 0x58, 0xC0, 0xF8, 0x00,
    0xFF, 0xE3, 0x03, 0xBF, 0xFF, 0xFC, 0x7F, 0xFF, 0xFC, 0x00, 0x00, 0x00,
    0x00, 0x00, 0x00, 0x00, 0x00, 0x00, 0x00, 0x00, 0x00, 0x00, 0x38, 0x00,
    0x9A, 0x40, 0xF8, 0x00, 0xFF, 0xC0, 0x17, 0xBF, 0xE1, 0xFD, 0xFF, 0xFF,
    0xF9, 0x0C, 0x00, 0x00, 0x00, 0x00, 0x00, 0xC0, 0x00, 0x00, 0x00, 0x01,
    0x80, 0x00, 0x38, 0x00, 0x7A, 0x60, 0xF0, 0x00, 0xCB, 0xC0, 0x1F, 0xFF,
    0xC0, 0xFF, 0xFF, 0xFF, 0xFB, 0x89, 0x80, 0x00, 0x00, 0x00, 0x01, 0xC0,
    0x00, 0x70, 0x00, 0x01, 0x80, 0x00, 0x38, 0x18, 0xF8, 0x21, 0xF0, 0x00,
    0x81, 0xE2, 0x0F, 0xF1, 0xC0, 0xFF, 0xFF, 0xFF, 0xFB, 0xCF, 0x00, 0x00,
    0x00, 0x00, 0x00, 0xC0, 0x00, 0x70, 0x00, 0x01, 0xC0, 0x00, 0x38, 0x10,
    0xB0, 0x31, 0xF0, 0x00, 0x01, 0xFE, 0x1F, 0xF0, 0xC0, 0xE7, 0xFE, 0x7F,
    0xFF, 0xBF, 0xC0, 0x00, 0x00, 0x00, 0x01, 0xFE, 0x0E, 0x7F, 0x7D, 0xFF,
    0xFF, 0xFE, 0xFF, 0xF8, 0x00, 0x11, 0xF0, 0x00, 0x3C, 0x7F, 0xFF, 0xC0,
    0x40, 0x87, 0xFE, 0x3F, 0xFF, 0xBF, 0xE0, 0x00, 0x00, 0x00, 0x01, 0xFF,
    0xE3, 0x1F, 0xFE, 0x1F, 0xFF, 0xFF, 0xFF, 0xFF, 0xFF, 0x19, 0xF0, 0x00,
    0x18, 0xFF, 0xFF, 0x80, 0x00, 0x03, 0xF0, 0x7F, 0xFF, 0xFF, 0xC1, 0x00,
    0x00, 0x00, 0x00, 0xFF, 0xF0, 0xE7, 0xFF, 0xC7, 0xEF, 0xFF, 0xFF, 0xFF,
    0xFF, 0xF9, 0xE0, 0x00, 0x80, 0xFF, 0xDF, 0xC0, 0x00, 0x03, 0xFC, 0x7F,
    0xFF, 0xFF, 0x80, 0x00, 0x00, 0x00, 0x00, 0xFF, 0xFE, 0x1B, 0xFF, 0xF1,
    0xFF, 0xFF, 0xFF, 0xFF, 0xFF, 0xFD, 0xE2, 0x00, 0x8F, 0xFF, 0xFF, 0xC0,
    0x00, 0x0F, 0xC7, 0xFB, 0xFF, 0xFF, 0x84, 0x20, 0x00, 0x00, 0x01, 0xDF,
    0xFF, 0xFF, 0xFF, 0xFF, 0xFF, 0xFF, 0xFF, 0xFF, 0xFF, 0xFD, 0xE6, 0x10,
    0xFF, 0xFF, 0xFF, 0xE0, 0x3C, 0x0F, 0xF7, 0xFF, 0xFF, 0xFF, 0xBD, 0x80,
    0x00, 0x00, 0x03, 0xE7, 0xFF, 0xFF, 0xFF, 0xFF, 0xFF, 0xFF, 0xFF, 0xFF,
    0xAF, 0xFF, 0xE6, 0x30, 0xFF, 0xFF, 0xFC, 0xF0, 0x7A, 0x01, 0xFF, 0xFF,
    0xFF, 0xFF, 0x7C, 0x80, 0x00, 0x00, 0x02, 0xC0, 0xFF, 0xFF, 0xFF, 0xFF,
    0xFF, 0xFF, 0xFF, 0xFF, 0x87, 0xF7, 0xC6, 0x70, 0xFF, 0xFF, 0xFF, 0xFC,
    0x7B, 0x00, 0xFF, 0xCF, 0xFF, 0xFF, 0xF8, 0x00, 0x00, 0x00, 0x04, 0xC0,
    0xE0, 0x70, 0x00, 0x01, 0xCF, 0x0F, 0xCF, 0xF9, 0x8B, 0xF7, 0xC0, 0xF0,
    0xFF, 0xFF, 0xFF, 0xF0, 0x3F, 0x00, 0xFF, 0xEF, 0xFF, 0xFF, 0xFF, 0x80,
    0x00, 0x00, 0x09, 0xE0, 0xF0, 0x70, 0x00, 0x03, 0xC7, 0xFF, 0xFB, 0xF8,
    0x03, 0x7B, 0xC1, 0xF0, 0xFF, 0xFF, 0xFF, 0xE0, 0x3E, 0x00, 0xFF, 0xFF,
    0xFF, 0xFF, 0xFF, 0xC0, 0x00, 0x00, 0x39, 0xE0, 0xF0, 0x70, 0x01, 0x81,
    0xFF, 0xFF, 0xFE, 0xF0, 0x06, 0x7B, 0x83, 0xF0, 0xFF, 0xFF, 0xFF, 0xC0,
    0x0C, 0x00, 0xFB, 0xFF, 0xFF, 0xFF, 0xFF, 0x00, 0x00, 0x00, 0x71, 0xC0,
    0xF0, 0xF0, 0x0D, 0xCF, 0xFF, 0xFF, 0xFD, 0xF0, 0x06, 0x7B, 0x87, 0xF0,
    0xFF, 0xFF, 0xFF, 0xC0, 0x00, 0x13, 0xFF, 0xFF, 0xFF, 0xFF, 0xFB, 0x00,
    0x00, 0x01, 0xC1, 0xC0, 0xE0, 0x70, 0x01, 0xFF, 0xFF, 0xFF, 0xF3, 0xF0,
    0x5F, 0x7F, 0x87, 0xF0, 0xFF, 0xFF, 0xFF, 0xC0, 0x00, 0x1F, 0xEF, 0xFF,
    0xFF, 0xFF, 0xFF, 0xE2, 0x00, 0x03, 0x01, 0xE0, 0xF0, 0x70, 0x7F, 0xFF,
    0xFF, 0xFF, 0x9F, 0xFA, 0x76, 0x3F, 0x8F, 0xE0, 0xFF, 0xFF, 0xFF, 0xF0,
    0x40, 0x0F, 0xFF, 0xFF, 0xFF, 0xFF, 0xFC, 0xC0, 0x00, 0x00, 0xC1, 0xE9,
    0xFF, 0xF7, 0xFF, 0xFE, 0xFF, 0xFE, 0x7F, 0xFF, 0x70, 0x3F, 0x9F, 0xC0,
    0xFF, 0xFF, 0xFF, 0xF0, 0xC0, 0x0F, 0xFB, 0xFF, 0xFF, 0xFF, 0xF8, 0x00,
    0x00, 0x00, 0x01, 0xC0, 0xF8, 0x7F, 0xFF, 0xFF, 0x1F, 0xF3, 0xFF, 0xFF,
    0xF0, 0x3F, 0x1F, 0xC0, 0xFF, 0xFF, 0xFF, 0xFF, 0xC0, 0x0F, 0xF3, 0xFF,
    0xFF, 0xFF, 0xC0, 0x00, 0x00, 0x00, 0x19, 0xEE, 0xF4, 0xFF, 0xFF, 0xFF,
    0xF3, 0xDF, 0xFF, 0xFF, 0xFE, 0x3F, 0x3F, 0x80, 0xFF, 0xFF, 0xFF, 0xFF,
    0xE0, 0x1F, 0xFF, 0xFF, 0xFF, 0xFF, 0xD8, 0x00, 0x00, 0x00, 0x04, 0xE0,
    0xF7, 0x7F, 0xFF, 0xFF, 0xE3, 0xFF, 0xF7, 0xFF, 0xFF, 0x3F, 0x3F, 0x80,
    0xFF, 0xFF, 0xFF, 0xFF, 0xE1, 0xFF, 0xFF, 0xFF, 0xFF, 0xFF, 0xFC, 0x00,
    0x00, 0x00, 0x01, 0xC0, 0xE3, 0xE3, 0xFF, 0xFE, 0x7F, 0xFF, 0x93, 0xFF,
    0xFF, 0xFF, 0x7F, 0x40, 0xFF, 0xFF, 0xFF, 0xFF, 0xFF, 0xFC, 0xC7, 0xFF,
    0xFF, 0xF7, 0x7C, 0x04, 0x00, 0x00, 0x03, 0xFF, 0xFF, 0xFF, 0x89, 0xFF,
    0xFF, 0xFF, 0x83, 0xFF, 0xFF, 0xFF, 0x7E, 0xC0, 0xFF, 0xFF, 0xFF, 0xFF,
    0xFF, 0xFD, 0xFF, 0xBF, 0xF9, 0xFF, 0xB8, 0x04, 0x00, 0x00, 0x01, 0xFF,
    0xFF, 0xFF, 0xFF, 0xFF, 0xFF, 0xFF, 0x18, 0xFD, 0x87, 0x3F, 0xFE, 0x80,
    0xFF, 0xFF, 0xFF, 0xFD, 0xFF, 0xFF, 0xFF, 0x9F, 0xF9, 0xE0, 0x00, 0x0C,
    0x00, 0x00, 0x01, 0xEF, 0xFF, 0xFF, 0xFF, 0xFF, 0xFF, 0xFE, 0x1F, 0xFD,
    0xFB, 0x1F, 0xFC, 0x80, 0xFF, 0xFF, 0xFF, 0xFF, 0xFF, 0xFF, 0xFF, 0xFF,
    0xF8, 0xCF, 0x90, 0x08, 0x00, 0x08, 0x01, 0xC1, 0xFF, 0xFF, 0xFF, 0xFF,
    0xFF, 0xFF, 0x8C, 0xFD, 0xFD, 0x1F, 0xFE, 0x80, 0xFF, 0xFF, 0xFF, 0xFF,
    0xFF, 0xFF, 0xFE, 0xF9, 0xF8, 0xC7, 0xF0, 0x32, 0x00, 0x00, 0x3F, 0xFF,
    0xFF, 0xFF, 0xFF, 0xFF, 0xFF, 0xFF, 0xEC, 0xFF, 0x9D, 0x9F, 0xFF, 0x10,
    0xFF, 0xFF, 0xFF, 0xFF, 0xFF, 0xFF, 0xFB, 0xFF, 0xCE, 0x00, 0x00, 0x17,
    0x00, 0x00, 0x01, 0xFF, 0xFA, 0xFF, 0xFF, 0xFF, 0xFF, 0xFF, 0xEF, 0xFF,
    0xE1, 0x9F, 0xF7, 0x70, 0xF0, 0x7F, 0xFF, 0xFF, 0xFF, 0xFF, 0xB9, 0xF7,
    0xFE, 0x08, 0x07, 0x17, 0x00, 0x08, 0x00, 0xDF, 0xFF, 0xFF, 0xFF, 0xFF,
    0xFF, 0xFF, 0xFF, 0xFF, 0xF1, 0xCF, 0xF3, 0xF0, 0xF0, 0x03, 0xFF, 0xFF,
    0xFF, 0xFF, 0xFF, 0xF7, 0xFF, 0x0C, 0x03, 0x94, 0x00, 0x00, 0x01, 0xC0,
    0xFF, 0xFF, 0xFF, 0xFF, 0xFF, 0xFF, 0xFF, 0xFF, 0xF9, 0xCF, 0xE3, 0xF0,
    0xE4, 0x00, 0xFF, 0xFF, 0xFF, 0xFF, 0xFF, 0xE7, 0xFF, 0xD8, 0x03, 0xDC,
    0x3C, 0x00, 0x03, 0xFF, 0xFF, 0xFF, 0xFF, 0xFF, 0xFF, 0xFF, 0xFF, 0x7F,
    0xFD, 0x47, 0xE7, 0xF0, 0xF0, 0x0F, 0x9F, 0xFF, 0xFC, 0xFF, 0xFF, 0xCF,
    0xFF, 0xDB, 0x01, 0xD8, 0x7E, 0x00, 0x00, 0xFF, 0xFF, 0xFF, 0xFF, 0xFF,
    0xFF, 0xFF, 0xBF, 0x7F, 0xFF, 0x67, 0xC7, 0xF0, 0xF1, 0xFF, 0x8F, 0xFF,
    0xFF, 0xFF, 0xFF, 0xFE, 0xBF, 0x73, 0x88, 0x49, 0xF8, 0x00, 0x00, 0x00,
    0xE0, 0xFF, 0xFF, 0xFF, 0xFF, 0xFF, 0xFF, 0xFF, 0xBF, 0x67, 0xFF, 0xE0,
    0xFF, 0xFF, 0xE7, 0xFF, 0xFA, 0xFF, 0xFF, 0xFC, 0xFC, 0x64, 0x00, 0x6B,
    0xE0, 0x00, 0x01, 0xC7, 0xFF, 0xFF, 0xFF, 0xFF, 0xFF, 0xFF, 0xFF, 0xF8,
    0x1F, 0xA7, 0xFF, 0xC0, 0xFF, 0xFF, 0xE3, 0xFF, 0xFF, 0xFF, 0xFF, 0xFE,
    0xCC, 0x78, 0x1C, 0xBF, 0x80, 0x00, 0x00, 0x9F, 0xFF, 0xFF, 0xFF, 0xFF,
    0xFF, 0xFF, 0xFF, 0xFD, 0x1F, 0xF7, 0xBF, 0xD0, 0xFF, 0xFF, 0xF3, 0xFF,
    0xFF, 0xFF, 0xFF, 0xFA, 0xDD, 0x71, 0x9F, 0x3E, 0x00, 0x00, 0x00, 0x07,
    0xFF, 0xFF, 0xFF, 0xFF, 0xFF, 0xFD, 0xD9, 0xF9, 0x0F, 0xF7, 0xFF, 0x70,
    0xFF, 0xFF, 0xFF, 0xFF, 0xFF, 0xFF, 0xFF, 0xFF, 0xFF, 0x6F, 0xDF, 0x3C,
    0x00, 0x00, 0x01, 0x80, 0xE3, 0xFF, 0xFF, 0xFF, 0xFF, 0xFF, 0xFF, 0xE0,
    0xFF, 0xF7, 0xFE, 0x60, 0xFF, 0xFE, 0xFF, 0xFF, 0xFF, 0xFF, 0xFF, 0xFF,
    0xFF, 0x7E, 0x6F, 0xDC, 0x70, 0x30, 0x00, 0x00, 0x63, 0xFF, 0xFF, 0xFF,
    0xFF, 0xFC, 0x7F, 0xE1, 0xC7, 0xF7, 0xFC, 0xC0, 0xFF, 0xF7, 0xFF, 0xFF,
    0xFF, 0xFF, 0xFF, 0xFF, 0xFF, 0xF8, 0x0F, 0xDF, 0xF0, 0x10, 0x20, 0x01,
    0xFF, 0xFF, 0xFF, 0xFF, 0xC3, 0xFE, 0xFF, 0xFF, 0x8B, 0xFF, 0xFC, 0xF0,
    0xFF, 0xFF, 0xFF, 0xFE, 0xFF, 0xFF, 0xFF, 0xFF, 0xFF, 0xEE, 0x07, 0xDF,
    0xE0, 0x03, 0xF0, 0x3D, 0xFF, 0xFF, 0xFF, 0xFF, 0xDF, 0x9F, 0x7F, 0xDF,
    0xFF, 0xFF, 0xFC, 0xF0, 0xFF, 0xFF, 0xFF, 0xFE, 0x1F, 0xFF, 0xFF, 0xFF,
    0xFF, 0xFF, 0xE3, 0xFF, 0xE0, 0x01, 0xC0, 0x1F, 0xF1, 0xFF, 0xFF, 0xFE,
    0x7F, 0x0F, 0x7F, 0xFF, 0xFD, 0xFF, 0xFD, 0xF0, 0xFF, 0xFF, 0xFF, 0xFE,
    0x07, 0xFF, 0xFF, 0xFF, 0xFF, 0xFF, 0xFB, 0xFF, 0x97, 0xC0, 0x07, 0x0F,
    0xFF, 0xFF, 0xFF, 0xFE, 0x1F, 0xFF, 0xBF, 0xBF, 0xFC, 0xFF, 0xFB, 0xF0,
    0xFF, 0xFF, 0xFF, 0xF9, 0xFB, 0xFF, 0xFF, 0xFF, 0xFF, 0xFF, 0xFF, 0xFE,
    0x07, 0xDF, 0x8F, 0xD8, 0x07, 0xE1, 0xF3, 0x24, 0x9F, 0xFF, 0xBF, 0x7D,
    0xFE, 0xFF, 0xFF, 0xF0, 0xFF, 0xFF, 0xFF, 0xFD, 0xFF, 0xFF, 0xFF, 0xFF,
    0xFF, 0xFF, 0xFF, 0xFF, 0xFF, 0xFF, 0xF0, 0x01, 0x08, 0xDF, 0xFC, 0x00,
    0x7D, 0xFB, 0xFF, 0xF8, 0xFF, 0x7F, 0xFF, 0xF0, 0xFF, 0xFF, 0xFF, 0xFF,
    0xFF, 0xFF, 0xFF, 0xFF, 0xFF, 0xFF, 0xFF, 0xFF, 0xFD, 0xFF, 0xF8, 0x00,
    0xDF, 0xFF, 0xFF, 0xFE, 0xFE, 0xFF, 0xFF, 0xFB, 0xFF, 0xFF, 0xBF, 0xF0,
    0xFF, 0xFF, 0xFF, 0xFF, 0xFC, 0x7F, 0xFF, 0xFF, 0xFF, 0xFF, 0xFF, 0xFF,
    0xF3, 0xFE, 0x3C, 0xFF, 0xFF, 0xFF, 0xFF, 0xFF, 0xFF, 0xFF, 0xFF, 0xFF,
    0xDF, 0xFF, 0xFF, 0xE0, 0xFF, 0xFF, 0xFF, 0xFF, 0xF8, 0x7F, 0xFF, 0xFF,
    0xFF, 0xFF, 0xFF, 0xFF, 0xFE, 0x1F, 0xFF, 0x3F, 0xF8, 0x0F, 0xFF, 0x9F,
    0x7F, 0xFF, 0xFF, 0xFF, 0xEF, 0xFF, 0xFF, 0xC0, 0xFF, 0xFF, 0xFF, 0xFF,
    0xFF, 0xFF, 0xFF, 0xFF, 0xFF, 0xFF, 0xFF, 0xFF, 0xFF, 0xBF, 0xFF, 0x03,
    0xFC, 0x03, 0xFF, 0xE7, 0xBF, 0xCF, 0xFF, 0xEE, 0xFF, 0xFF, 0xFF, 0x90,
    0xFF, 0xFF, 0xFF, 0xFF, 0xFF, 0xFF, 0xFF, 0xFF, 0xFF, 0xFF, 0xFF, 0xFF,
    0xFF, 0xFF, 0xFF, 0x83, 0x7F, 0xFF, 0xFE, 0x07, 0xBF, 0xCF, 0xFF, 0xDF,
    0x7B, 0xFF, 0xFF, 0x30,
};
static_assert(sizeof(clock_gallery_image_02) == CLOCK_GALLERY_IMAGE_BYTES_PER_ROW * CLOCK_GALLERY_IMAGE_HEIGHT,
              "clock_gallery_image_02 payload size mismatch");

// 星期三.png
static const uint8_t clock_gallery_image_03[] = {
    0x00, 0x00, 0x00, 0x00, 0x00, 0x00, 0x00, 0x00, 0x00, 0x00, 0x00, 0x00,
    0x00, 0x00, 0x00, 0x00, 0x00, 0x00, 0x00, 0x00, 0x00, 0x00, 0x00, 0x00,
    0x00, 0x00, 0x00, 0x00, 0x00, 0x00, 0x00, 0x00, 0x00, 0x00, 0x00, 0x00,
    0x00, 0x00, 0x00, 0x00, 0x00, 0x00, 0x00, 0x00, 0x00, 0x00, 0x00, 0x00,
    0x00, 0x00, 0x00, 0x00, 0x00, 0x00, 0x00, 0x00, 0x00, 0x00, 0x00, 0x00,
    0x00, 0x00, 0x00, 0x00, 0x00, 0x00, 0x00, 0x00, 0x00, 0x00, 0x00, 0x00,
    0x00, 0x00, 0x00, 0x00, 0x00, 0x00, 0x00, 0x00, 0x00, 0x00, 0x00, 0x00,
    0x00, 0x00, 0x00, 0x00, 0x00, 0x00, 0x00, 0x00, 0x00, 0x00, 0x00, 0x00,
    0x00, 0x00, 0x00, 0x00, 0x00, 0x00, 0x00, 0x00, 0x00, 0x00, 0x00, 0x00,
    0x00, 0x00, 0x00, 0x00, 0x00, 0x00, 0x00, 0x00, 0x00, 0x00, 0x00, 0x00,
    0x00, 0x00, 0x00, 0x00, 0x00, 0x00, 0x00, 0x00, 0x00, 0x00, 0x00, 0x00,
    0x00, 0x00, 0x00, 0x00, 0x00, 0x00, 0x00, 0x00, 0x00, 0x00, 0x00, 0x00,
    0x00, 0x00, 0x00, 0x00, 0x00, 0x00, 0x00, 0x00, 0x00, 0x00, 0x00, 0x00,
    0x00, 0x00, 0x00, 0x00, 0x00, 0x00, 0x00, 0x00, 0x00, 0x00, 0x00, 0x00,
    0x00, 0x00, 0x00, 0x00, 0x00, 0x00, 0x00, 0x00, 0x00, 0x00, 0x00, 0x00,
    0x00, 0x00, 0x00, 0x00, 0x00, 0x00, 0x00, 0x00, 0x00, 0x00, 0x00, 0x00,
    0x00, 0x00, 0x00, 0x00, 0x00, 0x00, 0x00, 0x00, 0x00, 0x00, 0x00, 0x00,
    0x00, 0x00, 0x00, 0x00, 0x00, 0x00, 0x00, 0x00, 0x00, 0x00, 0x00, 0x00,
    0x00, 0x00, 0x00, 0x00, 0x00, 0x00, 0x00, 0x00, 0x00, 0x00, 0x00, 0x00,
    0x00, 0x00, 0x00, 0x00, 0x00, 0x00, 0x00, 0x00, 0x00, 0x00, 0x00, 0x00,
    0x00, 0x00, 0x00, 0x00, 0x00, 0x00, 0x00, 0x00, 0x00, 0x00, 0x00, 0x00,
    0x00, 0x00, 0x00, 0x00, 0x00, 0x00, 0x00, 0x00, 0x00, 0x00, 0x00, 0x00,
    0x00, 0x00, 0x00, 0x00, 0x00, 0x00, 0x00, 0x00, 0x00, 0x00, 0x00, 0x00,
    0x00, 0x00, 0x00, 0x00, 0x00, 0x00, 0x00, 0x00, 0x00, 0x00, 0x00, 0x00,
    0x00, 0x00, 0x00, 0x00, 0x00, 0x00, 0x00, 0x00, 0x00, 0x00, 0x00, 0x00,
    0x00, 0x00, 0x00, 0x00, 0x00, 0x00, 0x00, 0x00, 0x00, 0x00, 0x00, 0x00,
    0x00, 0x00, 0x00, 0x00, 0x00, 0x00, 0x00, 0x00, 0x00, 0x00, 0x00, 0x00,
    0x00, 0x00, 0x00, 0x00, 0x00, 0x00, 0x00, 0x00, 0x00, 0x00, 0x00, 0x00,
    0x00, 0x00, 0x00, 0x00, 0x00, 0x00, 0x00, 0x00, 0x00, 0x00, 0x00, 0x00,
    0x00, 0x00, 0x00, 0x00, 0x00, 0x00, 0x00, 0x00, 0x00, 0x00, 0x00, 0x00,
    0x00, 0x00, 0x00, 0x00, 0x00, 0x00, 0x00, 0x00, 0x00, 0x00, 0x00, 0x00,
    0x00, 0x00, 0x00, 0x00, 0x00, 0x00, 0x00, 0x00, 0x00, 0x00, 0x00, 0x00,
    0x00, 0x00, 0x00, 0x00, 0x00, 0x00, 0x00, 0x00, 0x00, 0x00, 0x00, 0x00,
    0x00, 0x00, 0x00, 0x00, 0x00, 0x00, 0x00, 0x00, 0x00, 0x00, 0x00, 0x00,
    0x00, 0x00, 0x00, 0x00, 0x00, 0x00, 0x00, 0x00, 0x00, 0x00, 0x00, 0x00,
    0x00, 0x00, 0x00, 0x00, 0x00, 0x00, 0x00, 0x00, 0x00, 0x00, 0x00, 0x00,
    0x00, 0x00, 0x00, 0x00, 0x00, 0x00, 0x00, 0x00, 0x00, 0x00, 0x00, 0x00,
    0x00, 0x00, 0x00, 0x00, 0x00, 0x00, 0x00, 0x00, 0x00, 0x00, 0x00, 0x00,
    0x00, 0x00, 0x00, 0x00, 0x00, 0x00, 0x00, 0x00, 0x00, 0x00, 0x00, 0x00,
    0x00, 0x00, 0x00, 0x00, 0x00, 0x00, 0x00, 0x00, 0x00, 0x00, 0x00, 0x00,
    0x00, 0x00, 0x00, 0x00, 0x00, 0x00, 0x00, 0x00, 0x00, 0x00, 0x00, 0x00,
    0x00, 0x00, 0x00, 0x00, 0x00, 0x00, 0x00, 0x00, 0x00, 0x00, 0x00, 0x00,
    0x00, 0x00, 0x00, 0x00, 0x00, 0x00, 0x00, 0x00, 0x00, 0x00, 0x00, 0x00,
    0x00, 0x00, 0x00, 0x00, 0x00, 0x00, 0x00, 0x00, 0x00, 0x00, 0x00, 0x00,
    0x00, 0x00, 0x00, 0x00, 0x00, 0x00, 0x00, 0x00, 0x00, 0x00, 0x00, 0x00,
    0x00, 0x00, 0x00, 0x00, 0x00, 0x00, 0x00, 0x00, 0x00, 0x00, 0x00, 0x00,
    0x00, 0x00, 0x00, 0x00, 0x00, 0x00, 0x00, 0x00, 0x00, 0x00, 0x00, 0x00,
    0x00, 0x00, 0x00, 0x00, 0x00, 0x00, 0x00, 0x00, 0x00, 0x04, 0x00, 0x00,
    0x00, 0x00, 0x00, 0x00, 0x00, 0x00, 0x00, 0x00, 0x00, 0x00, 0x00, 0x00,
    0x00, 0x00, 0x00, 0x00, 0x00, 0x00, 0x00, 0x00, 0x00, 0x00, 0x00, 0x00,
    0x00, 0x06, 0x00, 0x00, 0x00, 0x00, 0x00, 0x00, 0x00, 0x00, 0x00, 0x00,
    0x00, 0x00, 0x00, 0x00, 0x00, 0x00, 0x00, 0x00, 0x00, 0x00, 0x00, 0x00,
    0x00, 0x00, 0x00, 0x00, 0x00, 0x06, 0x04, 0x00, 0x00, 0x00, 0x00, 0x00,
    0x00, 0x00, 0x00, 0x00, 0x00, 0x00, 0x00, 0x00, 0x06, 0x82, 0x00, 0x00,
    0x00, 0x00, 0x00, 0x00, 0x00, 0x00, 0x00, 0x00, 0x00, 0x0E, 0x0C, 0x00,
    0x00, 0x00, 0x00, 0x00, 0x00, 0x00, 0x00, 0x00, 0x00, 0x00, 0x00, 0x00,
    0x0F, 0xC0, 0x00, 0x00, 0x00, 0x00, 0x00, 0x00, 0x00, 0x00, 0x00, 0x00,
    0x0C, 0x06, 0x0C, 0x00, 0x00, 0x00, 0x00, 0x00, 0x00, 0x00, 0x00, 0x00,
    0x00, 0x00, 0x00, 0x00, 0x07, 0xC0, 0x00, 0x00, 0x00, 0x00, 0x00, 0x00,
    0x00, 0x00, 0x00, 0x00, 0x0C, 0x04, 0x18, 0x00, 0x00, 0x00, 0x00, 0x00,
    0x00, 0x00, 0x00, 0x00, 0x00, 0x00, 0x00, 0x00, 0x67, 0xC2, 0x30, 0x00,
    0x00, 0x00, 0x00, 0x00, 0x00, 0x00, 0x00, 0x00, 0x06, 0x00, 0x10, 0x00,
    0x00, 0x00, 0x00, 0x00, 0x00, 0x00, 0x00, 0x00, 0x00, 0x00, 0x00, 0x00,
    0x7E, 0x88, 0x38, 0x00, 0x00, 0x00, 0x00, 0x00, 0x00, 0x00, 0x00, 0x00,
    0x03, 0x00, 0x00, 0xF0, 0x00, 0x00, 0x00, 0x00, 0x00, 0x00, 0x00, 0x00,
    0x00, 0x00, 0x00, 0x00, 0xFF, 0x1D, 0xF0, 0x00, 0x00, 0x00, 0x00, 0x00,
    0x00, 0x00, 0x00, 0x00, 0x00, 0x00, 0x01, 0xC0, 0x00, 0x00, 0x00, 0x00,
    0x00, 0x00, 0x00, 0x00, 0x00, 0x00, 0x00, 0x00, 0xFF, 0xFF, 0xE3, 0x00,
    0x00, 0x00, 0x00, 0x00, 0x00, 0x00, 0x00, 0x00, 0x70, 0x00, 0x01, 0x00,
    0x00, 0x00, 0x00, 0x00, 0x00, 0x00, 0x00, 0x00, 0x00, 0x00, 0x00, 0x00,
    0xFF, 0xF9, 0xE3, 0x00, 0x00, 0x00, 0x00, 0x00, 0x00, 0x00, 0x00, 0x00,
    0x38, 0x00, 0x00, 0x00, 0x00, 0x00, 0x00, 0x00, 0x00, 0x00, 0x00, 0x00,
    0x00, 0x00, 0x00, 0x00, 0xF3, 0xFB, 0xEF, 0x00, 0x00, 0x00, 0x00, 0x00,
    0x00, 0x00, 0x00, 0x00, 0x00, 0x00, 0x00, 0x00, 0x00, 0x00, 0x00, 0x00,
    0x00, 0x00, 0x00, 0x00, 0x00, 0x00, 0x00, 0x00, 0xF3, 0xFF, 0xFE, 0x98,
    0x00, 0x00, 0x00, 0x00, 0x00, 0x00, 0x00, 0x00, 0x00, 0x00, 0x00, 0x00,
    0x00, 0x00, 0x00, 0x00, 0x00, 0x00, 0x00, 0x00, 0x00, 0x00, 0x00, 0x00,
    0xF3, 0xFF, 0xDC, 0x78, 0x00, 0x00, 0x07, 0x00, 0x00, 0x00, 0x00, 0x00,
    0x00, 0x00, 0x00, 0x00, 0x00, 0x00, 0x08, 0x00, 0x00, 0x00, 0x00, 0x00,
    0x00, 0x00, 0x00, 0x00, 0xFF, 0xFF, 0xB9, 0xC0, 0x00, 0x00, 0x07, 0x80,
    0x00, 0x03, 0x80, 0x00, 0x01, 0x80, 0x00, 0x00, 0x00, 0x00, 0x1C, 0x00,
    0x00, 0x00, 0x00, 0x00, 0x00, 0x00, 0x00, 0x00, 0xFB, 0xFF, 0xF9, 0xC0,
    0x00, 0x00, 0x07, 0x80, 0x00, 0x03, 0xC0, 0x00, 0x03, 0x80, 0x00, 0x00,
    0x00, 0x00, 0x1E, 0x00, 0x00, 0x00, 0x00, 0x00, 0x00, 0x00, 0x00, 0x00,
    0xFF, 0xFF, 0xFB, 0xE8, 0x00, 0x00, 0x07, 0xC0, 0x00, 0x03, 0xC0, 0x00,
    0x03, 0x80, 0x00, 0x00, 0x00, 0x00, 0x1E, 0x00, 0x00, 0x00, 0x00, 0x00,
    0x00, 0x00, 0x00, 0x00, 0xFF, 0xFF, 0x7E, 0x10, 0x00, 0x00, 0x07, 0xC0,
    0x00, 0x07, 0xC0, 0x00, 0x03, 0x80, 0x00, 0x00, 0x00, 0x00, 0x1E, 0x00,
    0x00, 0x00, 0x00, 0x00, 0x00, 0x00, 0x00, 0x00, 0xFF, 0xFF, 0x7E, 0x50,
    0x00, 0x00, 0x07, 0xC0, 0x00, 0x07, 0xC0, 0x00, 0x03, 0x80, 0x00, 0x00,
    0x00, 0x00, 0x1E, 0x00, 0x00, 0x00, 0x00, 0x00, 0x00, 0x00, 0x00, 0x00,
    0xFF, 0xFF, 0xFF, 0x80, 0x00, 0x00, 0x03, 0xC0, 0x00, 0x07, 0x80, 0x00,
    0x03, 0x80, 0x00, 0x00, 0x00, 0x00, 0x1C, 0x00, 0x00, 0x00, 0x00, 0x00,
    0x00, 0x00, 0x00, 0x00, 0xFF, 0xFF, 0xFF, 0xC0, 0x00, 0x40, 0x03, 0xE0,
    0x00, 0x07, 0x80, 0x00, 0x03, 0x80, 0x00, 0x00, 0x00, 0x00, 0x1C, 0x00,
    0x00, 0x00, 0x00, 0x00, 0x00, 0x00, 0x00, 0x00, 0xFF, 0xFF, 0xFF, 0x80,
    0x00, 0xE0, 0x03, 0xE0, 0x00, 0x07, 0x80, 0x00, 0x03, 0x80, 0x00, 0x00,
    0x00, 0x00, 0x1C, 0x00, 0x00, 0x00, 0x00, 0x00, 0x00, 0x00, 0x00, 0x00,
    0xFF, 0xFF, 0xFF, 0xF0, 0x00, 0xE0, 0x03, 0xE0, 0x38, 0x0F, 0x80, 0x00,
    0x03, 0x80, 0x00, 0x00, 0x00, 0x00, 0x3C, 0x00, 0x00, 0x00, 0x00, 0x0C,
    0x00, 0x00, 0x00, 0x00, 0xFF, 0xFF, 0xBF, 0x30, 0x00, 0x70, 0x03, 0xE0,
    0x3C, 0x0F, 0x80, 0x00, 0x07, 0x80, 0x00, 0x00, 0x00, 0x00, 0x3C, 0x00,
    0x00, 0x00, 0x00, 0x1C, 0x00, 0x00, 0x00, 0x00, 0xFF, 0xFF, 0xFF, 0xC0,
    0x00, 0x72, 0x01, 0xF0, 0x7C, 0x0F, 0x80, 0x00, 0x07, 0x80, 0x00, 0x00,
    0x00, 0x00, 0x1C, 0x00, 0x00, 0x00, 0x00, 0x18, 0x00, 0x00, 0x00, 0x00,
    0xFF, 0xFF, 0xFF, 0xC0, 0x00, 0x27, 0x01, 0xF0, 0x7E, 0x0F, 0x00, 0x00,
    0x07, 0x80, 0x00, 0x0C, 0x0F, 0x80, 0x3C, 0x0C, 0x00, 0x00, 0x01, 0x38,
    0x00, 0x00, 0x00, 0x00, 0xFF, 0xFF, 0xF7, 0xE0, 0x00, 0x07, 0x01, 0xF0,
    0x7E, 0x0F, 0x03, 0x80, 0x17, 0x80, 0xE0, 0x3F, 0x1F, 0xC3, 0xFC, 0x3F,
    0x06, 0x04, 0x03, 0xB0, 0x00, 0x00, 0x00, 0x00, 0xFF, 0xFF, 0xFD, 0xC0,
    0x00, 0x17, 0x01, 0xF0, 0xFE, 0x1F, 0x0F, 0xC0, 0xFF, 0x99, 0xF0, 0x7F,
    0xBC, 0x87, 0xFC, 0x7F, 0x86, 0x0E, 0x03, 0xA0, 0x00, 0x00, 0x00, 0x00,
    0xFF, 0xFF, 0xE0, 0x00, 0x01, 0xC6, 0x00, 0xF0, 0xFF, 0x1F, 0x1F, 0xE1,
    0xFF, 0x9F, 0xF8, 0xF3, 0xBC, 0x0F, 0xFC, 0x7B, 0x8E, 0x1E, 0x01, 0x8F,
    0x00, 0x00, 0x00, 0x00, 0xFF, 0xFF, 0xEE, 0x06, 0x41, 0xF2, 0x00, 0xF8,
    0xFF, 0x1F, 0x3E, 0xF3, 0xEF, 0x9F, 0xB8, 0xE3, 0xBC, 0x0E, 0x3C, 0xF3,
    0x8E, 0x1E, 0x01, 0xBE, 0x00, 0x00, 0x00, 0x00, 0xFF, 0xF9, 0xFE, 0x30,
    0x20, 0xFC, 0x60, 0xF9, 0xEF, 0x9E, 0x78, 0xE7, 0xC7, 0x9F, 0x39, 0xE7,
    0x9C, 0x1E, 0x3C, 0xE3, 0x8E, 0x1E, 0x01, 0xFC, 0x00, 0x00, 0x00, 0x00,
    0xFF, 0xFF, 0xDE, 0x73, 0x80, 0x06, 0x70, 0xF9, 0xEF, 0x9E, 0x79, 0xE7,
    0x87, 0x9E, 0x39, 0xCF, 0x1E, 0x1C, 0x3D, 0xE3, 0x8E, 0x1E, 0x09, 0x80,
    0x00, 0x00, 0x00, 0x00, 0xFF, 0xFF, 0x9E, 0x3F, 0x80, 0x02, 0x70, 0x79,
    0xE7, 0x9E, 0x73, 0xC7, 0x07, 0x9E, 0x39, 0xFE, 0x0F, 0x9C, 0x3D, 0xC7,
    0x8E, 0x3E, 0x19, 0x00, 0x00, 0x00, 0x00, 0x00, 0xFF, 0xDE, 0x7C, 0xFF,
    0xF8, 0x01, 0x70, 0x7D, 0xE7, 0xFE, 0x7F, 0x8F, 0x07, 0xBE, 0x39, 0xFC,
    0x07, 0x9C, 0x3D, 0xC7, 0x8E, 0x3E, 0x1A, 0x00, 0x00, 0x00, 0x00, 0x00,
    0xFF, 0xFE, 0xF9, 0x3F, 0x40, 0x01, 0x70, 0x7F, 0xC7, 0xFE, 0xFF, 0x0F,
    0x07, 0xBC, 0x39, 0xE0, 0x03, 0xDC, 0x7D, 0xC7, 0x8E, 0x7E, 0x1E, 0x00,
    0x00, 0x00, 0x30, 0x00, 0xFF, 0xFF, 0xFF, 0x1F, 0x40, 0x3E, 0xF0, 0x3F,
    0xC3, 0xFC, 0xF8, 0x0F, 0x0F, 0xBC, 0x39, 0xC0, 0x01, 0xDC, 0x7D, 0xCF,
    0x8E, 0x7E, 0x1D, 0xF8, 0x00, 0x00, 0x40, 0x00, 0xFF, 0xFF, 0xFF, 0xFF,
    0xE4, 0x7F, 0xE0, 0x3F, 0xC3, 0xFC, 0x70, 0x0F, 0x1F, 0xBC, 0x3D, 0xE3,
    0xB1, 0xDF, 0xFD, 0xFF, 0xCF, 0xFC, 0x0F, 0xF8, 0x00, 0x0F, 0xC0, 0x00,
    0xFF, 0xFF, 0xFF, 0xFF, 0xEC, 0x1F, 0xF0, 0x3F, 0xC1, 0xFC, 0x78, 0x77,
    0xBF, 0xBC, 0x3E, 0xFF, 0xBF, 0xCF, 0xFE, 0xFF, 0xF7, 0xFC, 0x1F, 0xE0,
    0x00, 0x01, 0x80, 0x00, 0xFF, 0xFF, 0xDF, 0xFF, 0xF0, 0x04, 0x18, 0x3F,
    0x81, 0xFC, 0x7F, 0xF7, 0xFF, 0xDC, 0x1E, 0x7F, 0x3F, 0x8F, 0xDE, 0xF9,
    0xE7, 0xFC, 0x30, 0x00, 0x00, 0x00, 0x00, 0x00, 0xFF, 0xFF, 0xFF, 0xFF,
    0xF8, 0x00, 0x0C, 0x1F, 0x80, 0xFC, 0x3F, 0xE3, 0xFB, 0xD8, 0x0C, 0x3E,
    0x0F, 0x03, 0x0C, 0x30, 0x40, 0x3C, 0x60, 0x00, 0x00, 0x00, 0x00, 0x00,
    0xFF, 0xFF, 0xFF, 0xFF, 0xF2, 0x00, 0x00, 0x1F, 0x80, 0xF8, 0x1F, 0xC1,
    0xE1, 0x80, 0x00, 0x00, 0x00, 0x00, 0x00, 0x00, 0x00, 0x3C, 0x00, 0x00,
    0x00, 0x00, 0x00, 0x00, 0xFF, 0xFF, 0xFB, 0xFF, 0xF0, 0x00, 0x00, 0x0F,
    0x00, 0x70, 0x02, 0x00, 0x00, 0x00, 0x00, 0x00, 0x00, 0x00, 0x00, 0x00,
    0x00, 0x3C, 0x00, 0x00, 0x00, 0x00, 0x00, 0x00, 0xFF, 0xFF, 0xFF, 0xFF,
    0xC0, 0x00, 0x00, 0x0E, 0x00, 0x00, 0x00, 0x00, 0x00, 0x00, 0x00, 0x00,
    0x00, 0x00, 0x00, 0x00, 0x00, 0x78, 0x00, 0x00, 0x00, 0x00, 0x00, 0x00,
    0xFF, 0xFF, 0xFF, 0xFF, 0xC0, 0x00, 0x00, 0x00, 0x00, 0x00, 0x00, 0x00,
    0x00, 0x00, 0x00, 0x00, 0x00, 0x00, 0x00, 0x00, 0x00, 0x78, 0x00, 0x00,
    0x00, 0x00, 0x00, 0x00, 0xFF, 0xFF, 0xFF, 0xFF, 0xF1, 0xC0, 0x00, 0x00,
    0x00, 0x00, 0x00, 0x00, 0x00, 0x03, 0xFF, 0xFF, 0xFF, 0xC0, 0x00, 0x00,
    0x00, 0x78, 0x00, 0x00, 0x00, 0x30, 0x00, 0x00, 0xFF, 0xFF, 0xFF, 0xFF,
    0xF9, 0xC0, 0x00, 0x00, 0x00, 0x00, 0x00, 0x00, 0x0F, 0xFF, 0xFF, 0xFF,
    0xFF, 0xFF, 0x00, 0x00, 0x00, 0xF8, 0x00, 0x00, 0x00, 0x60, 0x00, 0x00,
    0xFF, 0xFF, 0xFF, 0xFF, 0xF9, 0xF0, 0x00, 0x00, 0x00, 0x00, 0x00, 0x03,
    0xFF, 0xFF, 0xE0, 0x00, 0x00, 0x03, 0x63, 0x00, 0xC1, 0xF0, 0x00, 0x00,
    0x00, 0xC0, 0x00, 0x00, 0xFF, 0xFF, 0xFF, 0xFF, 0xFF, 0xF6, 0x00, 0x00,
    0x00, 0x00, 0x00, 0x7F, 0xFC, 0x00, 0x00, 0x00, 0x00, 0x00, 0x03, 0x00,
    0xFF, 0xE0, 0x00, 0x00, 0x3E, 0x80, 0x00, 0x00, 0xFF, 0xFF, 0xFF, 0xEF,
    0x7F, 0xFF, 0x00, 0x00, 0x00, 0x00, 0x03, 0xF8, 0x00, 0x00, 0x00, 0x00,
    0x00, 0x00, 0x00, 0x00, 0x7F, 0xE0, 0x00, 0x00, 0x07, 0x80, 0x00, 0x00,
    0xFF, 0xFF, 0xFF, 0xEF, 0xE7, 0xFE, 0x00, 0x00, 0x00, 0x00, 0x00, 0x00,
    0x00, 0x00, 0x00, 0x00, 0x00, 0x00, 0x00, 0x00, 0x3F, 0xC0, 0x00, 0x00,
    0x01, 0x00, 0x00, 0x00, 0xFF, 0xFF, 0xFF, 0xFF, 0xFF, 0xFC, 0x00, 0x00,
    0x00, 0x00, 0x00, 0x00, 0x00, 0x00, 0x00, 0x00, 0x00, 0x00, 0x00, 0x00,
    0x0E, 0x00, 0x00, 0x00, 0x00, 0x00, 0x00, 0x00, 0xFF, 0xFF, 0xFD, 0xFF,
    0xFF, 0xFC, 0x00, 0x00, 0x00, 0x00, 0x00, 0x00, 0x00, 0x00, 0x00, 0x00,
    0x00, 0x00, 0x00, 0x00, 0x00, 0x00, 0x00, 0x00, 0x00, 0x00, 0x00, 0x00,
    0xFF, 0xFF, 0xFF, 0xFF, 0xFF, 0xFC, 0xC0, 0x00, 0x00, 0x00, 0x00, 0x00,
    0x00, 0x00, 0x00, 0x00, 0x00, 0x00, 0x00, 0x00, 0x00, 0x00, 0x00, 0x00,
    0x00, 0x00, 0x00, 0x00, 0xFF, 0xFF, 0xFF, 0xFF, 0xFF, 0xFF, 0x80, 0x00,
    0x00, 0x00, 0x00, 0x00, 0x00, 0x00, 0x00, 0x00, 0x00, 0x00, 0x00, 0x00,
    0x00, 0x00, 0x00, 0x00, 0x00, 0x00, 0x00, 0x00, 0xFF, 0xFF, 0xFF, 0xFF,
    0xFF, 0xFF, 0x80, 0x00, 0x1F, 0xFF, 0xFF, 0x00, 0x06, 0x07, 0x03, 0xFC,
    0x00, 0x00, 0x00, 0x00, 0x00, 0x00, 0x00, 0x00, 0x00, 0x00, 0x00, 0x00,
    0xFF, 0xFF, 0xEF, 0xFF, 0xFF, 0xFF, 0xE0, 0x03, 0xFF, 0xFF, 0xFF, 0x80,
    0x0F, 0x07, 0x8F, 0xFF, 0x00, 0x00, 0x00, 0x00, 0x00, 0x00, 0x00, 0x00,
    0x00, 0x00, 0x00, 0x00, 0xFF, 0xFF, 0x7F, 0xFF, 0xFF, 0xFF, 0x80, 0x07,
    0xFF, 0xFF, 0xFF, 0xC0, 0x0F, 0x07, 0x8F, 0xFF, 0x80, 0x00, 0x00, 0x00,
    0x00, 0x00, 0x00, 0x00, 0x00, 0x00, 0x00, 0x00, 0xFF, 0xFE, 0xFF, 0xFF,
    0xFF, 0xFB, 0x80, 0x07, 0xFF, 0xFF, 0xFF, 0xC0, 0x0F, 0x07, 0x8F, 0xFF,
    0x80, 0x00, 0x00, 0x00, 0x00, 0x00, 0x00, 0x00, 0x00, 0x00, 0x00, 0x00,
    0xFF, 0xFF, 0xEF, 0xFF, 0xFF, 0xF3, 0x80, 0x07, 0xFC, 0x00, 0x0F, 0xC0,
    0x0F, 0x07, 0x8F, 0xFF, 0x80, 0x03, 0xFF, 0xFE, 0x00, 0x00, 0x00, 0x00,
    0x00, 0x00, 0x00, 0x00, 0xFE, 0xFE, 0x7F, 0xFF, 0xFF, 0xF8, 0x00, 0x07,
    0xC0, 0x00, 0x07, 0xC0, 0x7F, 0xFF, 0xFF, 0x07, 0x80, 0xFF, 0xFF, 0xFF,
    0x80, 0x00, 0x00, 0x00, 0x00, 0x00, 0x00, 0x00, 0xFF, 0xFF, 0xFD, 0xFF,
    0xFF, 0xF8, 0x00, 0x07, 0xC0, 0x00, 0x07, 0xC0, 0xFF, 0xFF, 0xFF, 0x07,
    0x81, 0xFF, 0xFF, 0xFF, 0xC0, 0x00, 0x00, 0x00, 0x00, 0x00, 0x00, 0x00,
    0xFF, 0xCF, 0xFF, 0xFF, 0xFF, 0xFC, 0x00, 0x07, 0xFF, 0xFF, 0xFF, 0xC0,
    0xFF, 0xFF, 0xFF, 0x07, 0x81, 0xFF, 0xFF, 0xFF, 0xC0, 0x00, 0x00, 0x00,
    0x00, 0x00, 0x00, 0x00, 0xFF, 0xDF, 0xFF, 0xFF, 0xFF, 0xFE, 0x00, 0x07,
    0xFF, 0xFF, 0xFF, 0xC0, 0xFF, 0xFF, 0xEF, 0x07, 0x81, 0xFF, 0xFF, 0xFF,
    0x80, 0x00, 0x00, 0x00, 0x00, 0x00, 0x00, 0x00, 0xFF, 0xDF, 0xFF, 0xFF,
    0xFF, 0xFE, 0x00, 0x07, 0xFF, 0xFF, 0xFF, 0xC0, 0x0F, 0x07, 0x8F, 0x07,
    0x80, 0xFF, 0xFF, 0xFF, 0x00, 0x00, 0x00, 0x00, 0x00, 0x00, 0x00, 0x00,
    0xFF, 0xFF, 0xFF, 0xFF, 0xEF, 0xEC, 0x00, 0x07, 0xFF, 0xFF, 0xFF, 0xC0,
    0x0F, 0x07, 0x8F, 0x07, 0x80, 0x00, 0x00, 0x00, 0x00, 0x00, 0x00, 0x00,
    0x00, 0x00, 0x00, 0x00, 0xFF, 0xFF, 0xFF, 0xFC, 0xDF, 0xE0, 0x00, 0x07,
    0xC0, 0x00, 0x07, 0xC0, 0x0F, 0x07, 0x8F, 0x07, 0x80, 0x00, 0x00, 0x00,
    0x00, 0x00, 0x00, 0x00, 0x00, 0x00, 0x00, 0x00, 0xFF, 0xFF, 0xFF, 0xFC,
    0x0D, 0xE8, 0x00, 0x07, 0xC0, 0x00, 0x0F, 0xC0, 0x0F, 0xFF, 0x8F, 0xFF,
    0xC0, 0x00, 0x00, 0x00, 0x00, 0x00, 0x00, 0x00, 0x00, 0x00, 0x00, 0x00,
    0xFF, 0xFF, 0xFF, 0xFF, 0xC1, 0xFC, 0x00, 0x07, 0xC0, 0x00, 0x0F, 0xC0,
    0x0F, 0xFF, 0x8F, 0xFF, 0x80, 0x00, 0x00, 0x00, 0x00, 0x00, 0x00, 0x00,
    0x00, 0x00, 0x00, 0x00, 0xFF, 0xFF, 0xFF, 0xFF, 0xC0, 0x0C, 0x00, 0x07,
    0xFF, 0xFF, 0xFF, 0xC0, 0x0F, 0xFF, 0x8F, 0xFF, 0xC0, 0x00, 0x00, 0x00,
    0x00, 0x00, 0x00, 0x00, 0x00, 0x00, 0x00, 0x00, 0xFF, 0xFF, 0xFF, 0xFF,
    0xC7, 0x00, 0x00, 0x07, 0xFF, 0xFF, 0xFF, 0x80, 0x0F, 0xFF, 0x8F, 0xF7,
    0xC0, 0x00, 0x00, 0x00, 0x00, 0x00, 0x00, 0x00, 0x00, 0x00, 0x00, 0x00,
    0xFF, 0xFF, 0xFF, 0xFF, 0xE6, 0x00, 0x00, 0x03, 0xFF, 0xFF, 0xFF, 0x80,
    0x0F, 0x07, 0x8F, 0x03, 0xC0, 0x00, 0x00, 0x00, 0x00, 0x00, 0x00, 0x00,
    0x00, 0x00, 0x00, 0x00, 0xFF, 0xFF, 0xFF, 0xFF, 0xFF, 0xC0, 0x00, 0x01,
    0xFF, 0xFF, 0xFE, 0x00, 0x0F, 0x07, 0x8F, 0x07, 0xC0, 0x00, 0x00, 0x00,
    0x00, 0x00, 0x00, 0x00, 0x00, 0x00, 0x00, 0x00, 0xFF, 0xFF, 0xFF, 0xFF,
    0xFF, 0xE8, 0x00, 0x00, 0x70, 0x38, 0x00, 0x00, 0x0F, 0x07, 0x8F, 0x07,
    0xC0, 0x1F, 0xFF, 0xFE, 0x00, 0x00, 0x00, 0x00, 0x00, 0x00, 0x00, 0x00,
    0xFF, 0xFF, 0xFF, 0xFF, 0xFF, 0xDC, 0x00, 0x00, 0xF8, 0x7C, 0x00, 0x00,
    0x0F, 0xFF, 0x8F, 0x07, 0xC0, 0x3F, 0xFF, 0xFF, 0x00, 0x00, 0x00, 0x00,
    0x00, 0x00, 0x00, 0x00, 0xFF, 0xFF, 0xFF, 0xFF, 0xFD, 0xCC, 0x00, 0x01,
    0xF8, 0x7C, 0x00, 0x00, 0x0F, 0xFF, 0x8F, 0x07, 0xC0, 0x7F, 0xFF, 0xFF,
    0x00, 0x00, 0x00, 0x00, 0x00, 0x00, 0x00, 0x00, 0xFF, 0xFF, 0xFF, 0xFF,
    0xFF, 0xFC, 0x00, 0x01, 0xFF, 0xFF, 0xFF, 0x00, 0x0F, 0xFF, 0x8F, 0x03,
    0xC0, 0x7F, 0xFF, 0xFE, 0x00, 0x00, 0x00, 0x00, 0x00, 0x00, 0x00, 0x00,
    0xFF, 0xFF, 0xFF, 0xFF, 0xFF, 0xFD, 0x80, 0x03, 0xFF, 0xFF, 0xFF, 0x80,
    0x0F, 0xCF, 0x8F, 0xFF, 0xC0, 0x3F, 0xFF, 0xFC, 0x00, 0x00, 0x00, 0x00,
    0x00, 0x00, 0x00, 0x00, 0xFF, 0xFF, 0xFF, 0xFF, 0xFF, 0xFF, 0xC0, 0x03,
    0xFF, 0xFF, 0xFF, 0x80, 0x0F, 0x07, 0x8F, 0xFF, 0xC0, 0x00, 0x00, 0x00,
    0x00, 0x00, 0x00, 0x00, 0x00, 0x00, 0x00, 0x00, 0xFF, 0xE7, 0xFF, 0xFF,
    0xFF, 0xF5, 0x80, 0x07, 0xFF, 0xFF, 0xFF, 0x80, 0x0F, 0x07, 0x8F, 0xFF,
    0xC0, 0x00, 0x00, 0x00, 0x00, 0x00, 0x00, 0x00, 0x00, 0x00, 0x00, 0x00,
    0xFF, 0xF7, 0xFF, 0xFF, 0xFF, 0xF8, 0x00, 0x0F, 0xE0, 0x7C, 0x00, 0x00,
    0x0F, 0x07, 0x8F, 0xFF, 0xC0, 0x00, 0x00, 0x00, 0x00, 0x00, 0x00, 0x00,
    0x00, 0x00, 0x00, 0x00, 0xFF, 0xFF, 0xFF, 0xFF, 0xFF, 0xFC, 0x00, 0x1F,
    0xC0, 0x7C, 0x00, 0x00, 0x7F, 0xFF, 0xEF, 0x03, 0xC0, 0x00, 0x00, 0x00,
    0x00, 0x00, 0x00, 0x00, 0x00, 0x00, 0x00, 0x00, 0xFF, 0xFF, 0xFF, 0xFF,
    0xFF, 0xFF, 0x80, 0x1F, 0x80, 0x7C, 0x00, 0x00, 0xFF, 0xFF, 0xFF, 0x03,
    0xC0, 0x00, 0x00, 0x00, 0x00, 0x00, 0x00, 0x00, 0x00, 0x00, 0x00, 0x00,
    0xFF, 0xFF, 0xFF, 0xFF, 0xFF, 0xFB, 0x80, 0x1F, 0x00, 0x7F, 0xF0, 0x01,
    0xFF, 0xFF, 0xFF, 0x03, 0xC0, 0x00, 0x00, 0x00, 0x00, 0x00, 0x00, 0x00,
    0x00, 0x00, 0x00, 0x00, 0xFF, 0xFF, 0xFF, 0xFF, 0xF3, 0xF3, 0x00, 0x1E,
    0x3F, 0xFF, 0xFF, 0x00, 0xFF, 0xFF, 0xEF, 0x03, 0xC0, 0x00, 0x00, 0x00,
    0x00, 0x00, 0x00, 0x00, 0x00, 0x00, 0x00, 0x00, 0xFF, 0xFF, 0xFF, 0xFF,
    0xFF, 0x60, 0x00, 0x0C, 0x7F, 0xFF, 0xFF, 0x00, 0x07, 0x0C, 0x1F, 0x03,
    0xC0, 0x00, 0x00, 0x00, 0x00, 0x00, 0x00, 0x00, 0x00, 0x00, 0x00, 0x00,
    0xFF, 0xFF, 0xFB, 0xFF, 0x3C, 0x70, 0x00, 0x00, 0x7F, 0xFF, 0xFF, 0x00,
    0x07, 0x9E, 0x1F, 0x03, 0xC0, 0x00, 0x3F, 0xFF, 0xE0, 0x00, 0x00, 0x00,
    0x00, 0x00, 0x00, 0x00, 0xFF, 0xFF, 0xFE, 0x7F, 0xF8, 0x20, 0x00, 0x00,
    0x3F, 0xFE, 0x00, 0x00, 0x0F, 0x8F, 0x1E, 0x03, 0xC3, 0xFF, 0xFF, 0xFF,
    0xF8, 0x00, 0x00, 0x00, 0x00, 0x00, 0x00, 0x20, 0xFF, 0xFF, 0xFF, 0x3F,
    0xFC, 0x00, 0x00, 0x00, 0x00, 0x7C, 0x00, 0x00, 0x0F, 0x8F, 0x9E, 0x03,
    0xC7, 0xFF, 0xFF, 0xFF, 0xF8, 0x00, 0x00, 0x00, 0x00, 0x60, 0x00, 0x20,
    0xFF, 0xFF, 0xFE, 0x3F, 0xBC, 0x00, 0x00, 0x00, 0x00, 0x7C, 0x00, 0x00,
    0x1F, 0x0F, 0x9E, 0x07, 0xCF, 0xFF, 0xFF, 0xFF, 0xF8, 0x00, 0x80, 0x00,
    0x00, 0x60, 0x00, 0xF0, 0xFF, 0xFF, 0xFE, 0x3B, 0x84, 0x40, 0x00, 0x00,
    0x00, 0x7F, 0xFF, 0xE0, 0x3F, 0x07, 0xFE, 0x07, 0xCF, 0xFF, 0xFF, 0xFF,
    0xF8, 0x00, 0x00, 0x00, 0x00, 0x60, 0x04, 0xF0, 0xFF, 0xFF, 0xFF, 0xF9,
    0x00, 0x00, 0x00, 0x0F, 0xFF, 0xFF, 0xFF, 0xF8, 0x3E, 0x07, 0xFE, 0x3F,
    0xC7, 0xFF, 0xFF, 0xFF, 0xF0, 0x00, 0x00, 0x00, 0x00, 0xE0, 0x06, 0xF0,
    0xFF, 0xFF, 0xFF, 0xFC, 0x00, 0x09, 0x00, 0x1F, 0xFF, 0xFF, 0xFF, 0xFC,
    0x3E, 0x03, 0xFC, 0x3F, 0xC1, 0xC0, 0x00, 0x00, 0x00, 0x00, 0x00, 0x00,
    0x00, 0x70, 0x0E, 0xF0, 0xFF, 0xFF, 0xFC, 0xFC, 0x00, 0x08, 0x00, 0x1F,
    0xFF, 0xFF, 0xFF, 0xF8, 0x3C, 0x01, 0x3C, 0x3F, 0x80, 0x00, 0x00, 0x00,
    0x00, 0x00, 0x00, 0x00, 0x00, 0xF0, 0x0E, 0xF0, 0xFF, 0xFF, 0xFF, 0xF8,
    0x3E, 0x06, 0x00, 0x1F, 0xFF, 0xFF, 0xFF, 0xF8, 0x18, 0x00, 0x18, 0x1F,
    0x00, 0x00, 0x00, 0x00, 0x00, 0x00, 0x00, 0x00, 0x00, 0xF0, 0x1F, 0xF0,
    0xFF, 0xFF, 0xFF, 0xFF, 0x7F, 0x83, 0x50, 0x07, 0xE0, 0x00, 0x00, 0x00,
    0x00, 0x00, 0x00, 0x00, 0x00, 0x00, 0x00, 0x00, 0x00, 0x00, 0x00, 0x03,
    0x00, 0xF0, 0x1F, 0xF0, 0xFF, 0xFF, 0xFF, 0xFF, 0xBF, 0x80, 0x0C, 0x00,
    0x00, 0x00, 0x00, 0x00, 0x00, 0x00, 0x00, 0x00, 0x00, 0x00, 0x00, 0x00,
    0x00, 0x00, 0x00, 0x03, 0x01, 0xF0, 0x3F, 0xF0, 0xFF, 0xFF, 0xFF, 0xFF,
    0xFF, 0x80, 0x0E, 0x00, 0x00, 0x00, 0x00, 0x00, 0x00, 0x00, 0x00, 0x00,
    0x00, 0x00, 0x00, 0x00, 0x00, 0x00, 0x00, 0x03, 0x01, 0xF8, 0x3F, 0xF0,
    0x3F, 0xFF, 0xFF, 0xFF, 0xFF, 0xC0, 0x03, 0x00, 0x00, 0x00, 0x00, 0x00,
    0x00, 0x00, 0x00, 0x00, 0x00, 0x00, 0x00, 0x00, 0x00, 0x00, 0x00, 0x07,
    0x01, 0xF8, 0x3F, 0xF0, 0x3F, 0xDF, 0xFF, 0xFF, 0xFF, 0xE0, 0x00, 0x00,
    0x00, 0x00, 0x00, 0x00, 0x00, 0x00, 0x00, 0x00, 0x00, 0x00, 0x00, 0x00,
    0x00, 0x00, 0x00, 0x07, 0x01, 0xF8, 0xFF, 0xF0, 0xFF, 0xFF, 0xFF, 0xFF,
    0xFF, 0xCC, 0x00, 0x60, 0x00, 0x00, 0x00, 0x00, 0x00, 0x00, 0x00, 0x00,
    0x00, 0x00, 0x00, 0x00, 0x00, 0x00, 0x00, 0x07, 0x1F, 0xF9, 0xFF, 0xF0,
    0xFF, 0xFB, 0xFF, 0xFF, 0xFF, 0xDD, 0x00, 0x40, 0x00, 0x00, 0x00, 0x00,
    0x00, 0x00, 0x00, 0x00, 0x00, 0x00, 0x00, 0x00, 0x00, 0x00, 0x00, 0x0F,
    0xB3, 0xFD, 0xFF, 0xF0, 0xFF, 0xFF, 0xFF, 0xFF, 0xFF, 0xFF, 0x84, 0x00,
    0x00, 0x00, 0x00, 0x00, 0x00, 0x00, 0x00, 0x00, 0x00, 0x00, 0x00, 0x00,
    0x00, 0x00, 0x01, 0x0F, 0xA3, 0xFD, 0xFF, 0xF0, 0xFF, 0xFD, 0xFF, 0xFF,
    0xFF, 0xFE, 0x00, 0x1F, 0x00, 0x00, 0x00, 0x00, 0x00, 0x00, 0x00, 0x00,
    0x00, 0x00, 0x00, 0x00, 0x00, 0x00, 0x03, 0x07, 0x83, 0xFF, 0xFF, 0xF0,
    0xFF, 0xFF, 0xFF, 0xFF, 0xFF, 0xFF, 0xC1, 0x0F, 0xE0, 0x00, 0x00, 0x00,
    0x00, 0x00, 0x00, 0x00, 0x00, 0x00, 0x00, 0x00, 0x00, 0x70, 0x1F, 0x4F,
    0x83, 0xFF, 0xFF, 0xE0, 0xFF, 0xFF, 0xFF, 0xFF, 0xFF, 0xFF, 0x80, 0x0F,
    0xFC, 0x00, 0x00, 0x00, 0x00, 0x00, 0x00, 0x00, 0x00, 0x00, 0x00, 0x00,
    0x06, 0xF8, 0x3F, 0xCF, 0xD7, 0xFF, 0xFE, 0xE0, 0xFF, 0xFF, 0xFF, 0xFF,
    0xFF, 0xFF, 0x80, 0x07, 0xFF, 0x00, 0x00, 0x00, 0x00, 0x00, 0x00, 0x00,
    0x00, 0x00, 0x00, 0x00, 0x0F, 0xFB, 0x1F, 0xFF, 0xFF, 0xFF, 0xFF, 0xD0,
    0xFF, 0xFF, 0xFF, 0xFF, 0xFF, 0xF7, 0x1D, 0xC4, 0xFF, 0xE0, 0x00, 0x00,
    0x00, 0x00, 0x00, 0x00, 0x00, 0x00, 0x00, 0x00, 0x1F, 0xFF, 0x9F, 0xDF,
    0xFF, 0xFF, 0x7F, 0xC0, 0xFF, 0xFF, 0xFF, 0xFF, 0xFF, 0xFC, 0x1F, 0xE4,
    0xEC, 0x7C, 0x00, 0x00, 0x00, 0x00, 0x00, 0x00, 0x00, 0x00, 0x00, 0x00,
    0x1F, 0xFF, 0xFB, 0x3F, 0xFF, 0xFF, 0xF7, 0x70, 0xFF, 0xFF, 0xFF, 0xFF,
    0xFF, 0xFF, 0xFF, 0xEC, 0xFF, 0x1F, 0xC0, 0x00, 0x00, 0x80, 0x00, 0x00,
    0x00, 0x00, 0x00, 0x04, 0x1F, 0xFF, 0xF8, 0x7F, 0xFF, 0xFF, 0xFF, 0x30,
    0xFF, 0xFF, 0xFF, 0xFF, 0xFF, 0xFF, 0xFF, 0xFE, 0xFF, 0x0F, 0xE0, 0x00,
    0x00, 0x00, 0x00, 0x00, 0x00, 0x00, 0x00, 0x36, 0x7F, 0xFF, 0xF2, 0x5F,
    0xEF, 0xFF, 0xFF, 0xF0, 0xFF, 0xFF, 0xFF, 0xFF, 0xFF, 0xFF, 0xFF, 0xFF,
    0xFF, 0x9E, 0x1C, 0x00, 0x00, 0x00, 0x00, 0x00, 0x00, 0x00, 0x00, 0x3F,
    0xFF, 0xF3, 0xFF, 0xBF, 0xFF, 0xFF, 0xFF, 0xF0, 0xFF, 0xFF, 0xFF, 0xFF,
    0xFF, 0xFF, 0xFF, 0xFF, 0xF1, 0xFF, 0x3F, 0x80, 0x00, 0x00, 0x00, 0x00,
    0x00, 0x00, 0x00, 0xFF, 0xFF, 0xFF, 0xFF, 0xFF, 0xFF, 0xFF, 0xFB, 0xF0,
    0xFF, 0xFF, 0xFF, 0xFF, 0xFF, 0xFF, 0xFF, 0xFF, 0xF7, 0xF7, 0x1F, 0xD0,
    0x00, 0x00, 0x00, 0x00, 0x00, 0x00, 0x00, 0xF7, 0xFF, 0xFC, 0xDF, 0xFF,
    0xEF, 0xFF, 0xFF, 0xC0, 0xFF, 0xFF, 0xFF, 0xFF, 0xFF, 0xFF, 0xFF, 0xFF,
    0xFF, 0x21, 0x80, 0x3C, 0x00, 0x00, 0x00, 0x00, 0x00, 0x30, 0x01, 0xFE,
    0xFF, 0xFB, 0xCF, 0xFF, 0xFF, 0xFF, 0xFF, 0xF0, 0xFF, 0xFF, 0xFF, 0xFF,
    0xFF, 0xFF, 0xFF, 0xFF, 0xFF, 0xC1, 0xF8, 0x1F, 0x00, 0x00, 0x00, 0x00,
    0x00, 0xFC, 0x18, 0xFE, 0xFF, 0xFF, 0x3F, 0xFF, 0xFF, 0xFF, 0xFF, 0xF0,
    0xFF, 0xFF, 0xFF, 0xFF, 0xFF, 0xFF, 0xFF, 0xFF, 0xFF, 0xE6, 0x0C, 0x03,
    0xE0, 0x00, 0x00, 0x00, 0x00, 0xFC, 0x7C, 0xFF, 0xFF, 0xFF, 0x7F, 0xFF,
    0xFF, 0xFF, 0xFF, 0xF0, 0xFF, 0xFF, 0xFF, 0xFF, 0xFF, 0xFF, 0xFB, 0xFF,
    0xDF, 0xFF, 0x00, 0x07, 0xF0, 0x00, 0x00, 0x00, 0x19, 0xFC, 0x7F, 0xFF,
    0xFF, 0xFF, 0xDF, 0xFA, 0xFF, 0xFF, 0xFF, 0xF0, 0xFF, 0xFF, 0xFF, 0xFF,
    0xFF, 0xFF, 0xFF, 0xFF, 0xFF, 0xF9, 0x80, 0x01, 0x8D, 0x00, 0x00, 0x00,
    0x3C, 0xFF, 0xFF, 0xFF, 0xFF, 0xFF, 0xDF, 0xFE, 0x7F, 0xFF, 0xFF, 0xF0,
    0xFF, 0xFF, 0xFF, 0xFF, 0xFF, 0xFF, 0xFE, 0x9F, 0xFF, 0xF8, 0x90, 0x20,
    0x0C, 0x70, 0x00, 0x0C, 0x3F, 0xFF, 0xFF, 0xFF, 0xFF, 0xFF, 0xFF, 0xFE,
    0x37, 0xFF, 0xFF, 0xF0, 0xFE, 0xFF, 0xFE, 0xFF, 0xFF, 0xFF, 0xFF, 0xFF,
    0xFF, 0xFE, 0xF1, 0x00, 0x00, 0x03, 0x01, 0xFE, 0x7F, 0xFF, 0xFF, 0xFF,
    0xFF, 0xFF, 0xFF, 0xFF, 0x97, 0x3F, 0xFF, 0xF0, 0xF7, 0xFF, 0xFF, 0xFF,
    0xFF, 0xFF, 0xFF, 0xF5, 0xFF, 0xFF, 0xFC, 0x03, 0xC0, 0x40, 0x33, 0xFF,
    0xFF, 0xFF, 0xFF, 0xFF, 0xFF, 0xFF, 0xFF, 0xFF, 0xD7, 0x3F, 0xFF, 0xF0,
    0xEF, 0xEF, 0xFF, 0xFF, 0xFF, 0xFF, 0xFF, 0xFF, 0xFF, 0xFF, 0xFC, 0x73,
    0xE0, 0xF3, 0x8F, 0xFF, 0xFF, 0xFF, 0xFF, 0xFF, 0xFF, 0xFF, 0xFF, 0xFF,
    0xFC, 0xFF, 0xFF, 0xF0, 0xFF, 0xFF, 0xFF, 0xFF, 0xFF, 0xFF, 0xFF, 0xFF,
    0xFF, 0xFF, 0xFF, 0xFF, 0xFF, 0xF7, 0xFF, 0xFF, 0xFF, 0xFF, 0xFF, 0xFF,
    0xFF, 0xFF, 0xFF, 0xFF, 0xFF, 0x87, 0xFF, 0xF0, 0xFD, 0x7F, 0xFF, 0xFF,
    0xFF, 0xFF, 0xFF, 0xFE, 0x3F, 0xFF, 0xFF, 0xFF, 0xFF, 0xFF, 0xFF, 0xFF,
    0xFF, 0xFF, 0xFF, 0xFF, 0xFF, 0xFF, 0xFF, 0xFF, 0xFF, 0xFF, 0xFF, 0xF0,
    0xBF, 0x7F, 0xFF, 0xFF, 0xFF, 0xFF, 0xFF, 0xFB, 0xFF, 0xFF, 0xFD, 0xFF,
    0xFF, 0xFF, 0xFF, 0xFF, 0xFF, 0xFF, 0xFF, 0xFF, 0xFF, 0xFF, 0xFF, 0xFF,
    0xF7, 0xFF, 0xFF, 0xF0, 0x5F, 0xFF, 0xFF, 0xFF, 0xFF, 0xFF, 0xFF, 0xFF,
    0xFF, 0xFF, 0xFF, 0x81, 0x0B, 0xFF, 0xFF, 0xDF, 0xFF, 0xFF, 0xFF, 0xFF,
    0xFF, 0xFF, 0xFF, 0xFF, 0xFF, 0xFF, 0xFF, 0xF0, 0xFF, 0xFE, 0xFF, 0xFF,
    0xFF, 0xFF, 0xFF, 0xFF, 0xFF, 0xFF, 0xFF, 0x98, 0x01, 0x01, 0x8F, 0xFF,
    0xFF, 0xFD, 0xFF, 0xFF, 0xFF, 0xFF, 0xFF, 0xFF, 0xFF, 0xFF, 0xFF, 0xF0,
    0xFF, 0x5E, 0xFF, 0xFF, 0xFF, 0xFF, 0xFF, 0xFF, 0xFF, 0xFF, 0xFF, 0xFC,
    0x21, 0xBC, 0xFF, 0xFF, 0xFD, 0x47, 0xFF, 0xFD, 0xFF, 0xFF, 0xFF, 0xFF,
    0xFF, 0xFF, 0xFF, 0xF0, 0xFF, 0xFE, 0xF7, 0xFF, 0xFF, 0xFF, 0xFF, 0xFF,
    0xFF, 0xFF, 0xFF, 0xF8, 0x31, 0xFF, 0xFF, 0xEE, 0xFF, 0xFF, 0x87, 0xFD,
    0xFF, 0xFF, 0xFF, 0xFF, 0xFF, 0xFF, 0xFF, 0xF0, 0x7F, 0xFF, 0xFF, 0xFF,
    0xFF, 0xFF, 0xFF, 0xFF, 0xFF, 0xFC, 0x7F, 0xFF, 0x3F, 0xF7, 0xEE, 0x1F,
    0xFF, 0xFF, 0xFE, 0x7D, 0xFF, 0xFF, 0xF7, 0xFF, 0xFF, 0xFF, 0xFF, 0xE0,
    0x7F, 0xFF, 0xFF, 0xFF, 0xFF, 0xFF, 0xFF, 0xFF, 0xFF, 0xF7, 0xFF, 0x6B,
    0x7F, 0xFE, 0x0F, 0xFF, 0xF4, 0x9F, 0xFF, 0xEF, 0xFB, 0xFF, 0xFF, 0xFF,
    0xFF, 0xFF, 0xFF, 0xF0, 0xEB, 0xFF, 0xFF, 0xFF, 0xFF, 0xFF, 0xFF, 0xFF,
    0xFF, 0xF9, 0xFA, 0x7F, 0xFF, 0xD8, 0xFF, 0xFF, 0xF0, 0x00, 0x3F, 0xFD,
    0xFB, 0xF8, 0xFF, 0xFF, 0xFF, 0xFF, 0xFF, 0xF0, 0xFF, 0xFB, 0xFF, 0xFF,
    0xFF, 0xFF, 0xFF, 0xFF, 0xFF, 0xFF, 0xFF, 0xFF, 0xFE, 0x1F, 0xFF, 0xEF,
    0x97, 0xFE, 0x6E, 0xFF, 0xFE, 0x47, 0xFF, 0xFE, 0xFF, 0xFF, 0xF9, 0xF0,
    0xEB, 0xFF, 0x7F, 0xFF, 0xFF, 0xFF, 0xFF, 0xFF, 0xFF, 0xFF, 0x7F, 0xFF,
    0xF9, 0x3F, 0xFF, 0xFD, 0xBF, 0xFF, 0xCF, 0xFF, 0xFF, 0xFF, 0xF1, 0x83,
    0xFD, 0xFD, 0xFB, 0xF0, 0xFF, 0xFD, 0xFF, 0xFF, 0x7E, 0xFF, 0xFF, 0xFF,
    0xFF, 0xFE, 0xFF, 0xFF, 0xDF, 0xBF, 0xFF, 0xFC, 0xFD, 0xFF, 0xEB, 0xFF,
    0xFF, 0xF0, 0x41, 0xBF, 0x9F, 0xBC, 0x0F, 0xF0, 0xFF, 0xFF, 0xFE, 0xFF,
    0xFF, 0xFF, 0xFF, 0xFF, 0xFF, 0xFF, 0xFF, 0xFD, 0xFF, 0xFF, 0xFF, 0xE3,
    0xFF, 0x7F, 0xF3, 0xFF, 0xFF, 0xE7, 0xFF, 0xFC, 0x0B, 0xE4, 0x1F, 0xE0,
    0xFF, 0xF7, 0x7E, 0xFF, 0xFD, 0xFF, 0xFF, 0xFF, 0xFF, 0xFF, 0x80, 0x07,
    0xFF, 0xFF, 0xFF, 0xF3, 0xFF, 0xFF, 0xFC, 0xFF, 0xFF, 0xFF, 0x5F, 0xFF,
    0xFF, 0xE1, 0xEA, 0x00, 0xFF, 0xFF, 0xFF, 0xFF, 0xFF, 0xFF, 0xFF, 0xFF,
    0xFF, 0xFF, 0xE0, 0x1E, 0xFF, 0xFF, 0xFF, 0xDF, 0xFF, 0xFF, 0xFD, 0xFF,
    0xFF, 0xFF, 0xFF, 0xFF, 0xFC, 0xE0, 0x1E, 0x40, 0xFF, 0xFD, 0xFF, 0xFF,
    0xEF, 0xFF, 0xFF, 0xFF, 0xFF, 0xFF, 0xF0, 0xFF, 0xFF, 0xFB, 0xFF, 0xC8,
    0x1F, 0xFF, 0xFF, 0x7F, 0xFF, 0xF7, 0xFF, 0xFF, 0xFC, 0xE0, 0x9F, 0x70,
    0xFD, 0xFF, 0x7F, 0x7F, 0xFC, 0xFF, 0xFF, 0xFF, 0x7F, 0xFC, 0x00, 0xFF,
    0xFF, 0xFF, 0xFF, 0xF0, 0x1F, 0xFF, 0xFF, 0xFF, 0xFF, 0xFF, 0xFF, 0xFF,
    0xDF, 0x67, 0xFF, 0xF0, 0xFB, 0xFF, 0xFF, 0xFF, 0xFF, 0xFF, 0xFF, 0xFF,
    0xFF, 0xC0, 0x00, 0x3F, 0xFF, 0xFF, 0xFF, 0x30, 0x34, 0x7F, 0xFF, 0xFF,
    0xFF, 0xFF, 0xFF, 0xFE, 0xFD, 0xFE, 0x3F, 0xF0, 0xFF, 0xFF, 0xFF, 0xFF,
    0xFF, 0xD9, 0xFF, 0xFF, 0xEF, 0xE0, 0x07, 0xFF, 0xFF, 0xFF, 0xFF, 0xC0,
    0x04, 0x7D, 0xFF, 0xFF, 0xFF, 0xFF, 0xEF, 0xFF, 0xFF, 0xFF, 0xFF, 0x60,
    0xFF, 0xFF, 0xFE, 0x7F, 0xFF, 0xFC, 0x1F, 0xFF, 0xFC, 0x00, 0x07, 0xFF,
    0xFF, 0xFF, 0xFE, 0xC0, 0x00, 0x3F, 0xFF, 0xFF, 0xFF, 0xFF, 0xFF, 0xFF,
    0xFF, 0xFF, 0xFF, 0xE0, 0xFF, 0xFE, 0xFF, 0xFF, 0xFF, 0xF9, 0xC7, 0xFF,
    0xE8, 0x00, 0x3F, 0xFF, 0xFF, 0xFF, 0xFF, 0xF0, 0x00, 0x17, 0xFF, 0xFF,
    0xFF, 0xFF, 0xFF, 0xFF, 0x9F, 0xFD, 0x7F, 0xF0, 0xFF, 0xFF, 0xFF, 0xFF,
    0xFF, 0xFF, 0xFF, 0xF0, 0x00, 0x0F, 0xFF, 0x7F, 0xFF, 0xFF, 0xFF, 0xFC,
    0x00, 0x03, 0xFF, 0xFF, 0xFE, 0xFF, 0xFF, 0xFF, 0xFF, 0xFD, 0xFF, 0xD0,
    0xFF, 0xFF, 0xFF, 0xFF, 0xFF, 0xFF, 0xFF, 0xC0, 0x00, 0x1F, 0xFF, 0x9F,
    0xFF, 0xFF, 0xF8, 0xFE, 0x00, 0x03, 0xFF, 0xFF, 0xBF, 0xFF, 0xFB, 0xFF,
    0xFF, 0xED, 0xFF, 0xF0, 0xFF, 0xFF, 0xFF, 0xF3, 0xFF, 0xFF, 0xFF, 0x80,
    0x01, 0xFF, 0xFF, 0xFF, 0xDF, 0x7E, 0xFD, 0x5F, 0xF8, 0x3F, 0xFF, 0xFF,
    0xFF, 0xFF, 0xFF, 0xFF, 0xFF, 0xFF, 0xFF, 0xF0, 0xFF, 0xFF, 0xFF, 0xF3,
    0xFF, 0xFF, 0xE0, 0x00, 0x05, 0xFF, 0xFF, 0xFF, 0xBF, 0xBF, 0xBF, 0xFF,
    0xFA, 0x03, 0xFF, 0xFF, 0xFF, 0x87, 0xFF, 0xFF, 0xFF, 0xFF, 0xF7, 0xE0,
    0xFF, 0xFF, 0xFF, 0xFF, 0xFF, 0xFF, 0xF0, 0x00, 0x07, 0xFF, 0x9F, 0xFF,
    0x7F, 0xC1, 0xFF, 0xF4, 0x00, 0x3F, 0xFF, 0xFF, 0xF3, 0xFF, 0xFF, 0xFF,
    0xE9, 0xFF, 0xFF, 0xF0, 0xFF, 0xF9, 0xBF, 0xFF, 0x61, 0xFF, 0xF3, 0x00,
    0x3F, 0xBF, 0xF7, 0xDF, 0xFD, 0xF7, 0xFF, 0xFC, 0x00, 0x4F, 0xFF, 0xFF,
    0xFF, 0xFF, 0xFF, 0xFE, 0x29, 0xFF, 0xFF, 0xF0, 0xFF, 0xFF, 0xFF, 0xDE,
    0x21, 0xFF, 0xC6, 0x00, 0x1F, 0xFF, 0xFF, 0xFF, 0x8F, 0xFF, 0xFF, 0xE0,
    0x00, 0x0F, 0xFF, 0xFF, 0xFF, 0xFF, 0xFF, 0xFF, 0x01, 0xFF, 0xFF, 0xF0,
    0xFF, 0xFF, 0xFF, 0xFF, 0x03, 0x3F, 0xDF, 0x00, 0x07, 0xE7, 0xFF, 0xFF,
    0xC7, 0xFF, 0xFF, 0xFE, 0x00, 0x3F, 0xFF, 0xFF, 0xFF, 0xFF, 0xFF, 0xFF,
    0x19, 0xFF, 0xFF, 0xF0, 0xFF, 0xFF, 0xE7, 0xFE, 0x08, 0x1F, 0xFD, 0x00,
    0x0F, 0xFF, 0xFF, 0xFF, 0xF7, 0xFF, 0xFF, 0xE0, 0x00, 0x1F, 0xFF, 0xFF,
    0xFF, 0xFF, 0xFC, 0xFE, 0x3E, 0x3F, 0xFF, 0xF0, 0xFF, 0xFE, 0x67, 0xFC,
    0x3C, 0x3F, 0xFE, 0x7E, 0x00, 0x7F, 0xFF, 0x8F, 0xFF, 0xEF, 0xFF, 0x80,
    0x04, 0xFF, 0xFE, 0xDF, 0xFF, 0xFF, 0xF9, 0xBF, 0xDE, 0x3F, 0xFF, 0xF0,
    0xFF, 0xFE, 0x07, 0xBF, 0x3E, 0x1F, 0xFF, 0xFE, 0x00, 0x0F, 0xFF, 0xE3,
    0xFF, 0xFF, 0xBF, 0xC0, 0x87, 0xFF, 0xFF, 0xFF, 0xFF, 0xFF, 0xFD, 0xBF,
    0xC0, 0xFF, 0xFF, 0xF0, 0xFF, 0xFB, 0x06, 0x1F, 0x1E, 0x0F, 0xFF, 0x80,
    0x00, 0x07, 0xFF, 0xFF, 0xFF, 0xFF, 0xFF, 0xFB, 0xC1, 0xFF, 0xF8, 0x2F,
    0xFF, 0xFF, 0xFF, 0xFF, 0x98, 0x7F, 0xFE, 0xE0, 0xFF, 0xF0, 0x00, 0x3E,
    0x0C, 0x7F, 0xFF, 0x80, 0x00, 0x2F, 0xFF, 0xFF, 0xFF, 0xFF, 0xFF, 0xC0,
    0x19, 0xFF, 0x10, 0x07, 0xFF, 0xFF, 0x5F, 0xFF, 0xF9, 0x7F, 0xFF, 0xE0,
    0xFF, 0xF8, 0x38, 0x27, 0x90, 0x3F, 0xFF, 0xD0, 0x07, 0xFF, 0xFF, 0xFF,
    0xFF, 0xCF, 0xC2, 0x04, 0x28, 0xF8, 0x1F, 0xC0, 0x7F, 0xFF, 0x7F, 0xFF,
    0xFF, 0xFF, 0xFF, 0xF0, 0xFF, 0xFC, 0x7E, 0x03, 0xF3, 0x3F, 0xFF, 0xFF,
    0x30, 0xC3, 0xFF, 0xFF, 0xFF, 0xFF, 0xCE, 0x00, 0x00, 0x78, 0x04, 0x01,
    0x7F, 0xFE, 0xEF, 0xF8, 0xFF, 0xFF, 0xFF, 0xF0, 0xFF, 0xF0, 0x7E, 0x07,
    0xFF, 0xFF, 0xFF, 0xFC, 0x04, 0x00, 0x1F, 0xFF, 0xF7, 0xE0, 0x07, 0x00,
    0x3F, 0xE7, 0x60, 0x7F, 0xFF, 0xFF, 0xFF, 0xF9, 0xFF, 0xBF, 0xFF, 0xF0,
    0xFF, 0xF0, 0x7E, 0x1F, 0xFF, 0xFF, 0xFF, 0xFD, 0x00, 0x00, 0x7F, 0xFF,
    0xD9, 0xF3, 0xF2, 0x31, 0xFF, 0xFF, 0x00, 0x00, 0xFF, 0xFF, 0x7F, 0xF3,
    0x7F, 0x3F, 0xFF, 0xF0, 0xFF, 0xFE, 0x3C, 0x07, 0xFF, 0xFF, 0xFF, 0xFF,
    0xE0, 0x00, 0x1F, 0xFF, 0xFF, 0xFF, 0xD0, 0xE0, 0x1F, 0xF0, 0x00, 0x00,
    0x3F, 0xFF, 0xFF, 0xF8, 0xFF, 0xBF, 0xFF, 0x80, 0xFF, 0xFE, 0x00, 0x4F,
    0xFF, 0xFF, 0xFF, 0xFF, 0xE0, 0x10, 0x01, 0xFF, 0xFF, 0xCC, 0x00, 0xB4,
    0x68, 0x00, 0x04, 0x61, 0x10, 0x1F, 0xFF, 0xFB, 0xFF, 0xFF, 0xFF, 0x60,
    0xFF, 0xFC, 0x20, 0x3F, 0xFF, 0xFF, 0xFF, 0xFE, 0x02, 0x30, 0x00, 0x07,
    0xFF, 0xCF, 0xFC, 0xFE, 0x7E, 0x80, 0x00, 0x01, 0xC0, 0x0F, 0xB3, 0xFF,
    0xEF, 0xFF, 0xFF, 0xE0, 0xFF, 0xFE, 0x62, 0x3F, 0xFF, 0xE7, 0xFF, 0xFF,
    0x80, 0xE0, 0x00, 0xF0, 0xFF, 0xBF, 0xFF, 0xF7, 0xCD, 0xBE, 0x7C, 0x00,
    0x3F, 0xFF, 0xFF, 0xFF, 0xEB, 0xFF, 0xFF, 0x90, 0xFF, 0xFF, 0xE3, 0x3F,
    0xFF, 0xFF, 0xFF, 0xFF, 0xF8, 0x00, 0x7F, 0xFF, 0xFF, 0xFE, 0xDF, 0xCF,
    0xF9, 0xFF, 0xFF, 0xDC, 0x3F, 0xFF, 0xFF, 0x9F, 0x2F, 0xFF, 0xFF, 0xD0,
    0xFF, 0xFF, 0xFF, 0xFF, 0xFD, 0xFF, 0xFF, 0xFF, 0xFE, 0x04, 0x3F, 0xFF,
    0xFF, 0xFF, 0xFB, 0xC9, 0xFF, 0xFF, 0xFD, 0xEC, 0x7D, 0xFF, 0xFF, 0xFF,
    0x39, 0xFF, 0xFF, 0xF0, 0xFF, 0xFF, 0xFF, 0xFF, 0xEF, 0xFF, 0xFF, 0xFF,
    0x80, 0x00, 0x02, 0x60, 0x07, 0xFF, 0xFE, 0xF9, 0xFF, 0xFE, 0xD7, 0x81,
    0x19, 0x87, 0xFF, 0xFE, 0x3F, 0xFF, 0xFF, 0xF0, 0xFF, 0xFF, 0xFF, 0xFF,
    0xFF, 0xFF, 0xDF, 0xFF, 0xFB, 0x00, 0x00, 0x00, 0x1F, 0xFF, 0xFF, 0xFF,
    0xFF, 0xFF, 0xE3, 0x01, 0x9F, 0xEC, 0xFF, 0xFF, 0x97, 0xFF, 0xFF, 0xF0,
    0xFF, 0xFF, 0xFF, 0xFF, 0xFF, 0xFF, 0xFF, 0xFF, 0xF0, 0x00, 0x00, 0x04,
    0x7F, 0xFF, 0xBF, 0xFF, 0xFF, 0xFF, 0xF9, 0xFB, 0xCF, 0xFE, 0xFD, 0xFF,
    0xFF, 0xFF, 0xFF, 0xF0, 0xFF, 0xFF, 0xFF, 0xFF, 0xFF, 0xFF, 0xFF, 0xFF,
    0x00, 0x00, 0x00, 0x0F, 0xFF, 0xFE, 0xFF, 0xFF, 0xFF, 0xFF, 0xFE, 0xFF,
    0xED, 0xFD, 0xFF, 0xFF, 0xFF, 0xFF, 0xFF, 0xF0, 0xFF, 0xFF, 0xFF, 0xF7,
    0xFF, 0xFF, 0xFF, 0xFF, 0xC0, 0x00, 0x40, 0xBF, 0xFF, 0xFF, 0xFF, 0xD0,
    0x7F, 0xFF, 0xF8, 0x37, 0xF4, 0xEF, 0xFF, 0xFF, 0xFF, 0xFF, 0xFF, 0xF0,
    0xFF, 0xFF, 0xFF, 0xEF, 0xFF, 0xFF, 0xFF, 0xFF, 0xFF, 0x80, 0x01, 0xBF,
    0xFF, 0xFF, 0xEF, 0xF1, 0xBF, 0xFC, 0x30, 0x7F, 0xFF, 0xEF, 0xFF, 0xFF,
    0x7F, 0xFF, 0xFF, 0x70, 0xFF, 0xFF, 0xFF, 0xFF, 0xFF, 0xFF, 0xFF, 0xFF,
    0xFF, 0x08, 0x00, 0x3F, 0xFF, 0xFF, 0xFF, 0xFF, 0xDF, 0xFF, 0xF7, 0xCC,
    0xDE, 0xFD, 0xFF, 0xFF, 0xBF, 0xFF, 0xFF, 0x70, 0xFF, 0xFF, 0xFF, 0xF3,
    0xFF, 0xFF, 0xFF, 0xFF, 0xF8, 0x7D, 0x80, 0x37, 0xFF, 0xFF, 0xFF, 0xFF,
    0xDF, 0xFF, 0xFF, 0xC0, 0xFF, 0xDF, 0xFF, 0xFF, 0xDF, 0xFF, 0xFF, 0x30,
    0xFF, 0xFF, 0xFE, 0xFF, 0xFF, 0xFF, 0xFF, 0xFE, 0x00, 0x00, 0x03, 0xFF,
    0xFF, 0xFF, 0xFF, 0xFF, 0xFF, 0xFF, 0xFF, 0xFF, 0xFF, 0xFF, 0xFF, 0xFF,
    0xDF, 0xFF, 0xFF, 0xF0, 0xFF, 0xFF, 0xFF, 0xDF, 0xFF, 0xFF, 0xFF, 0xCC,
    0x00, 0x03, 0xFF, 0xFF, 0xFF, 0xFF, 0xFF, 0xFF, 0xFF, 0xFF, 0xF8, 0x3F,
    0xFF, 0xFF, 0xFF, 0xFF, 0xDF, 0xFF, 0xFF, 0xF0, 0xFF, 0xFF, 0xFF, 0xFF,
    0xFF, 0xFF, 0xFF, 0xC3, 0x60, 0x33, 0xFF, 0xFF, 0xFF, 0xFF, 0xFF, 0xFF,
    0xFF, 0xFF, 0xFF, 0xFF, 0xFF, 0xFF, 0xFF, 0xFF, 0xFF, 0xFF, 0xFF, 0xF0,
    0xFF, 0xFF, 0xFF, 0xFF, 0xFF, 0xFF, 0xFF, 0xF9, 0xFF, 0xFC, 0xFF, 0xCD,
    0xFF, 0xFF, 0xFF, 0xFF, 0xFF, 0xFF, 0xFF, 0xFF, 0xFF, 0xFF, 0xEF, 0xFF,
    0xFF, 0xFF, 0xFF, 0xF0, 0xFF, 0xFF, 0xFF, 0xFF, 0xFF, 0xFF, 0xFF, 0xFE,
    0x1F, 0xFC, 0x0F, 0x90, 0xFF, 0xFF, 0xFF, 0xFF, 0xFF, 0xFF, 0xFF, 0xFF,
    0xFF, 0xFF, 0xFF, 0xFF, 0xFF, 0xFF, 0xFF, 0xF0, 0xFF, 0xFF, 0xFF, 0xFF,
    0xFF, 0xFF, 0xFF, 0xE0, 0x00, 0x00, 0x11, 0x7F, 0xFF, 0xFF, 0xFF, 0xBF,
    0xFF, 0xFF, 0xFF, 0xFF, 0xFF, 0xFF, 0xFF, 0xFF, 0xFF, 0xFF, 0xFF, 0xF0,
    0xFF, 0xFF, 0xFF, 0xFF, 0xFF, 0xFF, 0xFF, 0x00, 0x00, 0x05, 0xBB, 0xEF,
    0xFF, 0xF7, 0xFE, 0xFF, 0xFF, 0xFE, 0x1F, 0xFF, 0xFF, 0xFF, 0xFF, 0xFF,
    0xFF, 0xFF, 0xFF, 0xF0, 0xFF, 0xFF, 0xFF, 0xFF, 0xFF, 0xFF, 0xFF, 0x00,
    0x00, 0x09, 0xF8, 0xFF, 0xFF, 0xFE, 0xFF, 0xFF, 0xFF, 0xFF, 0xFF, 0xFF,
    0xFF, 0xFF, 0xFF, 0xFF, 0xFF, 0xFF, 0xFF, 0xF0, 0xFF, 0xFF, 0xFF, 0xFF,
    0xFF, 0xFF, 0xFF, 0xFE, 0xFC, 0x00, 0xF8, 0xFF, 0xFF, 0xFF, 0xFF, 0xFF,
    0xFF, 0xFF, 0xFF, 0xFF, 0xFF, 0xFF, 0xFF, 0xFF, 0xFF, 0xFF, 0xFF, 0xF0,
    0xFF, 0xFF, 0xFF, 0xFF, 0xFF, 0xFF, 0xFF, 0xBF, 0x80, 0x00, 0x0F, 0xFF,
    0xFF, 0xFF, 0xFF, 0xFF, 0xFF, 0xFF, 0xFF, 0xFF, 0xFF, 0xFF, 0xFF, 0xFF,
    0xFF, 0xFF, 0xFF, 0xF0, 0xFF, 0xFF, 0xFF, 0xFF, 0xFF, 0xFF, 0xFF, 0xFC,
    0x00, 0x01, 0xFF, 0xFF, 0xFF, 0xFF, 0xFF, 0xFF, 0xFF, 0xFF, 0xFF, 0xFF,
    0xFF, 0xFF, 0xFF, 0xFF, 0xFF, 0xFF, 0xFF, 0xF0, 0xFF, 0xFF, 0xFF, 0xFF,
    0xFF, 0xFF, 0x9F, 0xC0, 0x00, 0x13, 0xFF, 0xFF, 0xFF, 0xFF, 0xFF, 0xFF,
    0xFF, 0xFF, 0xFF, 0xFF, 0xFF, 0xFF, 0xFF, 0xFF, 0xFF, 0xFF, 0xFF, 0xF0,
    0x00, 0x00, 0x00, 0x00, 0x00, 0x00, 0x00, 0x00, 0x00, 0x00, 0x00, 0x00,
    0x00, 0x00, 0x00, 0x00, 0x00, 0x00, 0x00, 0x00, 0x00, 0x00, 0x00, 0x00,
    0x00, 0x00, 0x00, 0x00,
};
static_assert(sizeof(clock_gallery_image_03) == CLOCK_GALLERY_IMAGE_BYTES_PER_ROW * CLOCK_GALLERY_IMAGE_HEIGHT,
              "clock_gallery_image_03 payload size mismatch");

// 星期四.png
static const uint8_t clock_gallery_image_04[] = {
    0x00, 0x00, 0x00, 0x00, 0x00, 0x00, 0x00, 0x00, 0x00, 0x00, 0x00, 0x00,
    0x00, 0x00, 0x00, 0x00, 0x00, 0x00, 0x00, 0x00, 0x00, 0x00, 0x00, 0x00,
    0x00, 0x00, 0x00, 0x00, 0x00, 0x00, 0x00, 0x00, 0x00, 0x00, 0x00, 0x00,
    0x00, 0x00, 0x00, 0x00, 0x00, 0x00, 0x00, 0x00, 0x00, 0x00, 0x00, 0x00,
    0x00, 0x00, 0x00, 0x00, 0x00, 0x00, 0x00, 0x00, 0x00, 0x00, 0x00, 0x00,
    0x00, 0x00, 0x00, 0x00, 0x00, 0x00, 0x00, 0x00, 0x00, 0x00, 0x00, 0x00,
    0x00, 0x00, 0x00, 0x00, 0x00, 0x00, 0x00, 0x00, 0x00, 0x00, 0x00, 0x00,
    0x00, 0x00, 0x00, 0x00, 0x00, 0x00, 0x00, 0x00, 0x00, 0x00, 0x00, 0x00,
    0x00, 0x00, 0x00, 0x00, 0x00, 0x00, 0x00, 0x00, 0x00, 0x00, 0x00, 0x00,
    0x00, 0x00, 0x00, 0x00, 0x00, 0x00, 0x00, 0x00, 0x00, 0x00, 0x00, 0x00,
    0x00, 0x00, 0x00, 0x00, 0x00, 0x00, 0x00, 0x00, 0x00, 0x00, 0x00, 0x00,
    0x00, 0x00, 0x00, 0x00, 0x00, 0x00, 0x00, 0x00, 0x00, 0x00, 0x00, 0x00,
    0x00, 0x00, 0x00, 0x00, 0x00, 0x00, 0x00, 0x00, 0x00, 0x00, 0x00, 0x00,
    0x00, 0x00, 0x00, 0x00, 0x00, 0x00, 0x00, 0x00, 0x00, 0x00, 0x00, 0x00,
    0x00, 0x00, 0x00, 0x00, 0x00, 0x00, 0x00, 0x00, 0x00, 0x00, 0x00, 0x00,
    0x00, 0x00, 0x00, 0x00, 0x00, 0x00, 0x00, 0x00, 0x00, 0x00, 0x00, 0x00,
    0x00, 0x00, 0x00, 0x00, 0x00, 0x00, 0x00, 0x00, 0x00, 0x00, 0x00, 0x00,
    0x00, 0x00, 0x00, 0x00, 0x00, 0x00, 0x00, 0x00, 0x00, 0x00, 0x00, 0x00,
    0x00, 0x00, 0x00, 0x00, 0x00, 0x00, 0x00, 0x00, 0x00, 0x00, 0x00, 0x00,
    0x00, 0x00, 0x00, 0x00, 0x00, 0x00, 0x00, 0x00, 0x00, 0x00, 0x00, 0x00,
    0x00, 0x00, 0x00, 0x00, 0x00, 0x00, 0x00, 0x00, 0x00, 0x00, 0x00, 0x00,
    0x00, 0x00, 0x00, 0x00, 0x00, 0x00, 0x00, 0x00, 0x00, 0x00, 0x00, 0x00,
    0x00, 0x00, 0x00, 0x00, 0x00, 0x00, 0x00, 0x00, 0x00, 0x00, 0x00, 0x00,
    0x00, 0x00, 0x00, 0x00, 0x00, 0x00, 0x00, 0x00, 0x00, 0x00, 0x00, 0x00,
    0x00, 0x00, 0x00, 0x00, 0x00, 0x00, 0x00, 0x00, 0x00, 0x00, 0x00, 0x00,
    0x00, 0x00, 0x00, 0x00, 0x00, 0x00, 0x00, 0x00, 0x00, 0x00, 0x00, 0x00,
    0x00, 0x00, 0x00, 0x00, 0x00, 0x00, 0x00, 0x00, 0x00, 0x00, 0x00, 0x00,
    0x00, 0x00, 0x00, 0x00, 0x00, 0x00, 0x00, 0x00, 0x00, 0x00, 0x00, 0x00,
    0x00, 0x00, 0x00, 0x00, 0x00, 0x00, 0x00, 0x00, 0x00, 0x00, 0x00, 0x00,
    0x00, 0x00, 0x00, 0x00, 0x00, 0x00, 0x00, 0x00, 0x00, 0x00, 0x00, 0x00,
    0x00, 0x00, 0x00, 0x00, 0x00, 0x00, 0x00, 0x00, 0x00, 0x00, 0x00, 0x00,
    0x00, 0x00, 0x00, 0x00, 0x00, 0x00, 0x00, 0x00, 0x00, 0x00, 0x00, 0x00,
    0x00, 0x00, 0x00, 0x00, 0x00, 0x00, 0x00, 0x00, 0x00, 0x00, 0x00, 0x00,
    0x00, 0x00, 0x00, 0x00, 0x00, 0x00, 0x00, 0x00, 0x00, 0x00, 0x00, 0x00,
    0x00, 0x00, 0x00, 0x00, 0x00, 0x00, 0x00, 0x00, 0x00, 0x00, 0x00, 0x00,
    0x00, 0x00, 0x00, 0x00, 0x00, 0x00, 0x00, 0x00, 0x00, 0x00, 0x00, 0x00,
    0x00, 0x00, 0x00, 0x00, 0x00, 0x00, 0x00, 0x00, 0x00, 0x00, 0x00, 0x00,
    0x00, 0x00, 0x00, 0x00, 0x00, 0x00, 0x00, 0x00, 0x00, 0x00, 0x00, 0x00,
    0x00, 0x00, 0x00, 0x00, 0x00, 0x00, 0x00, 0x00, 0x00, 0x00, 0x00, 0x00,
    0x00, 0x00, 0x00, 0x00, 0x00, 0x00, 0x00, 0x00, 0x00, 0x00, 0x00, 0x00,
    0x00, 0x00, 0x00, 0x00, 0x00, 0x00, 0x00, 0x00, 0x00, 0x00, 0x00, 0x00,
    0x00, 0x00, 0x00, 0x00, 0x00, 0x00, 0x00, 0x00, 0x00, 0x00, 0x00, 0x00,
    0x00, 0x00, 0x00, 0x00, 0x00, 0x00, 0x00, 0x00, 0x00, 0x00, 0x00, 0x00,
    0x00, 0x00, 0x00, 0x00, 0x00, 0x00, 0x00, 0x00, 0x00, 0x00, 0x00, 0x00,
    0x00, 0x00, 0x00, 0x00, 0x00, 0x00, 0x00, 0x00, 0x00, 0x00, 0x00, 0x00,
    0x00, 0x00, 0x00, 0x00, 0x00, 0x00, 0x00, 0x00, 0x00, 0x00, 0x00, 0x00,
    0x00, 0x00, 0x00, 0x00, 0x00, 0x00, 0x00, 0x00, 0x00, 0x00, 0x00, 0x00,
    0x00, 0x00, 0x00, 0x00, 0x00, 0x00, 0x00, 0x00, 0x00, 0x00, 0x00, 0x00,
    0x00, 0x00, 0x00, 0x00, 0x00, 0x00, 0x00, 0x00, 0x00, 0x00, 0x00, 0x00,
    0x00, 0x00, 0x00, 0x00, 0x00, 0x00, 0x00, 0x00, 0x00, 0x00, 0x00, 0x00,
    0x00, 0x60, 0x18, 0x00, 0x00, 0x00, 0x00, 0x00, 0x00, 0x00, 0x00, 0x00,
    0x00, 0x00, 0x00, 0x00, 0x00, 0x00, 0x00, 0x00, 0x00, 0x00, 0x00, 0x00,
    0x00, 0x00, 0x00, 0x00, 0x00, 0x60, 0x18, 0x00, 0x00, 0x00, 0x00, 0x00,
    0x00, 0x00, 0x00, 0x00, 0x00, 0x00, 0x00, 0x00, 0x00, 0x00, 0x00, 0x00,
    0x00, 0x00, 0x00, 0x00, 0x00, 0x00, 0x00, 0x00, 0x00, 0x70, 0x30, 0x00,
    0x00, 0x00, 0x00, 0x00, 0x00, 0x00, 0x00, 0x00, 0x00, 0x00, 0x00, 0x00,
    0x00, 0x00, 0x00, 0x00, 0x00, 0x00, 0x00, 0x00, 0x00, 0x00, 0x00, 0x00,
    0x00, 0x30, 0x30, 0x00, 0x00, 0x00, 0x00, 0x00, 0x00, 0x00, 0x00, 0x00,
    0x00, 0x00, 0x00, 0x00, 0x00, 0x00, 0x00, 0x00, 0x00, 0x00, 0x00, 0x00,
    0x00, 0x00, 0x00, 0x00, 0x00, 0x30, 0x30, 0x1C, 0x00, 0x00, 0x00, 0x00,
    0x00, 0x00, 0x00, 0x00, 0x00, 0x00, 0x00, 0x00, 0x00, 0x00, 0x00, 0x00,
    0x00, 0x00, 0x00, 0x00, 0x00, 0x00, 0x00, 0x00, 0x60, 0x30, 0x20, 0x38,
    0x00, 0x00, 0x00, 0x00, 0x00, 0x00, 0x00, 0x00, 0x00, 0x00, 0x00, 0x00,
    0x00, 0x00, 0x00, 0x00, 0x00, 0x00, 0x00, 0x00, 0x00, 0x00, 0x00, 0x00,
    0x78, 0x10, 0x60, 0x70, 0x00, 0x00, 0x00, 0x00, 0x00, 0x00, 0x00, 0x00,
    0x00, 0x00, 0x00, 0x00, 0x00, 0x00, 0x00, 0x00, 0x00, 0x00, 0x00, 0x00,
    0x00, 0x00, 0x00, 0x00, 0x3C, 0x10, 0x00, 0xE0, 0x00, 0x00, 0x00, 0x00,
    0x00, 0x00, 0x00, 0x00, 0x00, 0x00, 0x00, 0x00, 0x00, 0x00, 0x00, 0x00,
    0x00, 0x00, 0x00, 0x00, 0x07, 0xC0, 0x00, 0x00, 0x0C, 0x00, 0x00, 0xC0,
    0x00, 0x00, 0x00, 0x00, 0x00, 0x00, 0x00, 0x00, 0x00, 0x00, 0x00, 0x00,
    0x00, 0x00, 0x00, 0x00, 0x00, 0x00, 0x00, 0x03, 0xFF, 0xE0, 0x00, 0x00,
    0x06, 0x00, 0x01, 0x00, 0x00, 0x00, 0x00, 0x00, 0x00, 0x00, 0x00, 0x00,
    0x00, 0x00, 0x00, 0x00, 0x00, 0x00, 0x00, 0x00, 0x00, 0x00, 0x00, 0x7F,
    0xFF, 0xF0, 0x00, 0x00, 0x00, 0x00, 0x00, 0x00, 0x00, 0x00, 0x00, 0x00,
    0x00, 0x00, 0x00, 0x00, 0x00, 0x00, 0x00, 0x00, 0x00, 0x00, 0x00, 0x00,
    0x00, 0x00, 0x07, 0xFF, 0xFF, 0xF3, 0x00, 0x00, 0x00, 0x00, 0x00, 0x07,
    0x80, 0x00, 0x00, 0x00, 0x00, 0x00, 0x00, 0x00, 0x00, 0x00, 0x00, 0x00,
    0x00, 0x00, 0x00, 0x00, 0x00, 0x00, 0x1F, 0xFF, 0xFF, 0xE7, 0x80, 0x03,
    0xE0, 0x00, 0x00, 0x1C, 0x00, 0x00, 0x70, 0x00, 0x00, 0x00, 0x00, 0x00,
    0x00, 0x00, 0x00, 0x00, 0x00, 0x00, 0x00, 0x00, 0x00, 0x00, 0x1F, 0xFF,
    0xF8, 0x07, 0x80, 0x00, 0x00, 0x00, 0x00, 0x00, 0x00, 0x00, 0x70, 0x00,
    0x00, 0x00, 0x00, 0x00, 0x00, 0x00, 0x00, 0x00, 0x00, 0x00, 0x00, 0x00,
    0x00, 0x00, 0x3F, 0xFF, 0xE0, 0x0F, 0x00, 0x00, 0x00, 0x00, 0x00, 0x00,
    0x00, 0x00, 0xF0, 0x00, 0x00, 0x00, 0x00, 0x00, 0x00, 0x00, 0x00, 0x00,
    0x00, 0x00, 0x00, 0x00, 0x00, 0x00, 0x1F, 0xF3, 0xE0, 0x0F, 0x00, 0x00,
    0x00, 0x00, 0x00, 0x00, 0x00, 0x00, 0xF0, 0x00, 0x00, 0x00, 0x00, 0x08,
    0x00, 0x00, 0x00, 0x00, 0x00, 0x00, 0x00, 0x00, 0x00, 0x00, 0x0E, 0x03,
    0xE0, 0x0F, 0x00, 0x00, 0x00, 0x00, 0x00, 0x00, 0x00, 0x00, 0xF0, 0x00,
    0x00, 0x00, 0x00, 0x1C, 0x00, 0x00, 0x00, 0x00, 0x00, 0x00, 0x00, 0x00,
    0x00, 0xC0, 0x00, 0x03, 0xE0, 0x0F, 0x00, 0x00, 0x00, 0x00, 0x00, 0x00,
    0x00, 0x00, 0xF0, 0x00, 0x00, 0x00, 0x00, 0x1C, 0x00, 0x00, 0x00, 0x00,
    0x00, 0x00, 0x00, 0x00, 0x01, 0xE0, 0x00, 0x03, 0xE0, 0x0F, 0x00, 0x00,
    0x00, 0x00, 0x00, 0x00, 0x00, 0x00, 0xF0, 0x00, 0x00, 0x00, 0x00, 0x1C,
    0x00, 0x00, 0x00, 0x00, 0x00, 0x00, 0x00, 0x00, 0x00, 0xE0, 0x00, 0x07,
    0xE0, 0x0F, 0x00, 0x00, 0x00, 0x00, 0x00, 0x00, 0x00, 0x00, 0xF0, 0x00,
    0x00, 0x00, 0x00, 0x1C, 0x00, 0x00, 0x00, 0x00, 0x00, 0x00, 0x00, 0x00,
    0x00, 0xE0, 0x00, 0x07, 0xE0, 0x0F, 0x00, 0x00, 0x00, 0x00, 0x00, 0x00,
    0x00, 0x01, 0xE0, 0x00, 0x00, 0x00, 0x00, 0x1C, 0x00, 0x00, 0x00, 0x00,
    0x00, 0x00, 0x00, 0x00, 0x00, 0xF0, 0x00, 0x07, 0xE0, 0x0F, 0x00, 0x00,
    0x00, 0x01, 0x00, 0x0F, 0xC0, 0x01, 0xE0, 0x00, 0x00, 0x00, 0x00, 0x18,
    0x00, 0x00, 0x00, 0x00, 0x00, 0x00, 0x00, 0x00, 0x00, 0x73, 0x00, 0x07,
    0xE0, 0x0F, 0x1C, 0x07, 0x03, 0x83, 0x9E, 0x1F, 0xE0, 0x3D, 0xE0, 0x3E,
    0x03, 0x01, 0x80, 0x88, 0x00, 0x00, 0x00, 0x00, 0x00, 0x00, 0x00, 0x00,
    0x00, 0x23, 0x00, 0x07, 0xE0, 0x1F, 0x7F, 0x07, 0x83, 0xC3, 0xBF, 0x3F,
    0xF0, 0x7F, 0xE0, 0x7F, 0x07, 0x83, 0xC1, 0xC9, 0xC0, 0x00, 0x00, 0x00,
    0x00, 0x00, 0x00, 0x00, 0x00, 0x17, 0x80, 0x07, 0xE0, 0x1F, 0x7F, 0x07,
    0x83, 0xC3, 0xFF, 0xBC, 0x60, 0xFF, 0xE0, 0xFF, 0x87, 0x83, 0xC1, 0xD7,
    0xC0, 0x00, 0x00, 0x00, 0x00, 0x00, 0x00, 0x00, 0x03, 0x97, 0x80, 0x07,
    0xE0, 0x1F, 0xFF, 0x87, 0x03, 0xC7, 0xF7, 0xBC, 0x01, 0xFF, 0xE1, 0xF3,
    0xC7, 0x83, 0xC1, 0xDF, 0x80, 0x00, 0x00, 0x00, 0x00, 0x00, 0x00, 0x00,
    0x03, 0xE3, 0x00, 0x07, 0xE0, 0x1F, 0xE7, 0x8F, 0x07, 0xC7, 0xE1, 0x3C,
    0x03, 0xE3, 0xE3, 0xE3, 0xC7, 0x07, 0x80, 0xDF, 0x00, 0x00, 0x00, 0x00,
    0x00, 0x00, 0x00, 0x00, 0x01, 0xFB, 0x00, 0x07, 0xE0, 0x1F, 0xC7, 0x8F,
    0x07, 0x87, 0xC0, 0x3F, 0x03, 0xC1, 0xE3, 0xC3, 0x8F, 0x07, 0x80, 0xFC,
    0x00, 0x00, 0x00, 0x00, 0x00, 0x00, 0x00, 0x00, 0x00, 0xFF, 0x00, 0x07,
    0xE0, 0x1F, 0xC7, 0x8F, 0x07, 0x87, 0xC0, 0x1F, 0x87, 0xC1, 0xE7, 0x87,
    0x8F, 0x07, 0x80, 0x60, 0x00, 0x00, 0x00, 0x00, 0x00, 0x00, 0x00, 0x00,
    0x00, 0x06, 0x00, 0x03, 0xE0, 0x1F, 0x87, 0x8F, 0x0F, 0x87, 0xC0, 0x0F,
    0xE7, 0x83, 0xE7, 0x87, 0x8F, 0x0F, 0x80, 0x40, 0x00, 0x00, 0x00, 0x00,
    0x00, 0x00, 0x00, 0x00, 0x00, 0x03, 0x18, 0x03, 0xE0, 0x1F, 0x87, 0x8F,
    0x0F, 0x87, 0x80, 0x03, 0xE7, 0x83, 0xE7, 0x87, 0x8F, 0x0F, 0x8C, 0x40,
    0x00, 0x00, 0x00, 0x00, 0x00, 0x00, 0x00, 0x00, 0x00, 0x01, 0x1C, 0x03,
    0xE0, 0x1F, 0x07, 0x8F, 0x0F, 0x87, 0x80, 0x00, 0xF7, 0x87, 0xE7, 0x0F,
    0x8F, 0x1F, 0x8E, 0x80, 0x00, 0x00, 0x00, 0x00, 0x00, 0x00, 0x00, 0x00,
    0x00, 0x01, 0x9C, 0x03, 0xE0, 0x1F, 0x07, 0x8F, 0x1F, 0xC7, 0x80, 0x60,
    0xF7, 0x8F, 0xE7, 0x9F, 0x8F, 0xBF, 0x8E, 0xBE, 0x00, 0x00, 0x00, 0x00,
    0x00, 0x00, 0x00, 0x00, 0x00, 0x3E, 0xDC, 0x03, 0xE0, 0x1F, 0x07, 0x87,
    0xFF, 0xE7, 0x80, 0x79, 0xF7, 0xFF, 0xE7, 0xFF, 0xE7, 0xFF, 0x87, 0xFC,
    0x00, 0x00, 0x00, 0x00, 0x00, 0x00, 0x00, 0x00, 0x00, 0x7F, 0xFC, 0x03,
    0xF0, 0x1F, 0x03, 0xE7, 0xFB, 0xF7, 0x80, 0x7F, 0xF3, 0xFF, 0xF7, 0xFF,
    0xF7, 0xFF, 0x07, 0xF8, 0x00, 0x00, 0x00, 0x00, 0x00, 0x00, 0x00, 0x00,
    0x00, 0x7F, 0x3C, 0x03, 0xF0, 0x1F, 0x03, 0xE3, 0xF9, 0xF7, 0x80, 0x3F,
    0xE1, 0xFC, 0xFB, 0xF9, 0xF3, 0xEF, 0x06, 0x60, 0x00, 0x00, 0x00, 0x00,
    0x00, 0x00, 0x00, 0x00, 0x00, 0x1C, 0x0C, 0x03, 0xF0, 0x1E, 0x01, 0xE1,
    0xE0, 0xC3, 0x00, 0x1F, 0x80, 0xF0, 0x70, 0xE0, 0xE0, 0x0F, 0x04, 0x00,
    0x00, 0x00, 0x00, 0x00, 0x00, 0x00, 0x00, 0x00, 0x00, 0x00, 0x06, 0x03,
    0xF0, 0x0E, 0x00, 0x00, 0x00, 0x00, 0x00, 0x00, 0x00, 0x00, 0x00, 0x00,
    0x00, 0x0F, 0x08, 0x00, 0x00, 0x00, 0x00, 0x00, 0x00, 0x00, 0x00, 0x00,
    0x00, 0x00, 0x01, 0x83, 0xF0, 0x00, 0x00, 0x00, 0x00, 0x00, 0x00, 0x00,
    0x00, 0x00, 0x00, 0x00, 0x00, 0x0F, 0x10, 0x00, 0x00, 0x00, 0x00, 0x00,
    0x00, 0x00, 0x00, 0x00, 0x00, 0x00, 0x00, 0x01, 0xF0, 0x00, 0x00, 0x00,
    0x00, 0x00, 0x00, 0x00, 0x00, 0x00, 0x00, 0x00, 0x00, 0x1E, 0x00, 0x00,
    0x00, 0x00, 0x00, 0x00, 0x00, 0x00, 0x00, 0x00, 0x00, 0x00, 0x00, 0x00,
    0xE0, 0x00, 0x00, 0x00, 0x00, 0x00, 0x03, 0x80, 0x00, 0x00, 0x00, 0x00,
    0x00, 0x1E, 0x00, 0x00, 0x00, 0x00, 0x00, 0x00, 0x00, 0x00, 0x00, 0x00,
    0x00, 0x00, 0x00, 0x00, 0x00, 0x00, 0x00, 0x00, 0x03, 0xFF, 0xFF, 0xFF,
    0xFF, 0xE0, 0x00, 0x00, 0x00, 0x3E, 0x00, 0x00, 0x00, 0x00, 0x00, 0x00,
    0x00, 0x00, 0x00, 0x00, 0x00, 0x00, 0x00, 0x00, 0x00, 0x00, 0x00, 0x03,
    0xFF, 0xFF, 0xFF, 0xFF, 0xFF, 0xFF, 0x80, 0x00, 0x38, 0x3C, 0x00, 0x00,
    0x00, 0x00, 0x00, 0x00, 0x00, 0x00, 0x00, 0x00, 0x00, 0x00, 0x00, 0x00,
    0x00, 0x00, 0x00, 0x7F, 0xFF, 0xFF, 0x00, 0x00, 0x0F, 0xFF, 0xF8, 0x80,
    0x3C, 0xFC, 0x00, 0x00, 0x00, 0x00, 0x00, 0x00, 0x00, 0x00, 0x00, 0x00,
    0x00, 0x00, 0x00, 0x00, 0x00, 0x00, 0x07, 0xFF, 0xF8, 0x00, 0x00, 0x00,
    0x00, 0x00, 0xF9, 0xC0, 0x3F, 0xF8, 0x00, 0x00, 0x00, 0x00, 0x00, 0x00,
    0x00, 0x00, 0x00, 0x00, 0x00, 0x00, 0x00, 0x00, 0x00, 0x00, 0x3F, 0xF8,
    0x00, 0x00, 0x00, 0x00, 0x00, 0x00, 0x01, 0xC0, 0x1F, 0xF0, 0x00, 0x00,
    0x00, 0x00, 0x00, 0x00, 0x00, 0x00, 0x00, 0x00, 0x00, 0x00, 0x00, 0x00,
    0x00, 0x00, 0x3C, 0x00, 0x00, 0x00, 0x00, 0x00, 0x00, 0x00, 0x00, 0x00,
    0x0F, 0xE0, 0x00, 0x00, 0x00, 0x00, 0x00, 0x00, 0x00, 0x00, 0x00, 0x00,
    0x00, 0x00, 0x00, 0x00, 0x00, 0x00, 0x00, 0x00, 0x00, 0x00, 0x00, 0x00,
    0x00, 0x00, 0x00, 0x00, 0x03, 0x80, 0x00, 0x00, 0x00, 0x00, 0x00, 0x00,
    0x00, 0x00, 0x00, 0x00, 0x00, 0x00, 0x00, 0x00, 0x00, 0x00, 0x00, 0x00,
    0x00, 0x00, 0x00, 0x00, 0x00, 0x00, 0x00, 0x00, 0x00, 0x00, 0x00, 0x00,
    0x00, 0x00, 0x00, 0x00, 0x00, 0x00, 0x00, 0x00, 0x00, 0x00, 0x00, 0x00,
    0x00, 0x00, 0x00, 0x00, 0x00, 0x00, 0x00, 0x00, 0x00, 0x00, 0x00, 0x00,
    0x00, 0x00, 0x00, 0x00, 0x00, 0x00, 0x00, 0x00, 0x00, 0x00, 0x00, 0x00,
    0x00, 0x00, 0x00, 0x00, 0x00, 0x00, 0x00, 0x00, 0x00, 0x00, 0x00, 0x00,
    0x00, 0x00, 0x00, 0x00, 0x00, 0x00, 0x00, 0x00, 0x00, 0x00, 0x00, 0x00,
    0x00, 0x20, 0x00, 0x00, 0x00, 0x00, 0x00, 0x00, 0x00, 0x00, 0x00, 0x00,
    0x00, 0x00, 0x00, 0x00, 0x00, 0x00, 0x00, 0x00, 0x00, 0x00, 0x00, 0x00,
    0x00, 0x00, 0x00, 0x00, 0x00, 0x70, 0x00, 0x00, 0x00, 0x00, 0x00, 0x00,
    0x00, 0x02, 0x00, 0x00, 0x00, 0x00, 0x00, 0x00, 0x00, 0x00, 0x00, 0x00,
    0x00, 0x00, 0x00, 0x00, 0x00, 0x00, 0x00, 0x00, 0x00, 0xD8, 0x00, 0x00,
    0x00, 0x00, 0x00, 0x03, 0xFF, 0xFF, 0xFE, 0x00, 0x03, 0x81, 0xC0, 0x00,
    0x00, 0x00, 0x00, 0x00, 0x00, 0x00, 0x00, 0x00, 0x00, 0x00, 0x00, 0x00,
    0x01, 0x8C, 0x00, 0x00, 0x00, 0x00, 0x00, 0x07, 0xFF, 0xFF, 0xFF, 0x00,
    0x07, 0xC1, 0xE0, 0x00, 0x00, 0x00, 0x00, 0x00, 0x00, 0x00, 0x00, 0x00,
    0x08, 0x00, 0x00, 0x00, 0x03, 0x86, 0x00, 0x00, 0x00, 0x00, 0x00, 0x0F,
    0xFF, 0xFF, 0xFF, 0x80, 0x07, 0xC1, 0xE0, 0x7F, 0xF0, 0x00, 0x00, 0x00,
    0x00, 0x00, 0x00, 0x00, 0x18, 0x00, 0x00, 0x00, 0x06, 0x83, 0x00, 0x00,
    0x00, 0x00, 0x00, 0x0F, 0xF8, 0x00, 0x1F, 0x80, 0x07, 0xC1, 0xE0, 0xFF,
    0xF8, 0x00, 0x00, 0x00, 0x00, 0x00, 0x00, 0x00, 0x18, 0x00, 0x00, 0x00,
    0x06, 0x45, 0x00, 0x00, 0x00, 0x00, 0x00, 0x0F, 0x80, 0x00, 0x0F, 0x80,
    0x07, 0xC1, 0xE0, 0xFF, 0xFC, 0x00, 0x00, 0x00, 0x00, 0x00, 0x00, 0x00,
    0x38, 0x00, 0x00, 0x00, 0x03, 0x38, 0x80, 0x00, 0x00, 0x01, 0x00, 0x0F,
    0x80, 0x00, 0x0F, 0x80, 0x7F, 0xFF, 0xFC, 0xFF, 0xFC, 0x00, 0x00, 0x00,
    0x00, 0x00, 0x00, 0x07, 0x18, 0x00, 0x00, 0x00, 0x01, 0xB0, 0xC0, 0x00,
    0x00, 0x03, 0x80, 0x0F, 0x80, 0x00, 0x0F, 0x80, 0xFF, 0xFF, 0xFE, 0xF0,
    0x7C, 0x00, 0x3F, 0xFF, 0xFF, 0x80, 0x00, 0x07, 0xF8, 0x00, 0x00, 0x00,
    0x00, 0xF8, 0x60, 0x00, 0x00, 0x06, 0x40, 0x0F, 0xFF, 0xFF, 0xFF, 0x80,
    0xFF, 0xFF, 0xFE, 0xF0, 0x7C, 0x03, 0xFF, 0xFF, 0xFF, 0xC0, 0x00, 0x03,
    0xFC, 0x00, 0x00, 0x00, 0x00, 0x64, 0xF0, 0x00, 0x00, 0x0C, 0x60, 0x0F,
    0xFF, 0xFF, 0xFF, 0x80, 0x7F, 0xFF, 0xFC, 0xF0, 0x7C, 0x07, 0xFF, 0xFF,
    0xFF, 0xE0, 0x00, 0x00, 0x74, 0x00, 0x00, 0x00, 0x00, 0x37, 0x90, 0x00,
    0x00, 0x1C, 0xD0, 0x0F, 0xFF, 0xFF, 0xFF, 0x80, 0x07, 0xC1, 0xE0, 0xF0,
    0x3C, 0x0F, 0xFF, 0xFF, 0xFF, 0xE0, 0x00, 0x00, 0x60, 0x00, 0x00, 0x00,
    0x00, 0x1B, 0x08, 0x00, 0x00, 0x31, 0x88, 0x0F, 0xFF, 0xF4, 0x1F, 0x80,
    0x07, 0xC1, 0xE0, 0xF0, 0x3C, 0x0F, 0xC1, 0xE7, 0x83, 0xE0, 0x00, 0x00,
    0x40, 0x00, 0x00, 0x00, 0x00, 0x0D, 0x8C, 0x00, 0x00, 0x73, 0x0C, 0x0F,
    0x80, 0x00, 0x0F, 0x80, 0x07, 0xC1, 0xE0, 0xF0, 0x3C, 0x0F, 0x81, 0xE7,
    0x83, 0xE0, 0x00, 0x00, 0x00, 0x00, 0x00, 0x00, 0x00, 0x06, 0xC6, 0x00,
    0x00, 0x66, 0x98, 0x0F, 0x80, 0x00, 0x0F, 0x80, 0x07, 0xFF, 0xE0, 0xFF,
    0xFC, 0x0F, 0x81, 0xE7, 0x83, 0xE0, 0x00, 0x00, 0x00, 0x00, 0x00, 0x00,
    0x00, 0x03, 0x72, 0x00, 0x00, 0xDC, 0x70, 0x0F, 0x80, 0x00, 0x1F, 0x80,
    0x07, 0xFF, 0xE0, 0xFF, 0xFC, 0x0F, 0x81, 0xE7, 0x83, 0xE0, 0x00, 0x00,
    0x00, 0x00, 0x00, 0x00, 0x00, 0x01, 0xA1, 0x00, 0x01, 0x98, 0x60, 0x07,
    0xFF, 0xFF, 0xFF, 0x80, 0x07, 0xFF, 0xE0, 0xFF, 0xFC, 0x0F, 0x83, 0xE7,
    0x83, 0xE0, 0x00, 0x60, 0x00, 0x00, 0x00, 0x00, 0x00, 0x00, 0xD0, 0x80,
    0x03, 0x30, 0xC0, 0x07, 0xFF, 0xFF, 0xFF, 0x00, 0x07, 0xFF, 0xE0, 0xFF,
    0xFC, 0x0F, 0x83, 0xC7, 0x83, 0xE0, 0x00, 0x60, 0x00, 0x00, 0x00, 0x00,
    0x00, 0x00, 0x49, 0xC0, 0x07, 0x63, 0x00, 0x07, 0xFF, 0xFF, 0xFF, 0x00,
    0x07, 0xC1, 0xE0, 0xF0, 0x3C, 0x0F, 0x83, 0xC7, 0x83, 0xE0, 0x00, 0x20,
    0x00, 0x00, 0x00, 0x00, 0x00, 0x00, 0x26, 0x40, 0x0C, 0xC2, 0x00, 0x00,
    0xDF, 0xF7, 0xB0, 0x00, 0x07, 0x81, 0xE0, 0xF0, 0x3C, 0x0F, 0x83, 0xC7,
    0x83, 0xE0, 0x06, 0xE0, 0x00, 0x00, 0x13, 0x80, 0x00, 0x00, 0x1E, 0x20,
    0x09, 0xC4, 0x00, 0x01, 0xC0, 0x78, 0x00, 0x00, 0x07, 0xFF, 0xE0, 0xF0,
    0x3C, 0x0F, 0x83, 0xC7, 0x83, 0xE0, 0x03, 0xF0, 0x00, 0x00, 0x3F, 0x80,
    0x00, 0x00, 0x09, 0x20, 0x1B, 0x28, 0x00, 0x03, 0xE0, 0x7C, 0x00, 0x00,
    0x07, 0xFF, 0xE0, 0xF0, 0x3C, 0x0F, 0x87, 0xC7, 0x83, 0xE0, 0x00, 0xE0,
    0x00, 0x00, 0x1F, 0x80, 0x00, 0x00, 0x04, 0xA0, 0x36, 0x30, 0x00, 0x03,
    0xE0, 0x7C, 0x00, 0x00, 0x07, 0xFF, 0xE0, 0xF0, 0x3C, 0x0F, 0x87, 0x87,
    0xC3, 0xE0, 0x00, 0x80, 0x00, 0x01, 0xFF, 0xA0, 0x00, 0x00, 0x07, 0xB0,
    0x64, 0x40, 0x00, 0x07, 0xFF, 0xFF, 0xFE, 0x00, 0x07, 0xFF, 0xE0, 0xF1,
    0x7C, 0x0F, 0x8F, 0x87, 0xFF, 0xE0, 0x00, 0x00, 0x00, 0x01, 0xFF, 0xF0,
    0x00, 0x00, 0x0F, 0xF0, 0xCA, 0x80, 0x00, 0x07, 0xFF, 0xFF, 0xFF, 0x00,
    0x07, 0xC1, 0xE0, 0xFF, 0xFC, 0x0F, 0x8F, 0x03, 0xFF, 0xE0, 0x00, 0x00,
    0x00, 0x07, 0xFD, 0xF0, 0x00, 0x00, 0x1F, 0xF1, 0xB1, 0x00, 0x00, 0x0F,
    0xFF, 0xFF, 0xFF, 0x00, 0x07, 0xC1, 0xE0, 0xFF, 0xFC, 0x0F, 0x9E, 0x03,
    0xFF, 0xE0, 0x00, 0x00, 0x00, 0x07, 0xFD, 0x70, 0x00, 0x00, 0x7F, 0xFD,
    0xCE, 0x00, 0x00, 0x1F, 0xFF, 0xFF, 0xFF, 0x00, 0x07, 0xC1, 0xF8, 0xFF,
    0xFC, 0x0F, 0xBE, 0x01, 0xFF, 0xE0, 0x00, 0x00, 0x00, 0x07, 0xE2, 0x70,
    0x00, 0x00, 0xFF, 0xFF, 0x84, 0x00, 0x00, 0x3F, 0x00, 0x7C, 0x00, 0x00,
    0x3F, 0xFF, 0xFD, 0xF0, 0x3C, 0x0F, 0x98, 0x00, 0x03, 0xE0, 0x00, 0x00,
    0x00, 0xEB, 0xFE, 0xF0, 0x00, 0x01, 0xFF, 0xFF, 0x00, 0x00, 0x00, 0x7E,
    0x00, 0x7C, 0x00, 0x00, 0xFF, 0xFF, 0xFF, 0xF0, 0x3C, 0x0F, 0x80, 0x00,
    0x03, 0xE0, 0x00, 0x00, 0x00, 0xFF, 0xFF, 0x70, 0x00, 0x03, 0xFF, 0xFF,
    0x80, 0x00, 0x00, 0x7C, 0x00, 0x7C, 0x00, 0x01, 0xFF, 0xFF, 0xFD, 0xF0,
    0x3C, 0x0F, 0x80, 0x00, 0x03, 0xE0, 0x00, 0x00, 0x00, 0xFF, 0xAF, 0xF0,
    0x00, 0x07, 0xFF, 0xFF, 0x80, 0x00, 0x00, 0x7C, 0xFF, 0xFF, 0xFC, 0x01,
    0xFF, 0xFF, 0xE1, 0xF0, 0x3C, 0x0F, 0x80, 0x00, 0x03, 0xE0, 0x00, 0x00,
    0x03, 0xFF, 0x9F, 0xF0, 0x00, 0x0F, 0xFF, 0xFF, 0xC0, 0x00, 0x00, 0x31,
    0xFF, 0xFF, 0xFE, 0x00, 0xF9, 0x83, 0x01, 0xE0, 0x3C, 0x0F, 0x80, 0x00,
    0x07, 0xE0, 0x00, 0x00, 0x03, 0xFF, 0xCF, 0xF0, 0x00, 0x1F, 0xFF, 0xFF,
    0xE0, 0x00, 0x00, 0x01, 0xFF, 0xFF, 0xFE, 0x00, 0x03, 0xC7, 0x81, 0xE0,
    0x3E, 0x0F, 0xFF, 0xFF, 0xFF, 0xE0, 0x00, 0x00, 0x03, 0xFF, 0xFF, 0xF0,
    0x00, 0x3F, 0xFF, 0xFF, 0xF0, 0x00, 0x00, 0x00, 0xFF, 0xFF, 0xE8, 0x00,
    0x03, 0xC7, 0xC3, 0xE0, 0x3C, 0x0F, 0xFF, 0xFF, 0xFF, 0xC0, 0x00, 0x00,
    0xC8, 0xFF, 0xFF, 0xF0, 0x00, 0x7F, 0xFF, 0xFF, 0xFC, 0x00, 0x00, 0x00,
    0x00, 0x78, 0x00, 0x00, 0x07, 0xC3, 0xE3, 0xE0, 0x3C, 0x0F, 0xFF, 0xFF,
    0xFF, 0xC0, 0x00, 0x07, 0xFD, 0xFF, 0xFF, 0xF0, 0x00, 0x7F, 0xFF, 0xFF,
    0xFA, 0x00, 0x00, 0x00, 0x00, 0x7C, 0x00, 0x00, 0x0F, 0x83, 0xF3, 0xC0,
    0x7C, 0x07, 0xFF, 0xFF, 0xFF, 0x80, 0x00, 0x07, 0xFD, 0xFF, 0xFF, 0xF0,
    0x00, 0x3F, 0xF9, 0x80, 0xFB, 0x00, 0x00, 0x00, 0x00, 0x7C, 0x00, 0x00,
    0x1F, 0x81, 0xF7, 0xC3, 0xFC, 0x03, 0xF8, 0x00, 0x0F, 0x00, 0x00, 0x23,
    0xF8, 0xFF, 0xFF, 0xF0, 0x00, 0x1F, 0xBB, 0x02, 0x4D, 0x80, 0x00, 0x3F,
    0xFF, 0xFF, 0xFF, 0xF8, 0x3F, 0x00, 0xF7, 0xC7, 0xFC, 0x00, 0x00, 0x00,
    0x00, 0x00, 0x00, 0x77, 0xFF, 0xFF, 0xFF, 0xF0, 0x00, 0x1F, 0x7E, 0x00,
    0x46, 0xC0, 0x00, 0x7F, 0xFF, 0xFF, 0xFF, 0xF8, 0x3E, 0x00, 0x77, 0x87,
    0xFC, 0x00, 0x00, 0x00, 0x00, 0x00, 0x03, 0xFF, 0xFF, 0xFF, 0xFF, 0xF0,
    0x00, 0x3F, 0xCD, 0x00, 0x26, 0x60, 0x00, 0x7F, 0xFF, 0xFF, 0xFF, 0xF8,
    0x3C, 0x00, 0x07, 0x03, 0xF8, 0x00, 0x00, 0x00, 0x00, 0x00, 0x03, 0xFF,
    0xFF, 0xFF, 0x7F, 0xF0, 0x00, 0x7F, 0xD9, 0x00, 0x31, 0x30, 0x00, 0x7F,
    0xFF, 0xFF, 0xFF, 0xF8, 0x18, 0x00, 0x02, 0x00, 0x70, 0x00, 0x00, 0x00,
    0x00, 0x00, 0x07, 0xFF, 0xFF, 0xFF, 0xFF, 0xF0, 0x00, 0xFF, 0xFA, 0x18,
    0x18, 0xB8, 0x00, 0x1A, 0x00, 0x00, 0x00, 0x00, 0x00, 0x00, 0x00, 0x00,
    0x00, 0x00, 0x00, 0x00, 0x00, 0x00, 0x07, 0xFF, 0xFF, 0xFF, 0xFF, 0xF0,
    0x01, 0xBF, 0xF6, 0x1C, 0x08, 0x4C, 0x00, 0x00, 0x00, 0x00, 0x00, 0x00,
    0x00, 0x00, 0x00, 0x00, 0x00, 0x00, 0x00, 0x00, 0x00, 0x00, 0x07, 0xFF,
    0xFF, 0xFF, 0xFF, 0xF0, 0x03, 0x3E, 0xE0, 0x1C, 0x04, 0xE6, 0x00, 0x00,
    0x00, 0x00, 0x00, 0x00, 0x00, 0x00, 0x00, 0x00, 0x00, 0x00, 0x00, 0x00,
    0x00, 0x00, 0x01, 0xFF, 0xFF, 0xFF, 0xFF, 0xF0, 0x06, 0x3F, 0xEC, 0x1C,
    0x07, 0x33, 0x00, 0x00, 0x00, 0x00, 0x00, 0x00, 0x00, 0x00, 0x00, 0x00,
    0x00, 0x00, 0x00, 0x00, 0x00, 0x00, 0x01, 0xFF, 0xFF, 0xFF, 0xFF, 0xF0,
    0x0C, 0x3F, 0xFC, 0x1C, 0x03, 0x1F, 0x00, 0x00, 0x00, 0x00, 0x00, 0x00,
    0x00, 0x00, 0x00, 0x00, 0x00, 0x00, 0x00, 0x00, 0x00, 0x00, 0x0F, 0xFF,
    0xFF, 0xFF, 0xFF, 0xF0, 0x10, 0x7F, 0xD8, 0x00, 0x01, 0x0D, 0x80, 0x00,
    0x00, 0x00, 0x00, 0x00, 0x00, 0x00, 0x00, 0x00, 0x00, 0x00, 0x00, 0x00,
    0x00, 0x00, 0x0F, 0xF7, 0xFF, 0xFF, 0xFF, 0xF0, 0x30, 0xFF, 0xC8, 0x00,
    0x00, 0x94, 0xC0, 0x00, 0x00, 0x00, 0x00, 0x00, 0x00, 0x00, 0x00, 0x00,
    0x00, 0x00, 0x00, 0x00, 0x00, 0x00, 0x07, 0x7F, 0xFF, 0xFF, 0xFF, 0xF0,
    0x31, 0xFF, 0xC8, 0x00, 0x00, 0x62, 0x60, 0x00, 0x00, 0x00, 0x00, 0x00,
    0x00, 0x00, 0x00, 0x00, 0x00, 0x00, 0x00, 0x00, 0x00, 0x00, 0x77, 0x7F,
    0xFF, 0xFF, 0xFF, 0xF0, 0x1B, 0x7F, 0x88, 0x00, 0x00, 0x61, 0xB0, 0x00,
    0x00, 0x00, 0x00, 0x00, 0x00, 0x00, 0x00, 0x00, 0x00, 0x00, 0x00, 0x00,
    0x60, 0x00, 0x7F, 0xFF, 0xFF, 0xFF, 0xFF, 0xF0, 0x0E, 0x7F, 0x90, 0x00,
    0x00, 0x33, 0x98, 0x00, 0x00, 0x00, 0x00, 0x00, 0x00, 0x00, 0x00, 0x00,
    0x00, 0x00, 0x00, 0x00, 0x60, 0x00, 0x3F, 0xFF, 0xFF, 0xFF, 0xFF, 0xF0,
    0x06, 0x7F, 0xA0, 0x00, 0x00, 0x16, 0xD8, 0x00, 0x00, 0x00, 0x00, 0x00,
    0x00, 0x00, 0x00, 0x00, 0x00, 0x00, 0x00, 0x00, 0x70, 0x00, 0x3F, 0xFF,
    0xFF, 0xFF, 0xFF, 0xF0, 0x03, 0xFF, 0x20, 0x00, 0x00, 0x0C, 0x78, 0x00,
    0x00, 0x00, 0x00, 0x00, 0x00, 0x00, 0x00, 0x00, 0x00, 0x00, 0x00, 0x00,
    0xF0, 0x01, 0xFF, 0xFF, 0xFF, 0xFF, 0xFF, 0xF0, 0x39, 0xFF, 0x00, 0x00,
    0x00, 0x0C, 0x60, 0x00, 0x00, 0x00, 0x00, 0x00, 0x00, 0x00, 0x00, 0x00,
    0x00, 0x00, 0x00, 0x01, 0xF8, 0x03, 0xFF, 0xFF, 0xFF, 0xFF, 0xFF, 0xF0,
    0xF8, 0xFF, 0x00, 0x00, 0x00, 0x06, 0xC0, 0x00, 0x00, 0x00, 0x00, 0x00,
    0x00, 0x00, 0x00, 0x00, 0x00, 0x00, 0x00, 0x21, 0xF8, 0x01, 0xFF, 0xFF,
    0xFF, 0xFF, 0xFF, 0xF0, 0xFD, 0xFE, 0x00, 0x00, 0x00, 0x03, 0x80, 0x00,
    0x00, 0x00, 0x00, 0x00, 0x00, 0x00, 0x00, 0x00, 0x00, 0x00, 0x00, 0x21,
    0xF8, 0x00, 0x7F, 0xFF, 0xFF, 0xFF, 0xFF, 0xF0, 0xFF, 0xFE, 0x00, 0x08,
    0x00, 0xE1, 0x00, 0x00, 0x00, 0x07, 0xF8, 0x00, 0x00, 0x00, 0x00, 0x00,
    0x00, 0x00, 0x10, 0x71, 0xF8, 0x00, 0xFF, 0xFF, 0xFF, 0xFF, 0xFF, 0xF0,
    0xEF, 0xFC, 0x00, 0x1C, 0x07, 0xF0, 0x00, 0x00, 0x00, 0xFF, 0xF8, 0x00,
    0x00, 0x00, 0x00, 0x00, 0x00, 0x00, 0x30, 0x71, 0xF8, 0x01, 0xFF, 0xFF,
    0xFF, 0xFF, 0xFF, 0xF0, 0xFF, 0xFC, 0x00, 0x3E, 0x07, 0xF3, 0xE0, 0x00,
    0x9F, 0x7F, 0x00, 0x60, 0x00, 0x00, 0x00, 0x00, 0x00, 0x00, 0x30, 0x71,
    0xF8, 0x00, 0xF7, 0xFF, 0xFF, 0xFF, 0xFF, 0xF0, 0xFF, 0xFC, 0x00, 0x3F,
    0x03, 0xFF, 0xF0, 0x1E, 0x19, 0x18, 0x00, 0x46, 0x00, 0x00, 0x00, 0x00,
    0x00, 0x00, 0x38, 0xF1, 0xF8, 0x00, 0x47, 0x7F, 0xFF, 0xFF, 0xFF, 0xF0,
    0xFF, 0xFC, 0x70, 0x7F, 0x03, 0xFF, 0xFC, 0x61, 0xE0, 0x00, 0x06, 0x00,
    0x00, 0x00, 0x00, 0x00, 0x00, 0x00, 0x78, 0xF9, 0xF8, 0x70, 0x03, 0xFF,
    0xFF, 0xFF, 0xFF, 0xF0, 0xFF, 0xFC, 0x70, 0x7F, 0x03, 0xFF, 0xFF, 0xF3,
    0xF0, 0x00, 0x00, 0x08, 0x00, 0x00, 0x00, 0x00, 0x00, 0x00, 0x38, 0xF9,
    0xF8, 0x70, 0x07, 0xFF, 0xFF, 0xFE, 0xFF, 0xF0, 0xFF, 0xFC, 0xF0, 0x7F,
    0x03, 0xFF, 0xFF, 0xF7, 0xF0, 0x00, 0x00, 0x18, 0x00, 0x00, 0x00, 0x00,
    0x00, 0x00, 0x7C, 0xFF, 0xFD, 0x6F, 0xC7, 0x3F, 0xFF, 0xFF, 0xFF, 0xF0,
    0xFF, 0xFF, 0xFF, 0xFF, 0x03, 0xFF, 0xFF, 0xFF, 0xF2, 0x00, 0x00, 0x00,
    0x00, 0x00, 0x00, 0x00, 0x80, 0x00, 0x7C, 0xFF, 0xFF, 0xFF, 0xE0, 0x3F,
    0xFF, 0xFF, 0xFF, 0xF0, 0xFF, 0xFF, 0xFF, 0xFF, 0x83, 0xFF, 0xFF, 0xFF,
    0xFF, 0x80, 0x00, 0x00, 0x00, 0x00, 0x00, 0x3C, 0x00, 0x00, 0x7C, 0xFF,
    0xFF, 0xFF, 0xF0, 0xFF, 0xFF, 0xFF, 0xFF, 0xF0, 0xFF, 0xFF, 0xFF, 0xFF,
    0xFF, 0xFF, 0xFF, 0xFF, 0xFF, 0x8F, 0x00, 0x00, 0x00, 0x00, 0x01, 0xF8,
    0x00, 0x00, 0x79, 0xFB, 0xFF, 0xFF, 0xF0, 0xFF, 0xFF, 0xFF, 0x3F, 0xF0,
    0xFF, 0xFF, 0xFF, 0xFF, 0xBF, 0xFF, 0xFF, 0xFF, 0xFF, 0xDF, 0x80, 0x00,
    0x00, 0x00, 0x0C, 0x00, 0x00, 0x1E, 0xFD, 0xF7, 0xFF, 0xFF, 0x38, 0xFF,
    0xFF, 0xFF, 0x7F, 0xF0, 0xFF, 0xFF, 0xFF, 0xFF, 0xBF, 0xFF, 0xFF, 0xFF,
    0xFF, 0xFF, 0x80, 0x00, 0x00, 0x00, 0x58, 0xC0, 0x00, 0x3E, 0xFD, 0xEF,
    0xFF, 0xFE, 0x19, 0xFF, 0xFF, 0xFF, 0xFF, 0xF0, 0xFF, 0xFF, 0xFF, 0xFF,
    0xF7, 0xFF, 0xFF, 0xFF, 0xFF, 0xFF, 0xE0, 0x00, 0x00, 0x01, 0xC1, 0x80,
    0x00, 0x3F, 0xFD, 0xEE, 0xFF, 0xFC, 0xEF, 0xFF, 0xFF, 0xFF, 0xFF, 0xF0,
    0xFF, 0xFF, 0xFF, 0xFF, 0xFF, 0xFF, 0xEF, 0xFF, 0xFF, 0xFF, 0xE0, 0x0E,
    0x00, 0x0C, 0x1B, 0x06, 0x00, 0x3F, 0xFF, 0xDF, 0x7F, 0xFC, 0xE7, 0xFF,
    0xFF, 0xFF, 0xFF, 0xF0, 0x7F, 0xFF, 0xFF, 0xFF, 0xFF, 0xFF, 0xFF, 0xFF,
    0xFF, 0xFF, 0xE0, 0x1E, 0x60, 0x78, 0x3C, 0x0F, 0x0F, 0xFF, 0xFF, 0xE9,
    0x3F, 0xF8, 0x67, 0xFF, 0xFF, 0xFF, 0xFF, 0xF0, 0xBF, 0xFF, 0xFF, 0xFF,
    0xBF, 0xFF, 0xFF, 0xFF, 0xFF, 0xFF, 0xEC, 0x5F, 0xF1, 0xD8, 0xF8, 0x0F,
    0xEF, 0xFF, 0xFF, 0xA0, 0x3F, 0xF8, 0x07, 0xFF, 0xFF, 0xFF, 0xFF, 0xF0,
    0x3F, 0xFF, 0xFF, 0xFF, 0xFF, 0xFF, 0xFF, 0xFF, 0xFF, 0xFF, 0xFC, 0xFF,
    0xFF, 0x80, 0xC0, 0x0F, 0xFF, 0xFF, 0xFF, 0xDF, 0xFF, 0xF8, 0x17, 0xFF,
    0xFF, 0xFF, 0xFF, 0xF0, 0xFF, 0xFF, 0xFF, 0xFF, 0xFF, 0xFF, 0xFF, 0xFF,
    0xFF, 0xFF, 0xFF, 0xFF, 0xFF, 0xF7, 0x02, 0x3F, 0xFF, 0x7F, 0xFF, 0xFF,
    0xF1, 0xC9, 0x3F, 0xFF, 0xFF, 0xFF, 0xFF, 0xF0, 0xFF, 0xFF, 0xFF, 0xFF,
    0xFF, 0xFF, 0xFF, 0xFF, 0xFF, 0xBF, 0xFF, 0xFF, 0xFD, 0x7F, 0x07, 0x3F,
    0xFF, 0xFF, 0xFF, 0xBF, 0xF3, 0xDF, 0xFF, 0xFF, 0xFF, 0xFF, 0xFE, 0xF0,
    0x9F, 0xFF, 0xFF, 0xFF, 0x3B, 0xFF, 0xFF, 0xFF, 0xFF, 0xCF, 0xFF, 0xFF,
    0xFF, 0xFF, 0x4F, 0xFF, 0xFF, 0xFF, 0xFF, 0xDF, 0x37, 0x99, 0xFF, 0xFC,
    0x1F, 0xFF, 0xFF, 0xF0, 0x03, 0xFF, 0xFF, 0xFF, 0x33, 0xFD, 0xFF, 0xFF,
    0xFF, 0xFF, 0xFF, 0xFF, 0xFF, 0xFF, 0xFF, 0xFF, 0xFF, 0xFF, 0xFF, 0xFF,
    0x73, 0x9C, 0xF8, 0x00, 0x1E, 0x1F, 0x7E, 0x00, 0x01, 0xFF, 0xFF, 0xFF,
    0x33, 0xFF, 0xFF, 0xFF, 0xFF, 0xFF, 0xFF, 0xFF, 0xFF, 0xFF, 0x90, 0x03,
    0xFF, 0xFF, 0xFF, 0xFF, 0x30, 0x2F, 0x09, 0xF7, 0xFF, 0xF0, 0x7D, 0x10,
    0xB7, 0xFF, 0xFF, 0xF2, 0x1F, 0x9F, 0xFF, 0xFF, 0xFF, 0xFF, 0xFF, 0xFF,
    0xFF, 0x80, 0x00, 0x0F, 0xFF, 0xFF, 0xFF, 0x00, 0x06, 0x03, 0xEF, 0xFF,
    0xFF, 0xFB, 0xFF, 0xF0, 0x3B, 0xFF, 0xFF, 0xE3, 0xFF, 0x3F, 0xFC, 0xFF,
    0xFF, 0xFF, 0xFF, 0xFF, 0x40, 0x00, 0xE7, 0xEF, 0xFF, 0xFF, 0x00, 0x07,
    0xC0, 0xFF, 0xFF, 0x5F, 0xDC, 0x06, 0x7F, 0xF0, 0x19, 0xFF, 0xFF, 0xE9,
    0xFF, 0xFF, 0xFF, 0xFF, 0xFF, 0xFF, 0xFF, 0xFF, 0xC0, 0x01, 0xFF, 0xFF,
    0xFF, 0xF0, 0x04, 0x1F, 0xFF, 0xF8, 0xFD, 0xC0, 0x03, 0xFF, 0xFF, 0xF0,
    0x61, 0xFF, 0xFF, 0xF7, 0xFF, 0xFF, 0xFF, 0xFF, 0x1F, 0xFF, 0xFF, 0xFF,
    0xE0, 0x01, 0xFE, 0xFF, 0xF8, 0x00, 0x0F, 0xDF, 0xFF, 0xB3, 0xB0, 0x03,
    0xFF, 0xBF, 0xFF, 0xF0, 0xCD, 0xFF, 0xFF, 0xFF, 0xFF, 0xFD, 0xFF, 0xFF,
    0xFF, 0xFF, 0xFF, 0xFF, 0xE3, 0x97, 0xFE, 0xFF, 0x03, 0xBF, 0xFF, 0xFF,
    0xFC, 0xFF, 0x76, 0xFF, 0xFF, 0xFF, 0xFF, 0xF0, 0xFF, 0xFF, 0xFF, 0xFF,
    0xFF, 0xF7, 0xFF, 0xFF, 0xFF, 0xFF, 0xFF, 0xFF, 0xFF, 0xF7, 0xFF, 0xFC,
    0xFF, 0xFF, 0xFF, 0xFF, 0xFF, 0xBF, 0x71, 0xFF, 0xFF, 0xFF, 0xFF, 0xF0,
    0xFF, 0xFF, 0xFF, 0xDF, 0xFF, 0xFF, 0xFF, 0xFF, 0xFF, 0xFF, 0xFF, 0xFF,
    0xFF, 0xFF, 0xFF, 0xC3, 0xFF, 0xFF, 0xFF, 0xFF, 0xFE, 0xEF, 0x77, 0xFF,
    0xFF, 0xFF, 0xFF, 0xF0, 0xFF, 0xFF, 0xFF, 0xBF, 0xFF, 0xFF, 0xFF, 0xF7,
    0xFF, 0xFF, 0xFF, 0xFF, 0xFF, 0xE0, 0xFF, 0xFF, 0xBF, 0xFF, 0xFF, 0xFF,
    0xFF, 0xFF, 0xFF, 0xFF, 0xFF, 0xFF, 0xFF, 0xF0, 0xDF, 0xFF, 0xFF, 0xEF,
    0xFF, 0xF0, 0xFF, 0xFF, 0xFF, 0xFF, 0xFF, 0xFF, 0xFC, 0x0F, 0xFF, 0xFF,
    0xFF, 0xFF, 0xFF, 0xFF, 0xFF, 0xFF, 0xFF, 0xFF, 0xFF, 0xFF, 0x7F, 0xF0,
    0x9F, 0xFF, 0xFF, 0xEF, 0xFF, 0xF0, 0xFF, 0xFF, 0xFF, 0xFF, 0xFF, 0xFF,
    0xFC, 0x1F, 0xFF, 0xFF, 0xFF, 0xFF, 0xFF, 0xFF, 0xFF, 0xFC, 0x7F, 0xFF,
    0xFF, 0xFF, 0x73, 0xF0, 0xFF, 0xFF, 0xFF, 0xFF, 0xFF, 0xFF, 0xFF, 0xFF,
    0x9F, 0xFF, 0xFF, 0xFF, 0xFF, 0xC0, 0x7F, 0xFF, 0xFF, 0xFB, 0xFF, 0xFF,
    0xFF, 0xFF, 0xFF, 0xFF, 0xFF, 0xFF, 0xF3, 0xF0, 0xFF, 0xFF, 0xFF, 0xDF,
    0xFF, 0xFF, 0xFF, 0xFF, 0xFF, 0xFF, 0xFD, 0xFF, 0xFF, 0xEC, 0x3F, 0xFF,
    0xFF, 0xFF, 0xFF, 0xFF, 0xFF, 0xFF, 0xFF, 0xFF, 0xFF, 0xFF, 0x83, 0xF0,
    0xFF, 0xFF, 0xFF, 0xFF, 0xFF, 0xF8, 0xFF, 0xFF, 0xFD, 0xFF, 0xFF, 0xEF,
    0xFF, 0xFE, 0x00, 0x7F, 0xFF, 0xFF, 0xFF, 0xFF, 0xFF, 0xFF, 0xFF, 0xFF,
    0xFF, 0x7F, 0x83, 0xF0, 0xFF, 0xFF, 0xFF, 0xFB, 0xFF, 0xEF, 0xFF, 0xFF,
    0xFD, 0xFB, 0x7F, 0xFF, 0xFF, 0xFF, 0xC0, 0x07, 0xFF, 0xFF, 0xFF, 0xFF,
    0xFC, 0xFF, 0xFF, 0xFF, 0xFE, 0x7F, 0xD7, 0xF0, 0xFF, 0xFF, 0xFF, 0xFA,
    0xFF, 0xF7, 0xFF, 0xFF, 0xE6, 0xDF, 0x7F, 0xFD, 0xFF, 0xFF, 0xF0, 0x03,
    0xFF, 0xFF, 0xFF, 0xFF, 0xFF, 0xFF, 0xFF, 0xFF, 0xFF, 0xFF, 0xF7, 0xF0,
    0xFF, 0xFF, 0xFF, 0xF3, 0xFF, 0xC7, 0xFE, 0xDF, 0xFF, 0xDF, 0xFF, 0xFF,
    0xFF, 0xFF, 0xF4, 0x00, 0xFF, 0xFF, 0xFF, 0xFF, 0xFF, 0xFF, 0xFF, 0xFF,
    0xFF, 0xFF, 0xFF, 0xF0, 0xFF, 0xFF, 0xFF, 0xFF, 0x3F, 0xFF, 0xFF, 0xEF,
    0xFF, 0xFF, 0xFF, 0xFF, 0xFF, 0xFF, 0xFE, 0x00, 0x5F, 0xFF, 0xFF, 0xFF,
    0xFF, 0xFF, 0xFF, 0xFF, 0xFF, 0xFF, 0xFF, 0xF0, 0xFF, 0xFF, 0xFF, 0xFF,
    0x0D, 0xFF, 0xFF, 0xFF, 0xFF, 0xF9, 0xFD, 0xFF, 0xFF, 0xFF, 0xFC, 0x00,
    0x5F, 0xFF, 0xFF, 0xFD, 0xFF, 0xFF, 0xFF, 0xFF, 0xFF, 0xFF, 0xFF, 0xF0,
    0xFF, 0xFF, 0xFF, 0xFF, 0x37, 0xFF, 0xFF, 0xFF, 0xFF, 0xFB, 0xDD, 0xFF,
    0xFF, 0xFF, 0xE0, 0x00, 0x7F, 0xFF, 0xFF, 0xFF, 0xFF, 0xFF, 0xFF, 0xFF,
    0xFF, 0xFF, 0xFF, 0xF0, 0xFF, 0xFF, 0xFF, 0xFF, 0xFF, 0xFF, 0xFF, 0xFF,
    0xFF, 0xFF, 0xFF, 0xFF, 0xFF, 0xFE, 0x00, 0x05, 0xFF, 0xFF, 0xFF, 0xFF,
    0xFF, 0xFF, 0xFD, 0xFF, 0xFF, 0xFF, 0xFD, 0xF0, 0xFF, 0xFF, 0xFF, 0xFF,
    0xFF, 0xFF, 0xFF, 0xFF, 0xFF, 0xFF, 0xFF, 0xFF, 0xFF, 0xF8, 0x00, 0x07,
    0xFF, 0xFF, 0xFF, 0xFF, 0xFF, 0xF3, 0xBF, 0xFF, 0xFF, 0xDF, 0xFF, 0xF0,
    0xF7, 0xFF, 0xFF, 0xFF, 0xFF, 0xFF, 0xFF, 0xFF, 0xFF, 0xFF, 0xFF, 0xFF,
    0xFF, 0x00, 0x00, 0xFF, 0xFF, 0xFF, 0xFF, 0xFF, 0xFC, 0xDF, 0xFF, 0xFF,
    0xFF, 0x7F, 0xFF, 0xF0, 0xFF, 0xFF, 0xFF, 0xFF, 0xFF, 0xFF, 0xFF, 0xFF,
    0xFF, 0xFF, 0xFF, 0xFF, 0xF8, 0x00, 0x04, 0xFF, 0xFF, 0xFF, 0xFF, 0xFF,
    0xFD, 0xF7, 0xFF, 0xFF, 0xFD, 0xFB, 0xFF, 0xF0, 0xFF, 0xFF, 0xFF, 0xFF,
    0xFF, 0xFF, 0xFF, 0xF7, 0xFF, 0xFF, 0xFF, 0xFE, 0x00, 0x00, 0x07, 0xFF,
    0xFF, 0xFF, 0xFF, 0xFF, 0x3F, 0xFF, 0xFF, 0xFF, 0xFF, 0xFB, 0xFF, 0xF0,
    0xFF, 0xFF, 0xFF, 0xFF, 0xFF, 0xFF, 0xFF, 0xE7, 0xFF, 0xFF, 0xFF, 0xFE,
    0x00, 0x00, 0x5F, 0xFF, 0xFF, 0xFF, 0xFE, 0x73, 0x8F, 0xFF, 0xFF, 0xFF,
    0xFF, 0xFF, 0xFF, 0x70, 0xFF, 0xFF, 0xFF, 0xFF, 0x9E, 0x7F, 0xFD, 0xFF,
    0xFF, 0xFF, 0xFF, 0x80, 0x00, 0x00, 0x7F, 0xFF, 0xFF, 0xFF, 0x9F, 0xFE,
    0x47, 0xFF, 0xFF, 0xFF, 0xFF, 0xFF, 0xFF, 0x30, 0xFF, 0xFF, 0xFF, 0xFF,
    0xFE, 0x0F, 0xFF, 0xFF, 0xFF, 0xFF, 0xFF, 0x80, 0x00, 0x01, 0xFF, 0xFB,
    0xFF, 0xFF, 0xF8, 0x8E, 0x7F, 0xFF, 0xFF, 0xFF, 0xFF, 0xFF, 0xFF, 0xE0,
    0xFF, 0xFF, 0xFF, 0xFF, 0xFA, 0x07, 0xFF, 0xFE, 0x6F, 0xFF, 0xFF, 0x00,
    0x00, 0x07, 0xFF, 0xFF, 0xFF, 0xFF, 0xF9, 0x9F, 0xFF, 0xFF, 0xFF, 0xFF,
    0xFF, 0xFF, 0xBF, 0xF0, 0xFF, 0xFF, 0xFF, 0xFF, 0xFC, 0x07, 0x7F, 0xF0,
    0x07, 0xFF, 0xF4, 0x00, 0x00, 0x07, 0xFF, 0xFF, 0xFF, 0xFF, 0xEE, 0x7F,
    0xFF, 0xFB, 0xFF, 0xFF, 0xFF, 0xFF, 0xFF, 0xF0, 0xFF, 0xDD, 0xFF, 0xFF,
    0xFC, 0xF1, 0xFF, 0xF0, 0x07, 0xEF, 0xEF, 0xFF, 0x00, 0x37, 0xFF, 0xFF,
    0xFF, 0xFF, 0xFF, 0xFF, 0xFD, 0xFD, 0xFF, 0xFF, 0xFF, 0xFF, 0xBF, 0xF0,
    0xFF, 0x8C, 0x9F, 0xFF, 0xFF, 0x70, 0xFE, 0xF1, 0xE3, 0xFF, 0xFD, 0xCE,
    0x00, 0x03, 0xFF, 0xFF, 0xFF, 0xFF, 0xFF, 0xFF, 0xFF, 0xFF, 0xFF, 0xFF,
    0xFF, 0xFD, 0xFF, 0xF0, 0xFF, 0xC4, 0x9F, 0xFF, 0xFF, 0xA7, 0xFF, 0xF9,
    0xA1, 0xFF, 0xFF, 0x86, 0x60, 0x01, 0xFF, 0xFF, 0xFF, 0xFF, 0xFF, 0xFF,
    0xF7, 0xFF, 0xFF, 0xBF, 0xFF, 0xFF, 0xFF, 0xF0, 0xFC, 0x60, 0x1B, 0xFF,
    0xFF, 0xE3, 0xFF, 0xF1, 0xE3, 0xFF, 0xFE, 0x86, 0xC0, 0x9C, 0xFF, 0xFF,
    0xFF, 0xFF, 0xFF, 0xFF, 0xFF, 0xFB, 0xFB, 0xFF, 0xFF, 0x7F, 0xFC, 0xF0,
    0xFC, 0x00, 0x11, 0xFF, 0xFF, 0xFF, 0xFF, 0x71, 0xC7, 0xFF, 0xFF, 0xAC,
    0xC0, 0x00, 0x3A, 0xFF, 0xFF, 0xFF, 0xFF, 0xFF, 0xFF, 0xFF, 0xFF, 0xFF,
    0xFF, 0xFF, 0xFC, 0xF0, 0xFF, 0x00, 0x03, 0xFF, 0xFF, 0xFF, 0xFF, 0xFC,
    0x03, 0xFF, 0xFF, 0xF8, 0x80, 0x00, 0x03, 0xFF, 0xFF, 0xFF, 0xEF, 0xFF,
    0xFF, 0xFF, 0xEE, 0xFF, 0xFF, 0xFF, 0xFF, 0xF0, 0xFF, 0x0F, 0xC7, 0xFF,
    0xFF, 0xBF, 0xFF, 0xFC, 0x17, 0xFF, 0xFF, 0xFF, 0x30, 0x00, 0x03, 0xFF,
    0xFF, 0xFF, 0xE7, 0xFF, 0xFF, 0xFF, 0xFF, 0xFF, 0xFF, 0xFF, 0xFF, 0xF0,
    0xF8, 0x0F, 0xE0, 0x7F, 0xFF, 0xFF, 0xBF, 0xFF, 0x9F, 0xFF, 0xFF, 0xFF,
    0xF0, 0x00, 0x01, 0xFF, 0xFF, 0xFF, 0xFF, 0xFF, 0xFF, 0xFF, 0xFF, 0xDF,
    0xFF, 0xFF, 0xEF, 0xF0, 0xFC, 0x0F, 0xE0, 0x3F, 0xFF, 0xFE, 0xFF, 0xFF,
    0xFF, 0xFF, 0xFF, 0xFF, 0xE8, 0x00, 0x00, 0x08, 0x3F, 0xFF, 0xFF, 0xFF,
    0xFF, 0xFF, 0xFF, 0xFF, 0xFF, 0xDF, 0xFF, 0xB0, 0xFF, 0x8F, 0xF0, 0xFF,
    0xFF, 0xFF, 0xFF, 0xFF, 0xFF, 0xFF, 0xFF, 0xFF, 0xF8, 0xC0, 0x00, 0x01,
    0x2F, 0xFF, 0xFF, 0xFF, 0xFF, 0xFF, 0xFF, 0xFF, 0xFF, 0xDF, 0xFF, 0xE0,
    0xFF, 0x07, 0xF0, 0x7F, 0xFF, 0xFF, 0xEF, 0xBF, 0xFF, 0xFF, 0xFF, 0xFF,
    0xDF, 0x80, 0x00, 0x00, 0x0F, 0xFF, 0xFF, 0xFF, 0xFF, 0xFF, 0xFF, 0xFF,
    0xFF, 0xDF, 0xFF, 0xF0, 0xFE, 0x03, 0xE1, 0x3F, 0xFF, 0xFF, 0xFF, 0xFF,
    0xFF, 0xFF, 0xFF, 0xFF, 0xFF, 0xC7, 0xC0, 0x00, 0x6D, 0xFF, 0xFF, 0xFF,
    0xFF, 0xFF, 0xFF, 0xFF, 0xFF, 0xFF, 0xFF, 0xF0, 0xFE, 0xE0, 0x01, 0xFF,
    0xFF, 0xFF, 0xFF, 0xFF, 0xFF, 0xFF, 0xFF, 0xFF, 0xFF, 0xFF, 0xF0, 0x00,
    0x09, 0xFF, 0xFF, 0xFF, 0xFF, 0xFF, 0xFF, 0xFF, 0xF7, 0xFF, 0xFF, 0xF0,
    0xFF, 0xE0, 0x00, 0xFF, 0xFF, 0xFF, 0xFF, 0xFF, 0xFF, 0xFF, 0xFF, 0xFF,
    0xFF, 0xFF, 0x80, 0x00, 0x01, 0xFF, 0xFF, 0xFF, 0xFF, 0xFF, 0xFF, 0xFF,
    0xF7, 0xFF, 0xFF, 0xF0, 0xFF, 0xC4, 0x04, 0x7F, 0xFF, 0xFF, 0xFE, 0xFF,
    0xFF, 0xFF, 0xF9, 0xFF, 0xFF, 0xE0, 0x08, 0x00, 0x00, 0x03, 0xFF, 0xFF,
    0xFF, 0xFF, 0xFF, 0xFF, 0xFF, 0xDF, 0xFD, 0xF0, 0xFF, 0xEC, 0x47, 0xFF,
    0xFF, 0xFF, 0xFE, 0xFF, 0xFF, 0xFF, 0xFD, 0xFF, 0xFF, 0xF0, 0x00, 0x00,
    0x00, 0x3F, 0xFF, 0xFF, 0xFF, 0xFF, 0xBF, 0xF3, 0xFF, 0xDF, 0xFD, 0xF0,
    0xFF, 0xFC, 0x47, 0xFF, 0xFF, 0xF7, 0xFB, 0xFF, 0xFF, 0xFF, 0x9F, 0xFF,
    0xFF, 0xF8, 0x80, 0x00, 0x00, 0x7F, 0xFF, 0xFF, 0xFF, 0xE3, 0xFF, 0xFF,
    0xFF, 0xEF, 0xFD, 0xF0, 0xFF, 0xFE, 0xE7, 0xFF, 0xFF, 0xFF, 0xFF, 0xFF,
    0xFF, 0xFF, 0xB3, 0xFF, 0xFF, 0xC0, 0x00, 0x00, 0x00, 0x7F, 0xFF, 0xFF,
    0xFF, 0xCB, 0xFF, 0xEF, 0xFF, 0x7F, 0xFF, 0xF0, 0xFF, 0xFF, 0xFF, 0xFF,
    0xFF, 0xFF, 0xFF, 0xFF, 0xFF, 0xFF, 0xF7, 0xFF, 0xFF, 0xFE, 0x00, 0x01,
    0x80, 0x01, 0xFF, 0xFF, 0xFF, 0xD9, 0xFF, 0xFF, 0xFF, 0x7F, 0xFF, 0xF0,
    0xFF, 0xFF, 0xFF, 0xFF, 0xFF, 0xFF, 0xFF, 0xFF, 0xFF, 0xFF, 0xFF, 0xFF,
    0xFF, 0xFF, 0x00, 0x06, 0x00, 0x01, 0xFF, 0xFB, 0xFF, 0xF7, 0xFF, 0xFF,
    0xFF, 0xFF, 0xFF, 0xF0, 0xFF, 0xFF, 0xFF, 0xFF, 0xFF, 0xFF, 0xFF, 0xFF,
    0xFF, 0xFF, 0xFF, 0xFF, 0xFF, 0xFF, 0xFC, 0x00, 0x00, 0x07, 0xFF, 0xFF,
    0xFF, 0xFF, 0xFF, 0xFF, 0xFF, 0xFF, 0xFF, 0xF0, 0xFF, 0xFF, 0xFF, 0xFF,
    0xFF, 0xFF, 0xFF, 0xFF, 0xFF, 0xFF, 0xFF, 0xFF, 0xFF, 0xFF, 0xDC, 0x00,
    0x30, 0x3F, 0xFB, 0xFF, 0xFF, 0xFF, 0xFF, 0xFF, 0xFF, 0xFF, 0xFF, 0xF0,
    0xFF, 0xFF, 0xFF, 0xFF, 0xFF, 0xFF, 0xFF, 0xFF, 0xFF, 0xFF, 0xFF, 0xFF,
    0xFF, 0xF8, 0x00, 0x00, 0x6C, 0x1F, 0xFF, 0xFF, 0x9F, 0xFF, 0xFF, 0xFF,
    0xFF, 0xFF, 0xFF, 0xF0, 0xFF, 0xFF, 0xFF, 0xFF, 0xFF, 0xFF, 0xFF, 0xFF,
    0xFF, 0xFF, 0xEF, 0xFF, 0xFF, 0xFC, 0x07, 0xE0, 0x00, 0x5D, 0xFF, 0xFF,
    0xFF, 0xFF, 0xFF, 0xFF, 0xFF, 0xFF, 0xFF, 0xF0, 0xFF, 0xFF, 0xFF, 0xFF,
    0xFF, 0xFF, 0xFF, 0xFF, 0xFF, 0xFF, 0xFF, 0xFF, 0xFF, 0xFC, 0x3F, 0xDF,
    0xC7, 0xFF, 0xFF, 0xFF, 0xFF, 0xFF, 0xFF, 0xFF, 0xFF, 0xFF, 0xFF, 0xF0,
    0xFF, 0xFF, 0xFF, 0xFF, 0xFF, 0xFF, 0xFF, 0xFF, 0xFF, 0xFF, 0xFF, 0xFF,
    0xFF, 0xC0, 0x3F, 0xFF, 0xFF, 0xFF, 0xFF, 0xFF, 0xF7, 0xFF, 0xFF, 0xFF,
    0xFF, 0xFF, 0xFF, 0xF0, 0xFF, 0xFF, 0xFF, 0xFF, 0xFF, 0xFF, 0xFF, 0xFF,
    0xFF, 0xFF, 0xFF, 0xFF, 0xFF, 0xC6, 0x05, 0xFF, 0xFF, 0xFF, 0xFF, 0xFD,
    0xFF, 0xFF, 0xFF, 0xFF, 0xFF, 0xFF, 0xFF, 0xF0, 0xFF, 0xFF, 0xFF, 0xFF,
    0xFF, 0xFF, 0xFF, 0xFF, 0xFF, 0xFF, 0xFF, 0xFF, 0xF8, 0x0F, 0xE1, 0xFF,
    0x0F, 0xFF, 0xFF, 0xFF, 0xFF, 0xFF, 0xFF, 0xFF, 0xFF, 0xFF, 0xFF, 0xF0,
    0xFF, 0xFF, 0xFF, 0xFF, 0xFF, 0xFF, 0xFF, 0xFF, 0xFF, 0xFF, 0xFF, 0xFF,
    0x3F, 0x80, 0x3F, 0xF8, 0x7F, 0xFF, 0xFF, 0xFF, 0xFF, 0xFF, 0xFF, 0xFF,
    0xFF, 0xFF, 0xFF, 0xF0,
};
static_assert(sizeof(clock_gallery_image_04) == CLOCK_GALLERY_IMAGE_BYTES_PER_ROW * CLOCK_GALLERY_IMAGE_HEIGHT,
              "clock_gallery_image_04 payload size mismatch");

// 星期五.png
static const uint8_t clock_gallery_image_05[] = {
    0x00, 0x00, 0x00, 0x00, 0x00, 0x00, 0x00, 0x00, 0x00, 0x00, 0x00, 0x00,
    0x00, 0x00, 0x00, 0x00, 0x00, 0x00, 0x00, 0x00, 0x00, 0x00, 0x00, 0x00,
    0x00, 0x00, 0x00, 0x00, 0x00, 0x00, 0x00, 0x00, 0x00, 0x00, 0x00, 0x00,
    0x00, 0x00, 0x00, 0x00, 0x00, 0x00, 0x00, 0x00, 0x00, 0x00, 0x00, 0x00,
    0x00, 0x00, 0x00, 0x00, 0x00, 0x00, 0x00, 0x00, 0x00, 0x00, 0x00, 0x00,
    0x00, 0x00, 0x00, 0x00, 0x00, 0x00, 0x00, 0x00, 0x00, 0x00, 0x00, 0x00,
    0x00, 0x00, 0x00, 0x00, 0x00, 0x00, 0x00, 0x00, 0x00, 0x00, 0x00, 0x00,
    0x00, 0x00, 0x00, 0x00, 0x00, 0x00, 0x00, 0x00, 0x00, 0x00, 0x00, 0x00,
    0x00, 0x00, 0x00, 0x00, 0x00, 0x00, 0x00, 0x00, 0x00, 0x00, 0x00, 0x00,
    0x00, 0x00, 0x00, 0x00, 0x00, 0x00, 0x00, 0x00, 0x00, 0x00, 0x00, 0x00,
    0x00, 0x00, 0x00, 0x00, 0x00, 0x00, 0x00, 0x00, 0x00, 0x00, 0x00, 0x00,
    0x00, 0x00, 0x00, 0x00, 0x00, 0x00, 0x00, 0x00, 0x00, 0x00, 0x00, 0x00,
    0x00, 0x00, 0x00, 0x00, 0x00, 0x00, 0x00, 0x00, 0x00, 0x00, 0x00, 0x00,
    0x00, 0x00, 0x00, 0x00, 0x00, 0x00, 0x00, 0x00, 0x00, 0x00, 0x00, 0x00,
    0x00, 0x00, 0x00, 0x00, 0x00, 0x00, 0x00, 0x00, 0x00, 0x00, 0x00, 0x00,
    0x00, 0x00, 0x00, 0x00, 0x00, 0x00, 0x00, 0x00, 0x00, 0x00, 0x00, 0x00,
    0x00, 0x00, 0x00, 0x00, 0x00, 0x00, 0x00, 0x00, 0x00, 0x00, 0x00, 0x00,
    0x00, 0x00, 0x00, 0x00, 0x00, 0x00, 0x00, 0x00, 0x00, 0x00, 0x00, 0x00,
    0x00, 0x00, 0x00, 0x00, 0x00, 0x00, 0x00, 0x00, 0x00, 0x00, 0x00, 0x00,
    0x00, 0x00, 0x00, 0x00, 0x00, 0x00, 0x00, 0x00, 0x00, 0x00, 0x00, 0x00,
    0x00, 0x00, 0x00, 0x00, 0x00, 0x00, 0x00, 0x00, 0x00, 0x00, 0x00, 0x00,
    0x00, 0x00, 0x00, 0x00, 0x00, 0x00, 0x00, 0x00, 0x00, 0x00, 0x00, 0x00,
    0x00, 0x00, 0x00, 0x00, 0x00, 0x00, 0x00, 0x00, 0x00, 0x00, 0x00, 0x00,
    0x00, 0x00, 0x00, 0x00, 0x00, 0x00, 0x00, 0x00, 0x00, 0x00, 0x00, 0x00,
    0x00, 0x00, 0x00, 0x00, 0x00, 0x00, 0x00, 0x00, 0x00, 0x00, 0x00, 0x00,
    0x00, 0x00, 0x00, 0x00, 0x00, 0x00, 0x00, 0x00, 0x00, 0x00, 0x00, 0x00,
    0x00, 0x00, 0x00, 0x00, 0x00, 0x00, 0x00, 0x00, 0x00, 0x00, 0x00, 0x00,
    0x00, 0x00, 0x00, 0x00, 0x00, 0x00, 0x00, 0x00, 0x00, 0x00, 0x00, 0x00,
    0x00, 0x00, 0x00, 0x00, 0x00, 0x00, 0x00, 0x00, 0x00, 0x00, 0x00, 0x00,
    0x00, 0x00, 0x00, 0x00, 0x00, 0x00, 0x00, 0x00, 0x00, 0x00, 0x00, 0x00,
    0x00, 0x00, 0x00, 0x00, 0x00, 0x00, 0x00, 0x00, 0x00, 0x00, 0x00, 0x00,
    0x00, 0x00, 0x00, 0x00, 0x00, 0x00, 0x00, 0x00, 0x00, 0x00, 0x00, 0x00,
    0x00, 0x00, 0x00, 0x00, 0x00, 0x00, 0x00, 0x00, 0x00, 0x00, 0x00, 0x00,
    0x00, 0x00, 0x00, 0x00, 0x00, 0x00, 0x00, 0x00, 0x00, 0x60, 0x00, 0x00,
    0x00, 0x00, 0x00, 0x00, 0x00, 0x00, 0x00, 0x00, 0x00, 0x00, 0x00, 0x00,
    0x00, 0x00, 0x00, 0x00, 0x00, 0x00, 0x00, 0x00, 0x00, 0x00, 0x00, 0x00,
    0x00, 0x70, 0x0E, 0x00, 0x00, 0x00, 0x00, 0x00, 0x00, 0x00, 0x00, 0x00,
    0x00, 0x00, 0x00, 0x00, 0x00, 0x00, 0x00, 0x00, 0x00, 0x00, 0x00, 0x00,
    0x00, 0x00, 0x00, 0x00, 0x00, 0x70, 0x0E, 0x00, 0x00, 0x00, 0x00, 0x00,
    0x00, 0x00, 0x00, 0x00, 0x00, 0x00, 0x00, 0x00, 0x00, 0x00, 0x00, 0x00,
    0x00, 0x00, 0x00, 0x00, 0x00, 0x00, 0x00, 0x00, 0x00, 0x70, 0x1C, 0x00,
    0x00, 0x00, 0x00, 0x00, 0x00, 0x00, 0x00, 0x00, 0x00, 0x00, 0x00, 0x00,
    0x00, 0x00, 0x00, 0x00, 0x00, 0x00, 0x00, 0x00, 0x00, 0x00, 0x00, 0x00,
    0x00, 0x30, 0x1C, 0x00, 0x00, 0x00, 0x00, 0x00, 0x00, 0x00, 0x00, 0x00,
    0x00, 0x00, 0x00, 0x00, 0x00, 0x00, 0x00, 0x00, 0x00, 0x00, 0x00, 0x00,
    0x00, 0x00, 0x00, 0x01, 0xC0, 0x30, 0x18, 0x00, 0x00, 0x00, 0x00, 0x00,
    0x00, 0x00, 0x00, 0x00, 0x00, 0x00, 0x00, 0x00, 0x00, 0x00, 0x00, 0x00,
    0x00, 0x00, 0x00, 0x00, 0x00, 0x00, 0x00, 0x00, 0xE0, 0x30, 0x38, 0x06,
    0x00, 0x00, 0x00, 0x00, 0x00, 0x00, 0x00, 0x00, 0x00, 0x00, 0x00, 0x00,
    0x00, 0x00, 0x00, 0x00, 0x00, 0x00, 0x00, 0x00, 0x00, 0x00, 0x00, 0x00,
    0xF0, 0x10, 0x30, 0x0E, 0x00, 0x00, 0x00, 0x00, 0x00, 0x00, 0x00, 0x00,
    0x00, 0x00, 0x00, 0x00, 0x00, 0x00, 0x00, 0x00, 0x00, 0x00, 0x00, 0x00,
    0x00, 0x00, 0x00, 0x00, 0x78, 0x00, 0x00, 0x1E, 0x00, 0x00, 0x00, 0x00,
    0x00, 0x00, 0x00, 0x00, 0x00, 0x00, 0x00, 0x00, 0x00, 0x00, 0x00, 0x00,
    0x00, 0x00, 0x00, 0x00, 0x00, 0x00, 0x00, 0x00, 0x18, 0x00, 0x00, 0x3C,
    0x00, 0x00, 0x00, 0x00, 0x00, 0x00, 0x00, 0x00, 0x00, 0x00, 0x00, 0x00,
    0x00, 0x00, 0x00, 0x00, 0x00, 0x00, 0x00, 0x00, 0x00, 0x00, 0x00, 0x00,
    0x08, 0x00, 0x00, 0x70, 0x00, 0x00, 0x00, 0x00, 0x00, 0x00, 0x00, 0x00,
    0x00, 0x00, 0x00, 0x00, 0x00, 0xE0, 0x00, 0x00, 0x00, 0x00, 0x00, 0x00,
    0x00, 0x00, 0x00, 0x00, 0x00, 0x00, 0x00, 0xE0, 0x00, 0x00, 0x00, 0x04,
    0x00, 0x00, 0x00, 0x00, 0x00, 0x00, 0x00, 0x00, 0x00, 0xF0, 0x00, 0x00,
    0x00, 0x00, 0x00, 0x00, 0x00, 0x00, 0x00, 0x1E, 0x00, 0x00, 0x00, 0x00,
    0x00, 0x00, 0x00, 0x04, 0x00, 0x00, 0x00, 0x00, 0x00, 0x00, 0x00, 0x00,
    0x0D, 0xF0, 0x00, 0x00, 0x00, 0x00, 0x00, 0x00, 0x00, 0xFF, 0xC0, 0x1F,
    0x80, 0x00, 0x00, 0x00, 0x00, 0x00, 0x00, 0x00, 0x00, 0x00, 0x00, 0x00,
    0x00, 0x00, 0x00, 0x00, 0x0F, 0xF0, 0x00, 0x00, 0x00, 0x00, 0x00, 0x00,
    0x3F, 0xFF, 0xC0, 0x01, 0x80, 0x00, 0x00, 0x00, 0xC0, 0x00, 0x00, 0x00,
    0x00, 0x00, 0x00, 0x00, 0x00, 0x00, 0x00, 0x00, 0x07, 0xF0, 0x00, 0x00,
    0x00, 0x00, 0x00, 0x03, 0xFF, 0xFF, 0xE0, 0x00, 0x00, 0x00, 0x00, 0x01,
    0xE0, 0x00, 0x00, 0x00, 0x00, 0x00, 0x00, 0x00, 0x00, 0x00, 0x00, 0x00,
    0x07, 0xC0, 0x00, 0x00, 0x00, 0x0C, 0x00, 0x1F, 0xFF, 0xFF, 0xC0, 0x00,
    0x00, 0x00, 0x00, 0x03, 0xE0, 0x00, 0x00, 0x00, 0x00, 0x00, 0x00, 0x00,
    0x00, 0x00, 0x00, 0x00, 0x63, 0xE0, 0x00, 0x00, 0x00, 0x1E, 0x00, 0x7F,
    0xFF, 0xFF, 0x80, 0x00, 0x00, 0x00, 0x00, 0x03, 0xE0, 0x00, 0x00, 0x00,
    0x00, 0x00, 0x00, 0x00, 0x00, 0x00, 0x00, 0x00, 0x73, 0xC0, 0x00, 0x00,
    0x00, 0x1E, 0x00, 0x7F, 0xFF, 0xE0, 0x00, 0x00, 0x01, 0xE0, 0x00, 0x03,
    0xE0, 0x00, 0x00, 0x00, 0x00, 0x00, 0x00, 0x00, 0x00, 0x00, 0x00, 0x00,
    0x7A, 0x00, 0x00, 0x00, 0x00, 0x1E, 0x00, 0x7F, 0xFC, 0x00, 0x00, 0x00,
    0x03, 0xF0, 0x00, 0x03, 0xE0, 0x00, 0x00, 0x00, 0x00, 0x00, 0x00, 0x00,
    0x00, 0x00, 0x00, 0x00, 0xFA, 0x00, 0x00, 0x00, 0x00, 0x1E, 0x00, 0x7F,
    0xF8, 0x00, 0x00, 0x00, 0x03, 0xF0, 0x00, 0x03, 0xE0, 0x00, 0x00, 0x00,
    0x00, 0x00, 0x01, 0x00, 0x00, 0x00, 0x00, 0x00, 0xF8, 0x00, 0x06, 0x00,
    0x00, 0x1E, 0x00, 0x10, 0xF8, 0x00, 0x00, 0x00, 0x03, 0xF0, 0x00, 0x03,
    0xE0, 0x00, 0x00, 0x00, 0x00, 0x00, 0x03, 0x80, 0x00, 0x00, 0x00, 0x00,
    0x7C, 0x18, 0x6E, 0x00, 0x00, 0x0E, 0x00, 0x00, 0xF8, 0x00, 0x00, 0x00,
    0x03, 0xF0, 0x00, 0x07, 0xE0, 0x00, 0x00, 0x00, 0x00, 0x00, 0x07, 0x80,
    0x00, 0x00, 0x00, 0x00, 0x1E, 0x38, 0x6C, 0x00, 0x00, 0x06, 0x00, 0x00,
    0xF8, 0x00, 0x00, 0x00, 0x01, 0xC0, 0x00, 0x07, 0xC0, 0x00, 0x00, 0x00,
    0x00, 0x00, 0x07, 0x80, 0x00, 0x00, 0x00, 0x00, 0xFF, 0xF8, 0x60, 0x00,
    0x00, 0x02, 0x30, 0x00, 0xF8, 0x00, 0x00, 0x00, 0x00, 0x00, 0x00, 0x07,
    0xC0, 0x00, 0x00, 0x00, 0x00, 0x00, 0x0F, 0x80, 0x00, 0x00, 0x00, 0x00,
    0xFF, 0xF7, 0x3F, 0x00, 0x00, 0x02, 0x70, 0x00, 0xF8, 0x00, 0x00, 0x00,
    0x00, 0x00, 0x00, 0x07, 0xC0, 0x00, 0x00, 0x00, 0x00, 0x00, 0x0F, 0x80,
    0x00, 0x00, 0x00, 0x00, 0xFF, 0xBB, 0x87, 0x00, 0x00, 0x22, 0x70, 0x00,
    0xF8, 0x00, 0x00, 0x00, 0x00, 0x00, 0x00, 0x07, 0xC0, 0x00, 0x00, 0x00,
    0x00, 0x00, 0x07, 0x00, 0x00, 0x00, 0x00, 0x00, 0xFF, 0x7B, 0x80, 0x00,
    0x00, 0x7A, 0x70, 0x00, 0xF8, 0x00, 0x00, 0x03, 0x80, 0x00, 0x00, 0xE7,
    0xC0, 0x07, 0x00, 0x00, 0x00, 0x00, 0x06, 0x00, 0x00, 0x00, 0x00, 0x00,
    0xFB, 0xE0, 0xF8, 0x00, 0x00, 0x7D, 0x70, 0x00, 0xF8, 0xFF, 0x87, 0x0F,
    0xE1, 0xC0, 0x07, 0xFF, 0xC0, 0x1F, 0xC0, 0x0C, 0x01, 0x80, 0xC4, 0x00,
    0x00, 0x00, 0x00, 0x00, 0xFF, 0x61, 0x38, 0x00, 0x00, 0x3F, 0x60, 0x00,
    0xFF, 0xFF, 0xCF, 0x9F, 0xF3, 0xE0, 0x0F, 0xFF, 0xC0, 0x7F, 0xF8, 0x1E,
    0x03, 0xC0, 0xE4, 0x00, 0x00, 0x00, 0x00, 0x00, 0xFF, 0xF7, 0x10, 0x00,
    0x00, 0x1D, 0xC0, 0x00, 0xFF, 0xFF, 0xCF, 0xBF, 0xF3, 0xE0, 0x1F, 0xFF,
    0xC0, 0x7F, 0xF8, 0x1E, 0x03, 0xC0, 0xE5, 0xF0, 0x00, 0x00, 0x00, 0x00,
    0xFF, 0xEF, 0x00, 0x10, 0x00, 0x00, 0xC2, 0x03, 0xFF, 0xFF, 0x8F, 0xBF,
    0xF3, 0xE0, 0x3F, 0xFF, 0xC0, 0xFC, 0xFC, 0x1E, 0x03, 0xC0, 0xEB, 0xF0,
    0x00, 0x00, 0x00, 0x00, 0xFF, 0xFF, 0x00, 0x30, 0x00, 0x00, 0x47, 0x07,
    0xFF, 0xFE, 0x0F, 0xFC, 0x63, 0xE0, 0x7E, 0x0F, 0xC1, 0xF8, 0xF8, 0x3E,
    0x07, 0xC0, 0xEB, 0xE0, 0x00, 0x00, 0x60, 0x00, 0xFF, 0xFF, 0xD9, 0x98,
    0x00, 0x00, 0x67, 0x07, 0xFF, 0x80, 0x0F, 0xF8, 0x03, 0xE0, 0x7C, 0x0F,
    0xC3, 0xF0, 0xF8, 0x3E, 0x07, 0xC0, 0xEF, 0xC0, 0x00, 0x01, 0xC0, 0x00,
    0xFF, 0xFF, 0xD9, 0xDC, 0x00, 0x00, 0x27, 0x07, 0xFC, 0x00, 0x0F, 0xF8,
    0x03, 0xE0, 0xFC, 0x0F, 0xC3, 0xE0, 0xF8, 0x3E, 0x07, 0xC0, 0x78, 0x00,
    0x00, 0x03, 0x00, 0x00, 0xFF, 0xFF, 0x81, 0xF8, 0xF0, 0x07, 0x17, 0x01,
    0xFC, 0x00, 0x0F, 0xF0, 0x07, 0xC0, 0xF8, 0x0F, 0xC3, 0xE0, 0xF8, 0x3E,
    0x0F, 0xC0, 0x30, 0x00, 0x00, 0x02, 0x00, 0x00, 0xFF, 0xFF, 0xEE, 0xF3,
    0xF0, 0x0F, 0xD7, 0x00, 0xFC, 0x00, 0x07, 0xF0, 0x07, 0xC0, 0xF8, 0x0F,
    0xC7, 0xC1, 0xF8, 0x3E, 0x0F, 0xC0, 0x20, 0x00, 0x00, 0xFE, 0x00, 0x00,
    0xFF, 0xFF, 0xEC, 0x43, 0xE0, 0x1F, 0xFE, 0x00, 0xFC, 0x00, 0x07, 0xE0,
    0x07, 0xC1, 0xF0, 0x1F, 0xC7, 0xC1, 0xF8, 0x3C, 0x1F, 0xC6, 0x20, 0x00,
    0x00, 0x0E, 0x00, 0x00, 0xFF, 0xFF, 0xF6, 0x6F, 0x80, 0x0F, 0xFE, 0x00,
    0xFC, 0x00, 0x07, 0xE0, 0x07, 0xC1, 0xF0, 0x1F, 0xC7, 0xC3, 0xF8, 0x3C,
    0x1F, 0xC7, 0x40, 0x00, 0x00, 0x00, 0x00, 0x00, 0xFF, 0xFF, 0xFF, 0xE1,
    0x80, 0x00, 0x03, 0x00, 0xFC, 0x00, 0x07, 0xE0, 0x07, 0xC1, 0xF0, 0x3F,
    0xC7, 0xC3, 0xF8, 0x3C, 0x3F, 0xC7, 0x5F, 0x00, 0x00, 0x00, 0x00, 0x00,
    0xFF, 0xFF, 0xFF, 0xC0, 0x00, 0x00, 0x01, 0x80, 0xFC, 0x00, 0x07, 0xE0,
    0x03, 0xE1, 0xF0, 0x7F, 0xC7, 0xC7, 0xF8, 0x3E, 0x7F, 0xC3, 0xFF, 0x00,
    0x00, 0x00, 0x00, 0x00, 0xFF, 0xFF, 0x7F, 0xD8, 0x02, 0x00, 0x00, 0xC0,
    0xFC, 0x00, 0x07, 0xE0, 0x03, 0xE0, 0xF8, 0xFF, 0xC7, 0xCF, 0xFC, 0x3F,
    0xFF, 0xC3, 0xFE, 0x00, 0x00, 0x00, 0x00, 0x00, 0xFF, 0xFF, 0xFF, 0xDC,
    0xE7, 0x00, 0x00, 0x60, 0xFC, 0x00, 0x07, 0xE0, 0x03, 0xFC, 0xFF, 0xFF,
    0xF7, 0xFF, 0x7F, 0xBF, 0xFF, 0x83, 0x38, 0x00, 0x00, 0x00, 0x00, 0x00,
    0xFF, 0xFF, 0xFF, 0xDD, 0xE7, 0x80, 0x00, 0x00, 0xFC, 0x00, 0x07, 0xE0,
    0x01, 0xFE, 0x7F, 0xF3, 0xFB, 0xFF, 0x7F, 0x9F, 0xF7, 0x82, 0x00, 0x00,
    0x00, 0x00, 0x00, 0x00, 0xFF, 0xFF, 0xFF, 0xFF, 0xEF, 0x00, 0x00, 0x00,
    0xFC, 0x00, 0x03, 0xE0, 0x01, 0xFC, 0x3F, 0xE1, 0xF9, 0xFE, 0x3F, 0x0F,
    0xCF, 0x84, 0x00, 0x00, 0x00, 0x00, 0x00, 0x00, 0xFF, 0xFE, 0xFF, 0xFF,
    0x8E, 0x00, 0x00, 0x00, 0x7C, 0x00, 0x03, 0xE0, 0x00, 0xF8, 0x1F, 0xC0,
    0xF0, 0xF8, 0x1E, 0x00, 0x0F, 0x88, 0x00, 0x00, 0x01, 0x00, 0x00, 0x00,
    0xFF, 0xFF, 0xFF, 0xFF, 0x90, 0x70, 0x00, 0x00, 0x7E, 0x00, 0x03, 0xC0,
    0x00, 0x00, 0x00, 0x00, 0x00, 0x00, 0x00, 0x00, 0x0F, 0x80, 0x00, 0x00,
    0x06, 0x00, 0x00, 0x00, 0xFF, 0xFF, 0xFF, 0xFF, 0xFC, 0xF8, 0x00, 0x00,
    0x7E, 0x00, 0x01, 0x80, 0x00, 0x00, 0x00, 0x00, 0x00, 0x00, 0x00, 0x00,
    0x0F, 0x80, 0x00, 0x00, 0x0C, 0x00, 0x00, 0x00, 0xFF, 0xFF, 0xFF, 0xFF,
    0xCE, 0x70, 0x00, 0x00, 0x7E, 0x00, 0x00, 0x00, 0x00, 0x00, 0x00, 0x00,
    0x00, 0x00, 0x00, 0x00, 0x1F, 0x00, 0x00, 0x00, 0xD8, 0x00, 0x00, 0x00,
    0xFF, 0xFF, 0xFF, 0xFF, 0xCE, 0x01, 0x00, 0x00, 0x7E, 0x00, 0x00, 0x00,
    0x00, 0x00, 0x00, 0x00, 0x00, 0x00, 0x00, 0x00, 0x1F, 0x00, 0x00, 0x03,
    0xF8, 0x00, 0x00, 0x00, 0xFF, 0xFF, 0xFF, 0xFF, 0xC6, 0xE3, 0x30, 0x00,
    0x3C, 0x00, 0x00, 0x00, 0x00, 0x00, 0x00, 0x00, 0x00, 0x00, 0x00, 0x00,
    0x1F, 0x00, 0x00, 0x00, 0x10, 0x00, 0x00, 0x00, 0xFF, 0xFF, 0xFF, 0xFF,
    0xFE, 0xEB, 0x70, 0x00, 0x18, 0x00, 0x00, 0x00, 0x00, 0x7F, 0xFF, 0xFE,
    0x00, 0x00, 0x00, 0x00, 0x3E, 0x00, 0x00, 0x00, 0x00, 0x00, 0x00, 0x00,
    0xFF, 0xFF, 0xFF, 0xFF, 0xFE, 0xFD, 0x60, 0x00, 0x00, 0x00, 0x00, 0x01,
    0xFF, 0xFF, 0xFF, 0xFF, 0xFF, 0x00, 0x00, 0x40, 0x7E, 0x00, 0x00, 0x00,
    0x00, 0x00, 0x00, 0x00, 0xFF, 0xFF, 0xFF, 0xFF, 0xFF, 0xF8, 0x00, 0x00,
    0x00, 0x00, 0x00, 0x7F, 0xFF, 0xF0, 0x00, 0x00, 0x07, 0xE3, 0x80, 0xE0,
    0x7C, 0x00, 0x00, 0x00, 0x00, 0x00, 0x00, 0x00, 0xFF, 0xFF, 0xFF, 0xBF,
    0xFF, 0xDE, 0x00, 0x00, 0x00, 0x00, 0x0F, 0xFF, 0x80, 0x00, 0x00, 0x00,
    0x00, 0x03, 0xC0, 0xF1, 0xFC, 0x00, 0x00, 0x00, 0x00, 0x00, 0x00, 0x00,
    0xFF, 0xFF, 0xFF, 0xFF, 0xFF, 0xFF, 0x63, 0x80, 0x00, 0x00, 0x7F, 0x80,
    0x00, 0x00, 0x00, 0x00, 0x00, 0x01, 0x00, 0xFF, 0xF8, 0x00, 0x00, 0x00,
    0x00, 0x00, 0x00, 0x00, 0xFF, 0xFF, 0xFF, 0xFF, 0xBF, 0xFF, 0x67, 0xC0,
    0x00, 0x00, 0x00, 0x00, 0x00, 0x00, 0x00, 0x00, 0x00, 0x00, 0x00, 0x7F,
    0xF0, 0x00, 0x00, 0x00, 0x00, 0x00, 0x00, 0x00, 0xFF, 0xFF, 0xFF, 0xFF,
    0xEF, 0xF2, 0x67, 0xC0, 0x00, 0x00, 0x00, 0x00, 0x00, 0x00, 0x00, 0x00,
    0x00, 0x00, 0x00, 0x3F, 0xE0, 0x00, 0x00, 0x00, 0x00, 0x00, 0x00, 0x00,
    0xFF, 0xFF, 0xFF, 0xFF, 0xFF, 0xFF, 0x6F, 0xC0, 0x00, 0x00, 0x00, 0x00,
    0x00, 0x00, 0x00, 0x00, 0x00, 0x00, 0x00, 0x1F, 0xC0, 0x00, 0x00, 0x00,
    0x00, 0x00, 0x00, 0x00, 0xFF, 0xFF, 0xFF, 0xFF, 0xFF, 0xFF, 0xFF, 0x80,
    0x00, 0x00, 0x00, 0x00, 0x00, 0x00, 0x00, 0x00, 0x00, 0x00, 0x00, 0x00,
    0x00, 0x00, 0x00, 0x00, 0x00, 0x0C, 0x00, 0x00, 0xFF, 0xFF, 0xFF, 0xFF,
    0xFB, 0xFF, 0xDC, 0x00, 0x00, 0x00, 0x00, 0x00, 0x00, 0x00, 0x00, 0x00,
    0x00, 0x00, 0x00, 0x00, 0x00, 0x00, 0x00, 0x00, 0x00, 0x0C, 0x00, 0x00,
    0xFF, 0xFF, 0xFF, 0xFF, 0xFF, 0xFF, 0xFC, 0x00, 0x00, 0x00, 0x00, 0x00,
    0x00, 0x00, 0x00, 0x00, 0x00, 0x00, 0x00, 0x00, 0x00, 0x00, 0x00, 0x00,
    0x00, 0x1E, 0x00, 0x00, 0xFF, 0xFF, 0xFF, 0xFF, 0xFF, 0xFF, 0xCC, 0x00,
    0x00, 0x7F, 0xFF, 0x00, 0x00, 0x00, 0x00, 0x00, 0x00, 0x00, 0x00, 0x00,
    0x00, 0x00, 0x00, 0x00, 0x00, 0x1E, 0x00, 0x00, 0xFF, 0xFF, 0xFF, 0xFF,
    0xFF, 0xFF, 0xF0, 0x00, 0xFF, 0xFF, 0xFF, 0xC0, 0x00, 0x38, 0x07, 0x80,
    0x00, 0x00, 0x00, 0x00, 0x00, 0x00, 0x00, 0x00, 0x00, 0x1C, 0x00, 0x00,
    0xFF, 0xFF, 0xFF, 0xFF, 0xFF, 0xFF, 0xF2, 0xE1, 0xFF, 0xFF, 0xFF, 0xE0,
    0x00, 0x7C, 0x07, 0x80, 0x07, 0x00, 0x00, 0x00, 0x00, 0x00, 0x00, 0x00,
    0x00, 0x3F, 0x00, 0x00, 0xFF, 0xFF, 0xFF, 0xFF, 0xFF, 0xFF, 0xF7, 0xE3,
    0xFF, 0xFF, 0xFF, 0xF0, 0x00, 0x7C, 0x07, 0x81, 0xFF, 0xE0, 0x00, 0x00,
    0x00, 0x00, 0x00, 0x00, 0x00, 0x7F, 0x80, 0x00, 0xDF, 0xFF, 0xFF, 0xFF,
    0xFF, 0xFF, 0xF7, 0x03, 0xFF, 0xC0, 0x03, 0xF0, 0x00, 0x7C, 0x07, 0x83,
    0xFF, 0xF0, 0x00, 0x00, 0x7F, 0xFE, 0x00, 0x00, 0x00, 0x7F, 0x80, 0x00,
    0xFF, 0xFF, 0xFF, 0xFF, 0xFD, 0xFB, 0xD2, 0x03, 0xE0, 0x00, 0x01, 0xF0,
    0x00, 0x7C, 0x07, 0x83, 0xFF, 0xF8, 0x1F, 0xFF, 0xFF, 0xFF, 0x80, 0x00,
    0x01, 0xFF, 0xE0, 0x00, 0xFF, 0xFF, 0xFF, 0xFF, 0xFF, 0xF1, 0xF1, 0x83,
    0xE0, 0x00, 0x01, 0xF0, 0x03, 0xFF, 0xFF, 0xF3, 0xFF, 0xF8, 0x7F, 0xFF,
    0xFF, 0xFF, 0x80, 0x00, 0x03, 0xFF, 0xF0, 0x00, 0xEF, 0xFF, 0xFF, 0xFF,
    0xFF, 0xF8, 0x79, 0xC3, 0xE0, 0x00, 0x01, 0xF0, 0x07, 0xFF, 0xFF, 0xFB,
    0xE0, 0xF8, 0x7F, 0xFF, 0xFF, 0xFF, 0x80, 0x00, 0x03, 0xFF, 0xF8, 0x00,
    0x8F, 0xFF, 0xFF, 0xFF, 0xFF, 0xFC, 0x78, 0xC3, 0xEF, 0xFF, 0xFF, 0xF0,
    0x0F, 0xFF, 0xFF, 0xFB, 0xE0, 0x78, 0x7F, 0xFF, 0xFF, 0xFF, 0x00, 0x00,
    0x0F, 0xFF, 0xFC, 0x00, 0x3D, 0xFF, 0xFF, 0xEE, 0xFF, 0xFE, 0x30, 0x03,
    0xFF, 0xFF, 0xFF, 0xF0, 0x07, 0xFF, 0xFF, 0xFB, 0xE0, 0x78, 0x3F, 0xFF,
    0xC0, 0x00, 0x00, 0x00, 0x0F, 0xFF, 0xFE, 0x00, 0xFF, 0xFD, 0xFF, 0xFC,
    0xFF, 0xF0, 0x00, 0x03, 0xFF, 0xFF, 0xFF, 0xF0, 0x07, 0xFC, 0x0F, 0x83,
    0xE0, 0x78, 0x00, 0x0F, 0x80, 0x00, 0x00, 0x00, 0x7F, 0xFF, 0xFF, 0x00,
    0xFF, 0xFF, 0xEB, 0xFD, 0xFF, 0xF8, 0x30, 0x03, 0xFF, 0xFF, 0xFF, 0xF0,
    0x00, 0x7C, 0x0F, 0x83, 0xE0, 0x7C, 0x00, 0x0F, 0x80, 0x00, 0x00, 0x00,
    0x7F, 0xFF, 0xFE, 0x00, 0xFF, 0xFF, 0xEF, 0xF5, 0xFF, 0xF7, 0xF0, 0x03,
    0xE0, 0x00, 0x01, 0xF0, 0x00, 0x7C, 0x07, 0x83, 0xE0, 0x7C, 0x00, 0x0F,
    0x80, 0x00, 0x00, 0x00, 0x1F, 0xFF, 0xFC, 0x00, 0xFF, 0xFF, 0xCF, 0x61,
    0xFF, 0xF7, 0xF0, 0x03, 0xE0, 0x00, 0x01, 0xF0, 0x00, 0x7C, 0x0F, 0x83,
    0xE0, 0x7C, 0x00, 0x0F, 0x80, 0x00, 0x00, 0x00, 0x0F, 0xFF, 0xCC, 0x00,
    0x8F, 0xFF, 0xF6, 0x02, 0x5C, 0x3B, 0x40, 0x03, 0xE0, 0x00, 0x01, 0xF0,
    0x00, 0x7F, 0xFF, 0x83, 0xFF, 0xFC, 0x00, 0x0F, 0x80, 0x00, 0x00, 0x00,
    0x0C, 0x3A, 0x18, 0x00, 0xC3, 0xFF, 0xFF, 0x00, 0x3E, 0x3D, 0xF0, 0x01,
    0xFF, 0xFF, 0xFF, 0xF0, 0x00, 0x7F, 0xFF, 0x83, 0xFF, 0xFC, 0x00, 0x0F,
    0x80, 0x00, 0x00, 0x00, 0x0C, 0x18, 0x18, 0x00, 0xE1, 0xFA, 0x7F, 0xF8,
    0x3F, 0x33, 0xE6, 0x01, 0xFF, 0xFF, 0xFF, 0xE0, 0x00, 0x7F, 0xFF, 0x83,
    0xFF, 0xFC, 0x00, 0x0F, 0x80, 0x00, 0x00, 0x00, 0x0C, 0x18, 0x18, 0x00,
    0xE0, 0xFC, 0x3F, 0xFF, 0x3E, 0x03, 0x8F, 0x01, 0xFF, 0xFF, 0xFF, 0xE0,
    0x00, 0x7F, 0xEF, 0x83, 0xFF, 0xFC, 0x00, 0x7F, 0xFF, 0xF0, 0x00, 0x00,
    0x04, 0x18, 0x10, 0x00, 0xF0, 0x7E, 0x1F, 0xBF, 0x1C, 0xC3, 0xB2, 0x00,
    0xFF, 0xFF, 0xFF, 0xC0, 0x00, 0x7C, 0x0F, 0x83, 0xE0, 0x7C, 0x0F, 0xFF,
    0xFF, 0xF8, 0x00, 0x00, 0x06, 0x18, 0x30, 0x00, 0xF8, 0x3E, 0x0F, 0x1F,
    0x7D, 0xC3, 0x38, 0x00, 0x30, 0x06, 0x00, 0x00, 0x00, 0x7C, 0x07, 0x83,
    0xE0, 0x7C, 0x0F, 0xFF, 0xFF, 0xFC, 0x00, 0x00, 0x06, 0x18, 0x30, 0x00,
    0xFC, 0x3F, 0x0F, 0x8F, 0x0D, 0xC0, 0x18, 0x00, 0x78, 0x0F, 0x00, 0x00,
    0x00, 0x7C, 0x0F, 0x83, 0xE0, 0x7C, 0x0F, 0xFF, 0xFF, 0xFC, 0x00, 0x00,
    0x02, 0x18, 0x30, 0x00, 0xFE, 0x1F, 0x87, 0xC7, 0xC4, 0x00, 0x00, 0x00,
    0xF8, 0x0F, 0x00, 0x00, 0x00, 0x7F, 0xFF, 0x83, 0xE0, 0x7C, 0x0F, 0xFF,
    0xE0, 0x7C, 0x00, 0x00, 0x02, 0x3E, 0x20, 0x00, 0x7E, 0x0F, 0xC3, 0xE3,
    0xC0, 0x01, 0xC0, 0x00, 0xF8, 0x0F, 0x80, 0x00, 0x00, 0x7F, 0xFF, 0x83,
    0xE0, 0x7C, 0x00, 0x1F, 0x00, 0x7C, 0x00, 0x00, 0x03, 0x1C, 0x60, 0x00,
    0x3F, 0x07, 0xE1, 0xF1, 0xE0, 0x01, 0xE0, 0x01, 0xFF, 0xFF, 0xFF, 0xF0,
    0x00, 0x7F, 0xFF, 0x83, 0xE0, 0x7C, 0x00, 0x1F, 0x00, 0x7C, 0x00, 0x00,
    0x03, 0x1C, 0x60, 0x00, 0x9F, 0x83, 0xF0, 0xF8, 0xF8, 0x00, 0xCE, 0x03,
    0xFF, 0xFF, 0xFF, 0xF0, 0x00, 0x7F, 0xFF, 0x83, 0xFF, 0xFC, 0x00, 0x1F,
    0x00, 0x7C, 0x00, 0x00, 0x01, 0x1C, 0x60, 0x00, 0xFF, 0xC1, 0xF0, 0x7C,
    0x7C, 0x00, 0xCC, 0x03, 0xFF, 0xFF, 0xFF, 0xF0, 0x00, 0x7C, 0x0F, 0x83,
    0xFF, 0xFC, 0x00, 0x3F, 0x00, 0x7C, 0x00, 0x00, 0x01, 0xFF, 0xC0, 0x00,
    0xFF, 0xE0, 0xF8, 0x3C, 0x3C, 0x00, 0x00, 0x07, 0xFF, 0xFF, 0xFF, 0xE0,
    0x00, 0x7C, 0x07, 0x83, 0xFF, 0xFC, 0x00, 0x3E, 0x00, 0x7C, 0x00, 0x00,
    0x03, 0xFF, 0xE0, 0x00, 0x7F, 0xFE, 0xFC, 0x1E, 0x1E, 0x00, 0x20, 0x0F,
    0xC0, 0x0F, 0x80, 0x00, 0x00, 0x7C, 0x0F, 0xE3, 0xFF, 0xFC, 0x00, 0x3E,
    0x00, 0x7C, 0x00, 0x00, 0x01, 0xFF, 0xC0, 0x00, 0x7F, 0xEF, 0xFE, 0x0F,
    0x0F, 0x00, 0x18, 0x0F, 0xC0, 0x0F, 0x80, 0x00, 0x0F, 0xFF, 0xFF, 0xFB,
    0xE0, 0x7C, 0x00, 0x3E, 0x00, 0x7C, 0x00, 0x00, 0x00, 0x5D, 0x80, 0x00,
    0x3F, 0xEB, 0xFF, 0xCF, 0x87, 0x80, 0x1C, 0x1F, 0x80, 0x0F, 0x80, 0x00,
    0x1F, 0xFF, 0xFF, 0xFB, 0xC0, 0x7C, 0x00, 0x3E, 0x00, 0xFC, 0x00, 0x00,
    0x00, 0x7F, 0x00, 0x00, 0x7F, 0xF9, 0xFF, 0xFF, 0xC3, 0xC0, 0x24, 0x1F,
    0x1F, 0xFF, 0xFF, 0xC0, 0x1F, 0xFF, 0xFF, 0xFB, 0xC0, 0x7C, 0x00, 0x3E,
    0x00, 0xFC, 0x00, 0x00, 0x00, 0x3E, 0x00, 0x00, 0xFF, 0xE8, 0xFF, 0x1F,
    0xF1, 0xE0, 0x70, 0x0E, 0x3F, 0xFF, 0xFF, 0xC0, 0x0F, 0xFF, 0xFF, 0xF7,
    0xC0, 0x7C, 0x00, 0x3E, 0x00, 0xFC, 0x00, 0x00, 0x00, 0x1E, 0x00, 0x00,
    0xFF, 0xF9, 0xFF, 0x1F, 0xFF, 0xF0, 0x20, 0x00, 0x3F, 0xFF, 0xFF, 0xC0,
    0x04, 0x08, 0x08, 0x07, 0xC0, 0x7C, 0x00, 0x7E, 0x00, 0xF8, 0x00, 0x00,
    0x00, 0x3E, 0x00, 0x00, 0xFF, 0xFF, 0xFF, 0x0F, 0xE3, 0xF0, 0x00, 0x00,
    0x3F, 0xFF, 0xFF, 0xC0, 0x00, 0x1E, 0x1E, 0x07, 0xC0, 0x7C, 0x00, 0x7C,
    0x00, 0xF8, 0x00, 0x00, 0x00, 0x7F, 0x00, 0x00, 0xFF, 0xFF, 0xFF, 0x8F,
    0xE3, 0xF0, 0x1C, 0x00, 0x00, 0x0F, 0x80, 0x00, 0x00, 0x3E, 0x3E, 0x07,
    0xC0, 0x7C, 0x00, 0x7C, 0x00, 0xF8, 0x00, 0x00, 0x00, 0x7F, 0x00, 0x00,
    0xFF, 0xFF, 0xFF, 0xFF, 0xE1, 0xFF, 0xFE, 0x00, 0x00, 0x0F, 0x80, 0x00,
    0x00, 0x7E, 0x1F, 0x0F, 0x80, 0x7C, 0x00, 0x7C, 0x03, 0xFF, 0x80, 0x00,
    0x00, 0x3E, 0x00, 0x00, 0xFF, 0xFF, 0xFF, 0xFF, 0xFB, 0xFE, 0x38, 0x00,
    0x00, 0x0F, 0x80, 0x00, 0x00, 0xFC, 0x1F, 0x8F, 0x80, 0x78, 0x7F, 0xFF,
    0xFF, 0xFF, 0xF8, 0x00, 0x00, 0x3E, 0x00, 0x00, 0xFF, 0xFF, 0xFF, 0xFE,
    0x7F, 0xF4, 0x10, 0x00, 0x00, 0x0F, 0x81, 0x90, 0x00, 0xF8, 0x0F, 0xCF,
    0x82, 0xF8, 0xFF, 0xFF, 0xFF, 0xFF, 0xF8, 0x00, 0x00, 0x3E, 0x00, 0x00,
    0xFF, 0xFF, 0xFF, 0xFF, 0xFE, 0x07, 0xF0, 0x07, 0xFF, 0xFF, 0xFF, 0xFF,
    0x01, 0xF8, 0x07, 0xCF, 0x87, 0xF8, 0xFF, 0xFF, 0xFF, 0xFF, 0xF8, 0x00,
    0x00, 0x3E, 0x00, 0x00, 0xFF, 0xFF, 0xFF, 0xFF, 0xFF, 0x9F, 0xF8, 0x0F,
    0xFF, 0xFF, 0xFF, 0xFF, 0x83, 0xF0, 0x03, 0xDF, 0x0F, 0xF8, 0xFF, 0xFF,
    0xFF, 0xFF, 0xF0, 0x00, 0x00, 0x3E, 0x01, 0xC0, 0xFF, 0xFF, 0xFF, 0xFF,
    0xBF, 0xBF, 0xFC, 0x1F, 0xFF, 0xFF, 0xFF, 0xFF, 0x83, 0xE0, 0x01, 0xDF,
    0x07, 0xF0, 0x7F, 0xF8, 0x00, 0x00, 0x00, 0x00, 0x00, 0x3E, 0x01, 0xF0,
    0xFF, 0xFF, 0xFF, 0xFB, 0xBE, 0x7F, 0xFE, 0x0F, 0xFF, 0xFF, 0xFF, 0xFF,
    0x03, 0xC0, 0x00, 0x1E, 0x03, 0xE0, 0x00, 0x00, 0x00, 0x00, 0x00, 0x00,
    0x00, 0x3E, 0x1F, 0xF0, 0xFF, 0xFF, 0xFF, 0xF8, 0xFE, 0x7F, 0xFE, 0x07,
    0xFF, 0x80, 0x00, 0x00, 0x00, 0x80, 0x00, 0x00, 0x00, 0x00, 0x00, 0x00,
    0x00, 0x00, 0x00, 0x00, 0x00, 0x3E, 0x3B, 0xF0, 0xFF, 0xFF, 0xFF, 0xFD,
    0xFE, 0xFF, 0xFF, 0x00, 0x00, 0x00, 0x00, 0x00, 0x00, 0x00, 0x00, 0x00,
    0x00, 0x00, 0x00, 0x00, 0x00, 0x00, 0x00, 0x00, 0x00, 0x3E, 0x39, 0xF0,
    0xFF, 0xFF, 0xFF, 0xFD, 0xFE, 0xFF, 0xFF, 0x00, 0x00, 0x00, 0x00, 0x00,
    0x00, 0x00, 0x00, 0x00, 0x00, 0x00, 0x00, 0x00, 0x00, 0x00, 0x00, 0x00,
    0x00, 0x3E, 0xDF, 0xF0, 0xFF, 0xFF, 0xFF, 0xFC, 0x37, 0xFF, 0xFF, 0x00,
    0x00, 0x00, 0x00, 0x00, 0x00, 0x00, 0x00, 0x00, 0x00, 0x00, 0x00, 0x00,
    0x00, 0x00, 0x00, 0x00, 0x00, 0x3E, 0xFF, 0xF0, 0xFF, 0xFF, 0xFF, 0xFC,
    0x3E, 0xFF, 0xFF, 0x00, 0x00, 0x00, 0x00, 0x00, 0x00, 0x00, 0x00, 0x00,
    0x00, 0x00, 0x00, 0x00, 0x00, 0x00, 0x00, 0x00, 0x00, 0x3F, 0xAF, 0xF0,
    0xFF, 0xFF, 0xFF, 0xF8, 0x3E, 0xFF, 0xFF, 0x00, 0x00, 0x00, 0x00, 0x00,
    0x00, 0x00, 0x00, 0x00, 0x00, 0x00, 0x00, 0x00, 0x00, 0x00, 0x00, 0x00,
    0x00, 0x7E, 0x00, 0xF0, 0xFF, 0xFF, 0xFF, 0xFE, 0x2E, 0x7F, 0xFF, 0x00,
    0x00, 0x00, 0x00, 0x00, 0x00, 0x00, 0x00, 0x00, 0x00, 0x00, 0x00, 0x00,
    0x00, 0x00, 0x00, 0x00, 0xA3, 0x3E, 0x20, 0xE0, 0xFF, 0xFF, 0xFF, 0xFF,
    0xEF, 0x7F, 0xFE, 0x00, 0x00, 0x00, 0x00, 0x00, 0x00, 0x00, 0x00, 0x00,
    0x00, 0x00, 0x00, 0x00, 0x1C, 0x00, 0x0E, 0x03, 0xFF, 0xBE, 0x38, 0x70,
    0xFF, 0xFF, 0xFF, 0xFF, 0xFF, 0x3F, 0xFE, 0x00, 0x00, 0x00, 0x00, 0x00,
    0x00, 0x00, 0x00, 0x00, 0x00, 0x00, 0x00, 0x00, 0x40, 0xE8, 0x1F, 0x07,
    0xFF, 0xBE, 0x78, 0x20, 0xFF, 0xFF, 0xFF, 0xFF, 0xFE, 0x1F, 0xFC, 0x00,
    0x00, 0x00, 0x00, 0x00, 0x00, 0x00, 0x00, 0x00, 0x00, 0x00, 0x00, 0x06,
    0x00, 0x1C, 0x3F, 0x37, 0xE0, 0x3E, 0xFF, 0x80, 0xFF, 0xFF, 0xFF, 0xFF,
    0xDE, 0x0F, 0xF0, 0x00, 0x00, 0x00, 0x00, 0x00, 0x00, 0x00, 0x00, 0x00,
    0x00, 0x00, 0x00, 0x1A, 0x00, 0x1D, 0xBF, 0xFF, 0xC9, 0xBE, 0x0F, 0x90,
    0xFF, 0xFF, 0xFF, 0xFF, 0xFF, 0xC0, 0x80, 0x00, 0x00, 0x00, 0x00, 0x00,
    0x00, 0x00, 0x00, 0x00, 0x00, 0x00, 0x00, 0x30, 0x41, 0x1E, 0x1F, 0xFF,
    0x9B, 0xFE, 0x8F, 0xD0, 0xFF, 0xFF, 0xFF, 0xFA, 0xF6, 0x40, 0x00, 0x00,
    0x00, 0x00, 0x00, 0x00, 0x00, 0x00, 0x00, 0x00, 0x00, 0x00, 0x01, 0xE0,
    0x79, 0xC5, 0xFF, 0xFF, 0x87, 0xBF, 0xEF, 0xE0, 0xFF, 0xFF, 0xFF, 0xFA,
    0xF7, 0x00, 0x00, 0x00, 0x00, 0x00, 0x00, 0x00, 0x00, 0x00, 0x00, 0x00,
    0x00, 0x00, 0x06, 0x01, 0x1B, 0xE1, 0xFF, 0xFF, 0xB7, 0xBF, 0xFF, 0xF0,
    0xFF, 0xFF, 0xFF, 0xFE, 0xE7, 0x00, 0x00, 0x00, 0x00, 0x00, 0x00, 0x00,
    0x00, 0x00, 0x00, 0x00, 0x00, 0x00, 0x3C, 0x07, 0xE7, 0x8F, 0xFF, 0xFF,
    0xFF, 0xBF, 0xFF, 0xF0, 0xFF, 0xFF, 0xFF, 0xFF, 0xFF, 0x00, 0x08, 0x00,
    0x00, 0x00, 0x00, 0x00, 0x00, 0x00, 0x00, 0x00, 0x00, 0x03, 0x90, 0x7F,
    0xEF, 0x1F, 0xFF, 0xFD, 0xFF, 0xFF, 0xFF, 0xF0, 0xFF, 0xFF, 0xFF, 0xFF,
    0xFE, 0x1C, 0x18, 0x04, 0x00, 0x00, 0x00, 0x00, 0x00, 0x00, 0x00, 0x00,
    0x00, 0x0F, 0x38, 0x7F, 0xFF, 0x1F, 0xFF, 0xF8, 0xFF, 0xFF, 0xFF, 0xF0,
    0xFF, 0xFF, 0xFF, 0xFF, 0xFE, 0x84, 0x0C, 0x18, 0x00, 0x00, 0x00, 0x00,
    0x00, 0x00, 0x00, 0x00, 0x00, 0x7F, 0xF8, 0xFF, 0xFF, 0xFF, 0xFF, 0xF2,
    0x7F, 0xFF, 0xFF, 0xF0, 0xFF, 0xFF, 0xFF, 0xFF, 0xE7, 0xF0, 0x3C, 0x80,
    0x00, 0x00, 0x00, 0x00, 0x00, 0x00, 0x00, 0x00, 0x03, 0xFF, 0xD7, 0xFF,
    0xFF, 0xFF, 0xFF, 0xF2, 0x3D, 0xFF, 0xFC, 0xF0, 0xFF, 0xFF, 0xFF, 0xFA,
    0xE7, 0xB8, 0x1D, 0xB8, 0x00, 0x00, 0x00, 0x00, 0x00, 0x00, 0x00, 0x0E,
    0x3F, 0xFF, 0xFF, 0xFF, 0xFF, 0xFF, 0xFF, 0xF0, 0x7D, 0xFF, 0x88, 0xF0,
    0xFF, 0xFF, 0xFF, 0xFA, 0xB7, 0xF3, 0xDF, 0xF0, 0x00, 0x00, 0x00, 0x00,
    0x00, 0x00, 0x00, 0xFF, 0xFF, 0xFE, 0x6F, 0xFF, 0xBE, 0xFF, 0x0F, 0xF6,
    0x67, 0xFF, 0x80, 0x30, 0xFF, 0xFF, 0xFF, 0xFA, 0x1F, 0xFF, 0xFB, 0xCC,
    0x40, 0x18, 0x00, 0x00, 0x00, 0x00, 0x0E, 0x6F, 0xFF, 0xFC, 0x3F, 0xFF,
    0xFF, 0xFF, 0x4F, 0xF6, 0x67, 0xFE, 0xBB, 0x30, 0xFF, 0xFF, 0xFF, 0xFA,
    0x3F, 0xFF, 0xFF, 0xFE, 0x40, 0x3D, 0x80, 0x00, 0x00, 0x00, 0x9F, 0xFF,
    0xFC, 0x03, 0x3F, 0xFF, 0xFB, 0xFF, 0x6F, 0xF2, 0x6F, 0xFE, 0xBF, 0xF0,
    0xFF, 0xFF, 0xFF, 0xFA, 0x6F, 0xFF, 0xFF, 0x7E, 0x01, 0x3F, 0xC0, 0x00,
    0x00, 0x07, 0xF1, 0xFF, 0xD8, 0xE7, 0xFF, 0xFF, 0xE3, 0xFF, 0x48, 0x80,
    0xFF, 0xFF, 0xFF, 0xF0, 0xFF, 0x7F, 0xFF, 0xFE, 0x7F, 0xFF, 0xFF, 0xFE,
    0xD3, 0xFF, 0xE0, 0x00, 0x00, 0x78, 0x39, 0xFF, 0xCF, 0xFF, 0xFF, 0xFF,
    0xFF, 0xFE, 0x07, 0xFF, 0xFC, 0x3F, 0xFF, 0xF0, 0xFF, 0xFF, 0xFF, 0xFE,
    0xFF, 0xFF, 0xFF, 0xFF, 0xF3, 0xFF, 0xC0, 0x00, 0x07, 0xF5, 0x1F, 0xFF,
    0x7F, 0xFF, 0xFF, 0xD3, 0xFF, 0xC0, 0x1F, 0xFF, 0x80, 0xBF, 0xFF, 0xF0,
    0xFF, 0xFF, 0xFF, 0xF9, 0xFF, 0xFF, 0xFF, 0xFF, 0xFF, 0xFF, 0x80, 0x00,
    0x20, 0x20, 0xFF, 0xFF, 0x7F, 0xFF, 0xFF, 0xDF, 0xFF, 0x07, 0xFF, 0xFE,
    0x6F, 0xFF, 0xFF, 0xF0, 0xFF, 0xFF, 0xFF, 0xF8, 0xFF, 0xFF, 0xFF, 0xFF,
    0xFF, 0xFF, 0xFF, 0xFD, 0xC0, 0x00, 0xFD, 0xFE, 0x00, 0x7F, 0xA7, 0xFF,
    0xF0, 0x3F, 0xFF, 0xFC, 0xFF, 0xFF, 0xFF, 0xF0, 0xFF, 0xFF, 0xFF, 0xF8,
    0xFF, 0xFF, 0xFF, 0xFF, 0xFF, 0xFF, 0xFF, 0xC7, 0xFF, 0xFF, 0xFF, 0xFF,
    0xFF, 0xFF, 0xFF, 0xE0, 0x1F, 0xFF, 0xFF, 0xE0, 0xFE, 0x3F, 0xFF, 0xF0,
    0xFF, 0xFF, 0xFF, 0xF9, 0xFF, 0xFF, 0xFF, 0x9F, 0xDF, 0xFF, 0xFF, 0xC0,
    0x00, 0xC0, 0x46, 0x5F, 0xFF, 0xFF, 0xFF, 0xFF, 0xFF, 0xFF, 0xB0, 0x04,
    0x7F, 0xFF, 0xFF, 0xF0, 0xFF, 0xFF, 0xFF, 0xF9, 0xFF, 0xFF, 0xFF, 0x9F,
    0xFF, 0xFF, 0xFF, 0xC0, 0x00, 0x78, 0xB0, 0x06, 0x97, 0xFF, 0xFF, 0xFF,
    0xFF, 0xFF, 0xFF, 0xFF, 0xFF, 0xFF, 0xFD, 0xF0, 0xFF, 0xDF, 0xFF, 0xFB,
    0xFF, 0xFF, 0xFF, 0xDF, 0xFF, 0xFF, 0xFF, 0x03, 0x9F, 0x78, 0xB3, 0x80,
    0x1B, 0xF6, 0x3F, 0xFF, 0xFF, 0xFF, 0xFF, 0xFF, 0xFF, 0xFF, 0xF9, 0x90,
    0xFF, 0xDF, 0xFF, 0xFF, 0xFF, 0xFF, 0xFF, 0x1F, 0xFF, 0xFF, 0xFF, 0x80,
    0x0C, 0x7B, 0xE2, 0x61, 0xBD, 0x03, 0xFF, 0xFF, 0xFF, 0xFF, 0x6F, 0xFF,
    0xFF, 0xFF, 0xFF, 0x80, 0xFF, 0xFF, 0xFF, 0xFF, 0xFF, 0xFF, 0xFF, 0xFF,
    0xC6, 0xFF, 0xFF, 0x82, 0x2C, 0x74, 0xE8, 0x00, 0x1B, 0x80, 0xFF, 0xC7,
    0x1F, 0xFF, 0xFF, 0xFF, 0xFF, 0xFF, 0xFF, 0xF0, 0xFF, 0xFF, 0xFF, 0xFD,
    0xFF, 0xFF, 0xFF, 0xFF, 0xE0, 0x7F, 0xFF, 0x9E, 0x7F, 0x0D, 0xF8, 0x00,
    0x5F, 0x80, 0x27, 0x87, 0xFF, 0xFF, 0x0F, 0xFF, 0xFF, 0xBF, 0xFE, 0xD0,
    0xFF, 0xFF, 0xFF, 0xFF, 0xFF, 0xFF, 0xFF, 0xC7, 0xFF, 0xFF, 0xFF, 0xDF,
    0x3F, 0x1F, 0xC0, 0x04, 0xFB, 0x85, 0x73, 0xFF, 0xFF, 0xFF, 0xFF, 0xFF,
    0xFF, 0xFF, 0xFF, 0xF0, 0xFF, 0xFF, 0xFF, 0xFF, 0xFF, 0xFF, 0xFF, 0xFF,
    0xFF, 0xFF, 0xFF, 0xE7, 0xFE, 0x7F, 0x80, 0x00, 0xFE, 0xDF, 0x80, 0x7F,
    0xFF, 0xFF, 0xFF, 0xFF, 0xFF, 0xFF, 0xED, 0xF0, 0xFF, 0xFF, 0xFF, 0xFF,
    0xFF, 0xFF, 0xFF, 0xFF, 0xFF, 0xFF, 0xFF, 0xFF, 0xFF, 0xFF, 0xB0, 0x60,
    0x1E, 0x80, 0x3F, 0xE0, 0x07, 0xF8, 0x0D, 0xFF, 0x8F, 0xFF, 0xCF, 0xF0,
    0xFF, 0xFF, 0xFF, 0xFF, 0xFF, 0xFF, 0xFF, 0xFF, 0xFF, 0xFF, 0xFD, 0xFF,
    0xEF, 0xBF, 0xF8, 0xF3, 0x3D, 0x80, 0x3F, 0xF8, 0x3F, 0xF7, 0x3F, 0xEF,
    0x97, 0xFF, 0xFF, 0xE0, 0xFF, 0xFF, 0xFF, 0xFF, 0xFF, 0xFF, 0xFF, 0xFF,
    0xFF, 0xFF, 0xFF, 0xFF, 0xFF, 0xFF, 0xF8, 0xFB, 0xFF, 0x98, 0x02, 0x00,
    0x3F, 0xFF, 0xFF, 0xC7, 0xDF, 0xFF, 0xE5, 0xF0, 0xFF, 0xFF, 0xFF, 0xFF,
    0xFF, 0xFF, 0xFF, 0xFF, 0xFF, 0xFF, 0xFF, 0xFF, 0xFF, 0xFF, 0xF3, 0xF9,
    0xFF, 0xFF, 0xC6, 0x00, 0x40, 0x0C, 0xEF, 0xC3, 0xCF, 0xFF, 0xFF, 0xF0,
    0xFF, 0xFF, 0xFF, 0xFF, 0xFF, 0xFF, 0xFF, 0xFF, 0xFF, 0xFF, 0xFF, 0xFF,
    0xFF, 0xFF, 0xFF, 0xF8, 0x7F, 0xFF, 0x7F, 0xE4, 0xE0, 0x70, 0xFE, 0x57,
    0x9F, 0xFF, 0x7F, 0xD0, 0xFF, 0xFF, 0xFF, 0xFF, 0xFF, 0xFF, 0xFF, 0xFF,
    0xFF, 0xFF, 0xFF, 0xFF, 0xFF, 0xFF, 0xFF, 0xFF, 0xFF, 0xBF, 0x3F, 0xDB,
    0xFF, 0xF5, 0xFE, 0x3F, 0x9F, 0xFF, 0xFF, 0xF0, 0xFF, 0xFF, 0xFF, 0xFF,
    0xFF, 0xFF, 0xFF, 0xFF, 0xFF, 0xFF, 0xFF, 0xFF, 0xFF, 0xFF, 0xFF, 0xFF,
    0xFF, 0xFE, 0x4F, 0xCB, 0xFB, 0xFD, 0xF8, 0x1F, 0xDF, 0xFF, 0xFC, 0xF0,
    0xFF, 0xFF, 0xFF, 0xFF, 0xFF, 0xFF, 0xFF, 0xFF, 0xFF, 0xFF, 0xFF, 0xFF,
    0xFF, 0xFF, 0xFF, 0xFF, 0xFF, 0xFF, 0xEF, 0xCB, 0xFF, 0xFD, 0xFB, 0x9F,
    0xFF, 0x7B, 0xFF, 0xE0, 0xFF, 0xFF, 0xFF, 0xFF, 0xFF, 0xFF, 0xFF, 0xFF,
    0xFF, 0xFF, 0xFF, 0xFF, 0xFF, 0xFF, 0xFF, 0xFF, 0xFF, 0xFF, 0xCF, 0xFF,
    0xFF, 0xFF, 0xFF, 0xFF, 0xFE, 0x7D, 0xFF, 0xF0, 0xFF, 0xFF, 0xFF, 0xFF,
    0xFF, 0xFF, 0xFF, 0xFF, 0xFF, 0xFF, 0xFF, 0xFF, 0xFF, 0xFF, 0xFF, 0xFF,
    0xFF, 0xFF, 0xCF, 0xFF, 0xFF, 0xFF, 0x9F, 0xFF, 0xFE, 0x66, 0xDF, 0x30,
    0xFF, 0xFF, 0xFF, 0xFF, 0xFF, 0xFF, 0xFF, 0xFF, 0xFF, 0xFF, 0xFF, 0xFF,
    0xFF, 0xFF, 0xFF, 0xFF, 0xFF, 0xFF, 0xFF, 0xFF, 0xFF, 0xFF, 0xFF, 0xFF,
    0xFF, 0x64, 0x1F, 0xF0, 0xFF, 0xFF, 0xFF, 0xFF, 0xFF, 0xFF, 0xFF, 0xFF,
    0xFF, 0xFF, 0xFF, 0xFF, 0xFF, 0xFF, 0xFF, 0xFF, 0xFF, 0xFF, 0xFF, 0xFF,
    0xFF, 0xFF, 0xFF, 0xFF, 0xFF, 0x38, 0x1F, 0xF0, 0xFF, 0xFF, 0xFF, 0xFF,
    0xFF, 0xF7, 0xFF, 0xFF, 0xFF, 0xFF, 0xFF, 0xFD, 0xFF, 0xFF, 0xFF, 0xFF,
    0xFF, 0xFF, 0xFF, 0xFF, 0xFF, 0xFF, 0xFF, 0xFF, 0xDF, 0xF0, 0x3F, 0xE0,
    0xFF, 0xFF, 0xFF, 0xFF, 0xFF, 0xEF, 0xFF, 0xFF, 0xFF, 0xFF, 0xFF, 0xFF,
    0xFF, 0xFF, 0xFF, 0xFF, 0xFF, 0xFF, 0xFF, 0xFF, 0xFF, 0xFF, 0xFF, 0xFF,
    0xBF, 0xF0, 0x3E, 0xF0, 0xFF, 0xFF, 0xFF, 0xFF, 0xFF, 0xFE, 0xFF, 0xFF,
    0xFF, 0xFF, 0xFF, 0xFF, 0xFF, 0xFF, 0xFF, 0xFF, 0xFF, 0xFF, 0xFF, 0xFF,
    0xFF, 0xFF, 0xFF, 0xFF, 0x7F, 0xF0, 0x7F, 0xF0, 0xFF, 0xFF, 0xFF, 0xFF,
    0xFF, 0xFF, 0xFF, 0xFF, 0xFF, 0xFF, 0xFF, 0xFF, 0xFF, 0xFF, 0xFF, 0xFF,
    0xFF, 0xFB, 0xFF, 0xFF, 0xFF, 0xFF, 0xFF, 0xFF, 0xFF, 0xF4, 0x77, 0xF0,
    0xFF, 0xFF, 0xFF, 0xFF, 0xFF, 0xFF, 0xFF, 0xFF, 0xFF, 0xFF, 0xFF, 0xFF,
    0xFF, 0xFF, 0xFF, 0xFF, 0xFF, 0xFB, 0xFF, 0xFF, 0xFF, 0xFF, 0xF7, 0xFF,
    0xFF, 0xFD, 0xFF, 0xF0, 0xFF, 0xFF, 0xFF, 0xFF, 0xFF, 0xFF, 0xFF, 0xFF,
    0xFF, 0xFF, 0xFF, 0xFF, 0xFF, 0xFF, 0xFF, 0xEF, 0xFF, 0xFF, 0xFF, 0xFF,
    0xFF, 0xFF, 0xF2, 0xFF, 0xFF, 0xFF, 0xFF, 0xF0, 0xFF, 0xFF, 0xFF, 0xFF,
    0xFF, 0xFC, 0x6B, 0xDE, 0xDF, 0xFF, 0xFF, 0xFF, 0xFF, 0xFF, 0xFF, 0xFF,
    0xBF, 0xFF, 0xFF, 0xFF, 0xFF, 0xFF, 0xB0, 0xFF, 0xFF, 0xFF, 0xFF, 0xF0,
    0xFF, 0xFF, 0xFF, 0xFF, 0xFF, 0xF7, 0xC3, 0xC7, 0xFF, 0xEF, 0xFF, 0xFF,
    0xFF, 0xFF, 0xF6, 0xFF, 0xFF, 0xFF, 0xFF, 0xFF, 0xFF, 0xFF, 0xE0, 0x7F,
    0xFF, 0xFF, 0xFF, 0xF0, 0xFF, 0xFF, 0xFF, 0xFF, 0xFF, 0xFF, 0xC3, 0xC7,
    0xBF, 0xFF, 0xFF, 0xFF, 0xFF, 0xFF, 0xFF, 0xFB, 0xFF, 0xFF, 0xFF, 0xFF,
    0xFF, 0xFF, 0xE0, 0x7F, 0xFF, 0xFF, 0xFF, 0xF0, 0xFF, 0xFF, 0xFF, 0xFF,
    0xFF, 0xFF, 0xFB, 0xCF, 0x07, 0x1F, 0x9F, 0xFF, 0xFF, 0xFF, 0xFB, 0xFF,
    0xDF, 0xFF, 0xFF, 0xFF, 0xBF, 0xFF, 0x60, 0x7F, 0xFF, 0xFF, 0xFD, 0xF0,
    0xFF, 0xFF, 0xFF, 0xFF, 0xFF, 0xFF, 0xFB, 0xC3, 0x03, 0x06, 0xFF, 0xFF,
    0xFF, 0xFF, 0xFF, 0xFF, 0xFF, 0xFF, 0xFF, 0xFF, 0xDF, 0xFF, 0xB0, 0x7F,
    0xFF, 0xFF, 0xFB, 0xF0, 0xFF, 0xFF, 0xFF, 0xFF, 0xFF, 0xFF, 0xFF, 0xF7,
    0x09, 0xCC, 0xC7, 0xFF, 0xFF, 0xFF, 0xFF, 0xFF, 0xFF, 0xFF, 0xFF, 0xFF,
    0xCF, 0xFB, 0xF4, 0xFF, 0xFF, 0xFF, 0xFF, 0xF0, 0xFF, 0xFF, 0xFF, 0xFF,
    0xFF, 0xFF, 0x7F, 0xEF, 0x81, 0xFC, 0x40, 0x39, 0xFF, 0xFF, 0xDF, 0xFF,
    0xFF, 0xFF, 0xFF, 0xFF, 0xDF, 0xFF, 0xFF, 0xFB, 0xFF, 0xFF, 0xFF, 0xF0,
    0xFF, 0xFF, 0xFF, 0xFF, 0xFF, 0xFF, 0xF7, 0xFF, 0xF0, 0xDF, 0xE1, 0xFF,
    0xFF, 0xFF, 0xFF, 0xFF, 0xFF, 0xFF, 0xFF, 0xED, 0xFF, 0xFF, 0xFF, 0xF9,
    0xFF, 0xFF, 0xFF, 0xF0, 0xFF, 0xFF, 0xFF, 0xFF, 0xFF, 0xFF, 0xF7, 0xFC,
    0xDF, 0xD8, 0xF3, 0xFF, 0xFF, 0xFF, 0xFF, 0xFF, 0xFF, 0xFF, 0xFF, 0xC4,
    0xFF, 0xFF, 0xFF, 0xFC, 0xFF, 0xFF, 0xFF, 0xF0, 0xFF, 0xFF, 0xFF, 0xFF,
    0xFF, 0xFF, 0xFF, 0xFA, 0xFF, 0xF8, 0x30, 0x00, 0x3F, 0xFF, 0xFF, 0xFF,
    0xFF, 0xFF, 0xFE, 0x61, 0xFF, 0xFF, 0xFF, 0xFF, 0xFF, 0xFF, 0xFF, 0xF0,
    0xFF, 0xFF, 0xFF, 0xFF, 0xFF, 0xFF, 0xFF, 0x7F, 0xF0, 0x33, 0x90, 0x00,
    0x07, 0xFF, 0xFF, 0xFF, 0xFF, 0xFF, 0xFF, 0x01, 0xBF, 0xFF, 0xFF, 0xFF,
    0xFF, 0xFF, 0xFF, 0xF0, 0xFF, 0xFF, 0xFF, 0xFF, 0xFF, 0xFF, 0xFF, 0x3F,
    0xFF, 0x3F, 0xFC, 0x00, 0x7B, 0xFF, 0xFF, 0xFF, 0xFF, 0xFF, 0xFD, 0x00,
    0x3F, 0xFF, 0xFF, 0xFF, 0xFF, 0xFF, 0xFF, 0xF0, 0xFF, 0xFF, 0xFF, 0xFF,
    0xFF, 0xFF, 0xFF, 0xFF, 0xFF, 0xFD, 0xF8, 0x00, 0xF8, 0x1E, 0x3F, 0xFF,
    0xFF, 0xFF, 0xF8, 0x3C, 0x7F, 0xFF, 0xFF, 0xFF, 0xBF, 0xFF, 0xFF, 0xF0,
    0xFF, 0xFF, 0xFF, 0xFF, 0xFF, 0xFF, 0xFF, 0xFF, 0xFF, 0xFF, 0x80, 0xC6,
    0x06, 0x1D, 0xFF, 0xFF, 0xFF, 0xFF, 0xFE, 0x3C, 0x3F, 0xFF, 0xFF, 0xFF,
    0xDF, 0xFF, 0xFF, 0xF0, 0xFF, 0xFF, 0xFF, 0xFF, 0xFF, 0xFF, 0xFF, 0xFF,
    0xFF, 0xFE, 0x00, 0x00, 0x01, 0xC1, 0xCF, 0xFF, 0xFF, 0xFF, 0xFE, 0x3C,
    0x1F, 0xFF, 0xFF, 0xFF, 0xDF, 0xFF, 0xFF, 0xF0, 0xFF, 0xFF, 0xFF, 0xFF,
    0xFF, 0xFF, 0xF9, 0xFF, 0xFF, 0xF0, 0x00, 0x00, 0x00, 0x60, 0x21, 0xFF,
    0xFF, 0xFF, 0xF8, 0x39, 0xFF, 0xFF, 0xFF, 0xFF, 0xEF, 0xEF, 0xFF, 0xF0,
    0xFF, 0xFF, 0xFF, 0xFF, 0xFF, 0xFF, 0xFF, 0xFF, 0xFF, 0x00, 0x00, 0x00,
    0x00, 0x78, 0x3F, 0xFF, 0xFF, 0xFF, 0xFC, 0x81, 0xFF, 0xDF, 0xFF, 0xFF,
    0xEF, 0xFF, 0xFF, 0xF0, 0xFF, 0xFF, 0xFF, 0xFF, 0xFF, 0xFC, 0xFF, 0xFF,
    0xF0, 0x00, 0x40, 0x02, 0x00, 0xF9, 0xFC, 0x1F, 0xFF, 0xFF, 0xFF, 0x80,
    0xF8, 0x9F, 0xFF, 0xFF, 0xFF, 0xFF, 0xFF, 0xF0, 0xFF, 0xFF, 0xFF, 0xFF,
    0xFF, 0xF8, 0xFF, 0xFC, 0x07, 0xC0, 0x00, 0x03, 0xAF, 0x81, 0x00, 0x3F,
    0xFF, 0xFF, 0xFF, 0x89, 0xFC, 0x93, 0xFF, 0xFF, 0xFF, 0xFE, 0x7F, 0xF0,
    0xFF, 0xFF, 0xFF, 0xFF, 0xFF, 0xFF, 0xFF, 0xFC, 0x03, 0x80, 0x0F, 0x80,
    0x03, 0xC0, 0x00, 0x1F, 0x7F, 0xFF, 0xFF, 0xBF, 0xCC, 0x03, 0xFF, 0xFF,
    0xFF, 0xFF, 0x7F, 0xF0, 0xFF, 0xFF, 0xFF, 0xFF, 0xFF, 0xFF, 0xEF, 0xFC,
    0x00, 0x00, 0x0F, 0x80, 0x00, 0x38, 0x3E, 0xFB, 0xFF, 0xFF, 0xFF, 0xFF,
    0xC0, 0x07, 0xFF, 0xFF, 0xFF, 0xFF, 0x7F, 0xF0, 0xFF, 0xFF, 0x7F, 0xFF,
    0xFF, 0xFF, 0xFF, 0xFC, 0x00, 0x00, 0x00, 0x00, 0x00, 0x04, 0x60, 0x27,
    0xFF, 0xFF, 0xB7, 0xFF, 0xE1, 0xC0, 0xFE, 0xFF, 0xFF, 0xFF, 0xBF, 0xF0,
    0xFF, 0xF8, 0xFF, 0xFF, 0xFF, 0x9F, 0xFF, 0xFC, 0x00, 0x01, 0x80, 0x00,
    0x00, 0x00, 0x20, 0x7F, 0xFF, 0xFF, 0x94, 0xFF, 0xF3, 0xE0, 0xFF, 0xFF,
    0xFF, 0xFF, 0xBF, 0xF0, 0xFF, 0xFF, 0xFF, 0xFF, 0xFF, 0xFF, 0xFF, 0xFC,
    0x60, 0x00, 0x40, 0x00, 0x00, 0x00, 0x30, 0xFF, 0xFF, 0xFF, 0xC1, 0xFF,
    0x83, 0xE3, 0xFF, 0xFF, 0xFF, 0xFF, 0xFF, 0xF0, 0xFF, 0xFC, 0xFF, 0xFF,
    0xFF, 0xFB, 0xFF, 0xFD, 0x80, 0x00, 0x00, 0x00, 0x00, 0x80, 0x03, 0xFD,
    0xFF, 0xFE, 0x1B, 0xFF, 0xC3, 0xC3, 0xFF, 0xFF, 0xFF, 0xFF, 0xFF, 0xF0,
    0xFF, 0xF8, 0xFF, 0xFF, 0xFF, 0xFF, 0xFF, 0xF0, 0x00, 0x00, 0x78, 0x00,
    0x01, 0xF0, 0x01, 0xFF, 0xFF, 0xFF, 0x3C, 0xFF, 0xE1, 0xA1, 0xFF, 0xFF,
    0xFF, 0xFF, 0xFF, 0xF0, 0xFF, 0xF0, 0xFF, 0xFF, 0xFF, 0xFF, 0xFF, 0xE0,
    0x00, 0x00, 0x79, 0x80, 0x00, 0x40, 0x00, 0x3F, 0xFF, 0xFF, 0xBF, 0xFF,
    0xE2, 0x31, 0xFF, 0xFF, 0xFF, 0xFF, 0xFF, 0xF0, 0xFF, 0xF0, 0xFF, 0xFF,
    0xFF, 0xFF, 0xFF, 0xE0, 0x00, 0x00, 0x01, 0xE0, 0x18, 0x00, 0x00, 0x07,
    0xFB, 0xFE, 0x5B, 0xFF, 0xEE, 0x3F, 0xFF, 0xFF, 0xFF, 0xFF, 0xFF, 0xF0,
    0xFF, 0xF1, 0xFF, 0xFF, 0xFF, 0xFF, 0xFF, 0x08, 0x1E, 0x00, 0x44, 0x3C,
    0x00, 0x00, 0x00, 0x00, 0x3F, 0xFF, 0x8D, 0xFF, 0xFE, 0xBF, 0xFF, 0xFF,
    0xFF, 0xFF, 0xFF, 0xF0, 0xFF, 0xF1, 0xFF, 0xFF, 0xFF, 0xFF, 0xF0, 0x3E,
    0x3E, 0x07, 0x00, 0x00, 0x00, 0x00, 0x00, 0x0F, 0xFF, 0xFF, 0xAF, 0xFF,
    0xFE, 0xFF, 0xFF, 0xFF, 0xFF, 0xFF, 0xFF, 0xF0, 0xFF, 0xF9, 0xFF, 0xFF,
    0xFF, 0xFF, 0xE3, 0x98, 0x00, 0x00, 0x00, 0x00, 0x00, 0x07, 0x80, 0x3F,
    0xFF, 0xFF, 0xFF, 0xFF, 0xFF, 0xFF, 0xFF, 0xFF, 0xFF, 0xFF, 0xFF, 0xF0,
    0xFF, 0xFF, 0xFF, 0xFF, 0xFF, 0xFF, 0xFF, 0x00, 0x31, 0x00, 0x00, 0x00,
    0x07, 0x83, 0xC6, 0x3F, 0x8F, 0xFF, 0xFF, 0xFF, 0xFF, 0xFF, 0xFF, 0xFF,
    0xFF, 0xFF, 0xFF, 0xF0, 0xFF, 0xFF, 0xFF, 0xFF, 0xFF, 0xFC, 0x01, 0xFF,
    0xF9, 0xC0, 0x00, 0x00, 0x07, 0xF0, 0x00, 0x0F, 0x87, 0xFF, 0xFF, 0xFF,
    0xFF, 0xFF, 0xFF, 0xFF, 0xFF, 0xFF, 0xFF, 0xF0, 0xFF, 0xFF, 0xFF, 0xDF,
    0xFF, 0x80, 0x00, 0x7C, 0x20, 0x20, 0x00, 0x00, 0x01, 0xE0, 0x00, 0xFF,
    0xFF, 0xFF, 0xFF, 0xFF, 0xFF, 0xFF, 0xFF, 0xFF, 0xFF, 0xFF, 0xFF, 0xF0,
    0xFF, 0xFF, 0xEF, 0xFF, 0xFD, 0x00, 0x00, 0x70, 0x2E, 0x18, 0x00, 0x00,
    0x30, 0x78, 0x07, 0xFF, 0xFF, 0xFF, 0xFF, 0xFF, 0xFF, 0xFF, 0xFF, 0xFF,
    0xFF, 0xFF, 0xFF, 0xF0,
};
static_assert(sizeof(clock_gallery_image_05) == CLOCK_GALLERY_IMAGE_BYTES_PER_ROW * CLOCK_GALLERY_IMAGE_HEIGHT,
              "clock_gallery_image_05 payload size mismatch");

// 星期六.png
static const uint8_t clock_gallery_image_06[] = {
    0xFE, 0xFF, 0xFF, 0xBF, 0xFF, 0xFF, 0x9C, 0xFF, 0xFF, 0xFF, 0xFD, 0xCE,
    0x00, 0x00, 0x00, 0x00, 0x00, 0x00, 0x00, 0x00, 0x00, 0x00, 0x00, 0x00,
    0x00, 0x00, 0x00, 0x00, 0xFF, 0xFF, 0xFF, 0xFF, 0xFF, 0xE7, 0xFC, 0x7F,
    0xFF, 0xFF, 0xFD, 0xE0, 0x00, 0x00, 0x00, 0x00, 0x00, 0x00, 0x00, 0x00,
    0x00, 0x00, 0x00, 0x00, 0x00, 0x00, 0x00, 0x00, 0xFF, 0xF3, 0xFF, 0xFF,
    0xFF, 0xF7, 0xFC, 0x7F, 0xDE, 0x7F, 0x88, 0xF0, 0x00, 0x00, 0x00, 0x00,
    0x00, 0x00, 0x00, 0x00, 0x00, 0x00, 0x00, 0x00, 0x00, 0x00, 0x00, 0x00,
    0xFF, 0xFF, 0xF3, 0xFF, 0xFF, 0xFF, 0xF7, 0xEF, 0xFC, 0xF3, 0xC4, 0x70,
    0x00, 0x00, 0x00, 0x00, 0x00, 0x00, 0x00, 0x00, 0x00, 0x00, 0x00, 0x00,
    0x00, 0x00, 0x00, 0x00, 0xFF, 0xFF, 0xFF, 0xFF, 0xFF, 0xFF, 0x7F, 0xF7,
    0xFE, 0xF3, 0xD4, 0x80, 0x00, 0x00, 0x00, 0x00, 0x00, 0x00, 0x00, 0x00,
    0x00, 0x00, 0x00, 0x00, 0x00, 0x00, 0x00, 0x00, 0xFF, 0xFF, 0xFF, 0xFF,
    0xFF, 0xE7, 0xF7, 0xFB, 0xF4, 0xF3, 0x08, 0xC0, 0x00, 0x00, 0x00, 0x00,
    0x00, 0x00, 0x00, 0x00, 0x00, 0x00, 0x00, 0x00, 0x00, 0x00, 0x00, 0x00,
    0xFF, 0x3F, 0xFF, 0xFE, 0xFF, 0xFF, 0xF7, 0xF7, 0xFE, 0x60, 0x00, 0xC0,
    0x00, 0x00, 0x00, 0x00, 0x00, 0x00, 0x00, 0x00, 0x00, 0x00, 0x00, 0x00,
    0x00, 0x00, 0x00, 0x00, 0xFF, 0x7F, 0xFF, 0xFF, 0xFF, 0xFF, 0xFF, 0xF7,
    0xFF, 0xF1, 0x00, 0x00, 0x00, 0x00, 0x00, 0x00, 0x00, 0x00, 0x00, 0x00,
    0x00, 0x00, 0x00, 0x00, 0x00, 0x00, 0x00, 0x00, 0xFF, 0xF9, 0xFF, 0xFF,
    0xFF, 0xFF, 0xFF, 0xFF, 0xFF, 0xF7, 0x00, 0x00, 0x00, 0x00, 0x00, 0x00,
    0x00, 0x00, 0x00, 0x00, 0x00, 0x00, 0x00, 0x00, 0x00, 0x00, 0x00, 0x00,
    0xFF, 0xF9, 0xCB, 0xFF, 0xF3, 0xEF, 0xFF, 0xFF, 0xFF, 0xF6, 0x00, 0x00,
    0x00, 0x00, 0x00, 0x00, 0x00, 0x00, 0x00, 0x00, 0x00, 0x00, 0x00, 0x00,
    0x00, 0x00, 0x00, 0x00, 0xFF, 0xF9, 0x1F, 0xFF, 0xFB, 0xEF, 0xFF, 0xFF,
    0xFF, 0xF0, 0x00, 0x00, 0x00, 0x00, 0x00, 0x00, 0x00, 0x00, 0x00, 0x00,
    0x00, 0x00, 0x00, 0x00, 0x00, 0x00, 0x00, 0x00, 0xFF, 0xD9, 0x1F, 0xFF,
    0xFF, 0x7F, 0xEF, 0xFF, 0xFF, 0xF8, 0x00, 0x00, 0x00, 0x00, 0x00, 0x00,
    0x00, 0x00, 0x00, 0x00, 0x00, 0x00, 0x00, 0x00, 0x00, 0x00, 0x00, 0x00,
    0xFF, 0xDF, 0x1F, 0xFF, 0xFF, 0xFF, 0xFF, 0xFF, 0xFB, 0xF8, 0x1E, 0x00,
    0x00, 0x00, 0x00, 0x00, 0x00, 0x00, 0x00, 0x00, 0x00, 0x00, 0x00, 0x00,
    0x00, 0x00, 0x00, 0x00, 0xFF, 0xFF, 0xFF, 0xFF, 0xEF, 0xDD, 0xB3, 0xFF,
    0xFB, 0xF9, 0x8C, 0x00, 0x00, 0x00, 0x00, 0x00, 0x00, 0x00, 0x00, 0x00,
    0x00, 0x00, 0x00, 0x00, 0x00, 0x00, 0x00, 0x00, 0xFF, 0xFF, 0xFF, 0xFF,
    0xEF, 0xC3, 0xFF, 0xFE, 0xE1, 0x3E, 0x80, 0x00, 0x00, 0x00, 0x00, 0x00,
    0x00, 0x00, 0x00, 0x00, 0x00, 0x00, 0x00, 0x00, 0x00, 0x00, 0x00, 0x00,
    0xFF, 0xFF, 0xFF, 0xFF, 0xFF, 0xC7, 0xFF, 0xFF, 0xE0, 0x4E, 0x00, 0x00,
    0x00, 0x00, 0x00, 0x00, 0x00, 0x00, 0x00, 0x00, 0x00, 0x00, 0x00, 0x00,
    0x00, 0x00, 0x00, 0x00, 0xFF, 0xFF, 0xFF, 0xFF, 0xFF, 0xEE, 0x0E, 0x3F,
    0xE0, 0xCF, 0x00, 0x00, 0x00, 0x00, 0x00, 0x00, 0x00, 0x00, 0x00, 0x00,
    0x00, 0x00, 0x00, 0x00, 0x00, 0x00, 0x00, 0x00, 0xFF, 0xFF, 0xFF, 0xFF,
    0xFF, 0xFC, 0x8E, 0xF3, 0xFC, 0xCE, 0x00, 0x00, 0x00, 0x06, 0x00, 0x00,
    0x00, 0x00, 0x00, 0x00, 0x00, 0x00, 0x00, 0x00, 0x00, 0x00, 0x00, 0x00,
    0xFF, 0xFF, 0xFF, 0xFF, 0xFF, 0xF9, 0xF8, 0xFF, 0x3C, 0x00, 0x60, 0x00,
    0x00, 0x06, 0x00, 0x00, 0x00, 0x00, 0x80, 0x00, 0x00, 0x00, 0x00, 0x00,
    0x00, 0x00, 0x00, 0x00, 0xFF, 0xFF, 0xFF, 0xFF, 0xFF, 0xFD, 0xF8, 0xFF,
    0x90, 0x06, 0x60, 0x00, 0x00, 0x06, 0x01, 0x80, 0x00, 0x00, 0x00, 0x00,
    0x00, 0x00, 0x00, 0x00, 0x00, 0x00, 0x00, 0x00, 0xFF, 0xFF, 0xFF, 0xFF,
    0xFF, 0xFF, 0xF0, 0x6F, 0x30, 0x04, 0x30, 0x00, 0x00, 0x06, 0x01, 0x80,
    0x00, 0x00, 0x00, 0x00, 0x00, 0x00, 0x00, 0x00, 0x00, 0x00, 0x00, 0x00,
    0xFF, 0xFF, 0xFF, 0xFF, 0xFF, 0xFB, 0xFC, 0x0F, 0xB8, 0x04, 0x00, 0x00,
    0x18, 0x00, 0x03, 0x00, 0x00, 0x00, 0x00, 0x00, 0x00, 0x00, 0x00, 0x00,
    0x00, 0x00, 0x00, 0x00, 0xFF, 0xFF, 0xFF, 0xFF, 0xFF, 0xFB, 0xCC, 0x01,
    0x98, 0x00, 0x00, 0x00, 0x18, 0x00, 0x02, 0x00, 0x00, 0x00, 0x00, 0x00,
    0x00, 0x00, 0x00, 0x00, 0x00, 0x00, 0x00, 0x00, 0xDF, 0xAF, 0xFF, 0xFF,
    0xDF, 0xFF, 0xE0, 0x01, 0x80, 0x00, 0x00, 0x00, 0x0C, 0x00, 0x00, 0x00,
    0x00, 0x00, 0x00, 0x00, 0x00, 0x00, 0x00, 0x00, 0x00, 0x00, 0x00, 0x00,
    0x9F, 0xCF, 0xFF, 0xE7, 0x3E, 0xFF, 0xF2, 0x00, 0x00, 0x00, 0x00, 0x00,
    0x04, 0x02, 0x00, 0x00, 0x00, 0x00, 0x00, 0x00, 0x00, 0x00, 0x00, 0x00,
    0x00, 0x00, 0x00, 0x00, 0xFF, 0xEF, 0x3F, 0xE3, 0xFF, 0xFE, 0xD7, 0x00,
    0x00, 0x00, 0x00, 0x00, 0x00, 0x1F, 0xE0, 0x00, 0x00, 0x00, 0x00, 0x00,
    0x00, 0x00, 0x00, 0x00, 0x00, 0x00, 0x00, 0x00, 0xFF, 0xFF, 0x3E, 0xE3,
    0xFF, 0xFE, 0x1B, 0x00, 0x00, 0x00, 0x00, 0x00, 0x00, 0x70, 0x30, 0x00,
    0x00, 0x00, 0x00, 0x00, 0x00, 0x00, 0x00, 0x00, 0x00, 0x00, 0x00, 0x00,
    0xFF, 0xBF, 0x7C, 0x7F, 0xF1, 0xFF, 0x18, 0x00, 0x00, 0x00, 0x00, 0x00,
    0x00, 0xC0, 0x18, 0x0C, 0x00, 0x00, 0x00, 0x00, 0x00, 0x00, 0x00, 0x00,
    0x00, 0x00, 0x00, 0x00, 0xFF, 0x3F, 0xFC, 0x7D, 0xFD, 0xFE, 0x00, 0x00,
    0x00, 0x00, 0x00, 0x00, 0x01, 0x80, 0x0C, 0x3C, 0x00, 0x00, 0x00, 0x00,
    0x00, 0x00, 0x00, 0x00, 0x00, 0x00, 0x00, 0x00, 0xCF, 0x3F, 0xFD, 0xF3,
    0xFC, 0xFF, 0xC0, 0x00, 0x00, 0x00, 0x00, 0x00, 0x01, 0x07, 0x04, 0x00,
    0x00, 0x00, 0x00, 0x00, 0x00, 0x00, 0x00, 0x00, 0x00, 0x00, 0x00, 0x00,
    0xCF, 0xFB, 0xFF, 0xFB, 0xF9, 0xDF, 0xC0, 0x00, 0x00, 0x00, 0x00, 0x00,
    0x03, 0x0F, 0x86, 0x00, 0x00, 0x00, 0x00, 0x00, 0x00, 0x00, 0x00, 0x00,
    0x00, 0x00, 0x00, 0x00, 0xFF, 0xF7, 0xFF, 0xFC, 0x71, 0xDE, 0x00, 0x03,
    0xFE, 0x00, 0x00, 0x03, 0xC2, 0x18, 0xC6, 0x00, 0x00, 0x00, 0x00, 0x00,
    0x00, 0x00, 0x00, 0x00, 0x00, 0x00, 0x00, 0x00, 0xFF, 0xF7, 0xFF, 0xD0,
    0x3D, 0x9E, 0x40, 0x07, 0xFF, 0x00, 0x00, 0x00, 0x02, 0x30, 0x46, 0x00,
    0x00, 0x00, 0x00, 0x00, 0x00, 0x00, 0x00, 0x00, 0x00, 0x00, 0x00, 0x00,
    0x7E, 0x7F, 0xFF, 0xF0, 0x9C, 0x3E, 0x40, 0x0F, 0xFF, 0x80, 0x00, 0x00,
    0x02, 0x36, 0xC6, 0x00, 0x00, 0x00, 0x00, 0x00, 0x00, 0x00, 0x00, 0x00,
    0x00, 0x00, 0x00, 0x00, 0xBE, 0x7F, 0xFF, 0xF9, 0xFF, 0x70, 0x60, 0x1F,
    0xFF, 0x80, 0x00, 0x00, 0x00, 0x37, 0x86, 0x00, 0x00, 0x00, 0x00, 0x00,
    0x00, 0x00, 0x00, 0x00, 0x00, 0x00, 0x00, 0x00, 0xBF, 0xF7, 0xFB, 0xE3,
    0xFF, 0x20, 0x00, 0x3F, 0xFF, 0x80, 0x00, 0x00, 0x00, 0x31, 0x0C, 0x3C,
    0x00, 0x03, 0x00, 0x00, 0x00, 0x00, 0x00, 0x00, 0x00, 0x00, 0x00, 0x00,
    0x3F, 0xE7, 0xF2, 0xE1, 0xAF, 0x00, 0x00, 0x3F, 0x83, 0x80, 0x00, 0x00,
    0x00, 0x18, 0x0C, 0x1E, 0x00, 0x07, 0x80, 0x00, 0x00, 0x00, 0x00, 0x00,
    0x00, 0x00, 0x00, 0x00, 0x3F, 0xE7, 0xEE, 0xE0, 0x7C, 0x00, 0x00, 0x7F,
    0x00, 0x00, 0x00, 0x00, 0x00, 0x1C, 0x38, 0x00, 0x00, 0x07, 0x80, 0x00,
    0x00, 0x00, 0x00, 0x00, 0x00, 0x00, 0x00, 0x00, 0x7F, 0xFF, 0xEE, 0x60,
    0x74, 0x00, 0x00, 0x7F, 0x00, 0x00, 0x00, 0x00, 0xE0, 0x07, 0xE0, 0x00,
    0x00, 0x07, 0x00, 0x00, 0x00, 0x00, 0x01, 0x00, 0x00, 0x00, 0x00, 0x00,
    0xFD, 0xAF, 0xEC, 0x00, 0x60, 0x0C, 0x00, 0x7E, 0x00, 0x00, 0x00, 0x00,
    0xF0, 0x00, 0x00, 0x00, 0x00, 0x07, 0x00, 0x00, 0x00, 0x00, 0x03, 0x80,
    0x00, 0x00, 0x00, 0x00, 0xFD, 0xDF, 0xC0, 0x00, 0x00, 0x0E, 0x00, 0x7F,
    0x00, 0x00, 0x00, 0x00, 0xF0, 0x00, 0x00, 0x00, 0x00, 0x0F, 0x00, 0x00,
    0x00, 0x00, 0x03, 0x80, 0x00, 0x00, 0x00, 0x00, 0xF9, 0x9F, 0xC0, 0x00,
    0x00, 0x0E, 0x00, 0x3F, 0x00, 0x00, 0x00, 0x01, 0xE0, 0x00, 0x00, 0x00,
    0x00, 0x0F, 0x00, 0x00, 0x00, 0x00, 0x07, 0x80, 0x00, 0x00, 0x00, 0x00,
    0xF8, 0x1F, 0xC0, 0x00, 0x00, 0x0E, 0x00, 0x3F, 0x80, 0x00, 0x00, 0x01,
    0xE0, 0x00, 0x00, 0x00, 0x00, 0x0F, 0x00, 0x00, 0x00, 0x00, 0x03, 0x80,
    0x00, 0x00, 0x00, 0x00, 0xF8, 0x1F, 0xC0, 0x00, 0x00, 0x0E, 0x00, 0x1F,
    0xC0, 0x00, 0x00, 0x07, 0xFF, 0x80, 0x00, 0x00, 0x00, 0x0F, 0x00, 0x00,
    0x00, 0x00, 0x03, 0x80, 0x00, 0x00, 0x00, 0x00, 0xF8, 0x3F, 0x80, 0x00,
    0x00, 0x0C, 0x60, 0x1F, 0xE0, 0x00, 0x00, 0x1F, 0xFF, 0x80, 0x00, 0x00,
    0x00, 0x0E, 0x00, 0x00, 0x00, 0x00, 0x33, 0x00, 0x00, 0x00, 0x00, 0x00,
    0xFC, 0x3F, 0x80, 0x00, 0x00, 0x04, 0xE0, 0x0F, 0xF8, 0x00, 0x3C, 0x3F,
    0xFE, 0x00, 0x30, 0xE0, 0x00, 0x0E, 0x00, 0x00, 0x00, 0x00, 0x33, 0x00,
    0x00, 0x00, 0x00, 0x00, 0xFC, 0x7F, 0x80, 0x00, 0x00, 0x04, 0xE0, 0x07,
    0xFE, 0x00, 0xFF, 0x1F, 0xE0, 0x70, 0x38, 0xE7, 0xC1, 0xFE, 0x01, 0xE0,
    0x00, 0x20, 0x3A, 0x70, 0x00, 0x00, 0x00, 0x00, 0xF8, 0xFF, 0x00, 0x00,
    0x00, 0x70, 0xE0, 0x01, 0xFF, 0x01, 0xFF, 0x81, 0xE0, 0x78, 0x78, 0xFF,
    0xC7, 0xFE, 0x07, 0xF8, 0x70, 0x70, 0x3A, 0xF0, 0x00, 0x00, 0x00, 0x00,
    0xF8, 0x7F, 0x04, 0x00, 0x00, 0x7E, 0xC0, 0x00, 0xFF, 0x83, 0xFF, 0x81,
    0xE0, 0x70, 0x78, 0xFF, 0xCF, 0xFE, 0x0F, 0xFC, 0x70, 0x70, 0x3B, 0xE0,
    0x00, 0x00, 0x00, 0x00, 0xFF, 0xFF, 0x0E, 0x00, 0x40, 0x3E, 0x88, 0x00,
    0x3F, 0xC3, 0xE7, 0x83, 0xE0, 0x70, 0x70, 0xFC, 0x8F, 0xBE, 0x1F, 0x3C,
    0x70, 0xF0, 0x1F, 0xC0, 0x00, 0x00, 0x00, 0x00, 0xFF, 0xE6, 0x0C, 0x80,
    0xC0, 0x03, 0x98, 0x00, 0x1F, 0xC7, 0xC7, 0x83, 0xE0, 0x70, 0x70, 0xF8,
    0x1E, 0x1E, 0x1E, 0x38, 0x70, 0xF0, 0x0F, 0x00, 0x00, 0x00, 0x00, 0x00,
    0xFF, 0xFE, 0x1C, 0xC0, 0xC0, 0x01, 0x98, 0x00, 0x0F, 0xE7, 0x87, 0x83,
    0xC0, 0xF0, 0xF0, 0xF0, 0x1E, 0x1E, 0x3C, 0x38, 0xF0, 0xF0, 0x88, 0x00,
    0x00, 0x00, 0x00, 0x00, 0xFF, 0xFE, 0xE0, 0xE0, 0xC0, 0x00, 0x98, 0x00,
    0x07, 0xE7, 0x87, 0x83, 0xC0, 0xF0, 0xF0, 0xF0, 0x3C, 0x1E, 0x3C, 0x78,
    0xF1, 0xF1, 0x98, 0x00, 0x00, 0x00, 0x00, 0x00, 0xFF, 0xFF, 0xE4, 0xE0,
    0x18, 0x00, 0x58, 0x00, 0x07, 0xEF, 0x07, 0x83, 0xC0, 0xF1, 0xF0, 0xF0,
    0x3C, 0x3E, 0x38, 0x78, 0xF1, 0xF1, 0xD0, 0x00, 0x00, 0x00, 0x00, 0x00,
    0xFF, 0xFF, 0xFE, 0xE0, 0x3C, 0x1F, 0x38, 0x60, 0x03, 0xEF, 0x0F, 0x83,
    0xE0, 0xF1, 0xF1, 0xF0, 0x3C, 0x3E, 0x78, 0xF8, 0xF3, 0xF1, 0xE7, 0x80,
    0x00, 0x00, 0x00, 0x00, 0xFF, 0xFE, 0xEF, 0x43, 0x3C, 0x1F, 0xF0, 0xF0,
    0x03, 0xEF, 0x0F, 0x83, 0xE0, 0x73, 0xF1, 0xE0, 0x3C, 0x7E, 0x78, 0xF8,
    0xF3, 0xF0, 0xFF, 0xC0, 0x00, 0x00, 0x00, 0x00, 0xFF, 0xFF, 0xE7, 0xF7,
    0x80, 0x0F, 0xF8, 0xF0, 0x07, 0xEF, 0x1F, 0xD1, 0xE0, 0x7F, 0xFD, 0xE0,
    0x3C, 0xFE, 0x3D, 0xF8, 0xFF, 0xE0, 0xFF, 0x80, 0x00, 0x00, 0x00, 0x00,
    0xFF, 0xFF, 0xFB, 0xF3, 0xC0, 0x03, 0x0C, 0xF8, 0x07, 0xE7, 0xFF, 0xF9,
    0xFE, 0x7F, 0xFE, 0xE0, 0x3F, 0xFF, 0xBF, 0xFF, 0x7F, 0xE0, 0xFF, 0x00,
    0x00, 0x00, 0x00, 0x00, 0xFF, 0xFF, 0xFF, 0xF6, 0x80, 0x00, 0x06, 0x7E,
    0x1F, 0xE7, 0xFD, 0xF9, 0xFE, 0x3F, 0x3C, 0xE0, 0x1F, 0xEF, 0xBF, 0x9F,
    0x7F, 0xE1, 0x80, 0x00, 0x00, 0x00, 0x00, 0x00, 0xFF, 0xFF, 0xFF, 0xFE,
    0x00, 0x00, 0x00, 0x7F, 0xFF, 0xC3, 0xF9, 0xF0, 0xFE, 0x1C, 0x18, 0xE0,
    0x0F, 0xC7, 0x9F, 0x1E, 0x19, 0xE3, 0x00, 0x00, 0x00, 0x00, 0x00, 0x00,
    0xFF, 0xFF, 0xFF, 0xFE, 0x1E, 0x00, 0x00, 0x3F, 0xFF, 0xC1, 0xE0, 0x00,
    0x78, 0x00, 0x00, 0x00, 0x00, 0x00, 0x00, 0x00, 0x01, 0xE0, 0x00, 0x00,
    0x07, 0x00, 0x00, 0x00, 0xFF, 0xFF, 0xFF, 0xFC, 0xDE, 0x08, 0x00, 0x1F,
    0xFF, 0x80, 0x00, 0x00, 0x00, 0x00, 0x00, 0x00, 0x00, 0x00, 0x00, 0x00,
    0x01, 0xE0, 0x00, 0x00, 0x0C, 0x00, 0x00, 0x00, 0xFF, 0xFF, 0xFF, 0xFE,
    0xFE, 0x1C, 0x00, 0x0F, 0xFF, 0x00, 0x00, 0x00, 0x00, 0x00, 0x00, 0x00,
    0x00, 0x00, 0x00, 0x00, 0x03, 0xC0, 0x00, 0x00, 0x18, 0x00, 0x00, 0x00,
    0xFF, 0xFF, 0xFF, 0xFF, 0xFE, 0x3C, 0x00, 0x07, 0xFE, 0x00, 0x00, 0x00,
    0x00, 0x00, 0x00, 0x00, 0x00, 0x00, 0x00, 0x00, 0x03, 0xC0, 0x00, 0x03,
    0xF0, 0x00, 0x00, 0x00, 0xF7, 0xFF, 0xFF, 0xFF, 0xFC, 0xFC, 0x80, 0x00,
    0xE0, 0x00, 0x00, 0x00, 0x00, 0x00, 0x03, 0x00, 0x00, 0x00, 0x00, 0x00,
    0x07, 0xC0, 0x00, 0x06, 0xF8, 0x00, 0x00, 0x00, 0xFF, 0xFF, 0xFF, 0xFF,
    0xF8, 0xF9, 0xC0, 0x00, 0x00, 0x00, 0x00, 0x00, 0x1F, 0xFF, 0xFF, 0xFF,
    0xFC, 0x00, 0x00, 0x00, 0x07, 0x80, 0x00, 0x00, 0x00, 0x00, 0x00, 0x00,
    0xFF, 0xFF, 0xFF, 0xFF, 0xFB, 0xF1, 0x90, 0x00, 0x00, 0x00, 0x00, 0x0F,
    0xFF, 0xFF, 0xFF, 0xFF, 0xFF, 0xE0, 0x1C, 0x0E, 0x0F, 0x80, 0x00, 0x00,
    0x00, 0x00, 0x00, 0x00, 0xFF, 0xFF, 0xFE, 0xFF, 0xFF, 0x3C, 0x30, 0x00,
    0x00, 0x00, 0x03, 0xFF, 0xFF, 0xC0, 0x00, 0x00, 0x1F, 0xFF, 0x1C, 0x0F,
    0xFF, 0x00, 0x00, 0x00, 0x00, 0x00, 0x00, 0x00, 0xFF, 0xFF, 0xFF, 0xFF,
    0xFF, 0xFE, 0x20, 0x00, 0x00, 0x00, 0x1F, 0xFF, 0x00, 0x00, 0x00, 0x00,
    0x00, 0x03, 0x1C, 0x0F, 0xFE, 0x00, 0x00, 0x00, 0x00, 0x00, 0x00, 0x00,
    0xFF, 0xFF, 0xE1, 0xFF, 0xFD, 0x7F, 0xCC, 0x00, 0x00, 0x00, 0x3F, 0x00,
    0x00, 0x00, 0x00, 0x00, 0x00, 0x00, 0x08, 0x07, 0xFC, 0x00, 0x00, 0x00,
    0x00, 0x00, 0x00, 0x00, 0xDF, 0xFF, 0xF9, 0xEF, 0xFF, 0xFE, 0xDE, 0x00,
    0x00, 0x00, 0x00, 0x00, 0x00, 0x00, 0x00, 0x00, 0x00, 0x00, 0x00, 0x01,
    0xF8, 0x00, 0x00, 0x00, 0x00, 0x00, 0x00, 0x00, 0xFF, 0xFF, 0xFF, 0xCF,
    0xFF, 0xFC, 0x36, 0x00, 0x00, 0x00, 0x00, 0x00, 0x00, 0x00, 0x00, 0x00,
    0x00, 0x00, 0x00, 0x00, 0x00, 0x00, 0x00, 0x00, 0x00, 0x00, 0x00, 0x00,
    0xFF, 0xE7, 0xE7, 0x87, 0xFF, 0xFF, 0x30, 0x00, 0x00, 0x00, 0x00, 0x00,
    0x00, 0x00, 0x00, 0x00, 0x00, 0x00, 0x00, 0x00, 0x00, 0x00, 0x00, 0x00,
    0x00, 0x00, 0x60, 0x00, 0xFF, 0xDF, 0x8F, 0xE7, 0xF7, 0xFF, 0x90, 0x00,
    0x00, 0x00, 0x00, 0x00, 0x00, 0x00, 0x00, 0x00, 0x00, 0x00, 0x00, 0x00,
    0x00, 0x00, 0x00, 0x00, 0x00, 0x06, 0xC0, 0x00, 0xFF, 0xDF, 0xCF, 0xF7,
    0xB3, 0x8F, 0x80, 0x00, 0x00, 0x00, 0x00, 0x00, 0x00, 0x00, 0x00, 0x00,
    0x00, 0x00, 0x00, 0x00, 0x00, 0x00, 0x00, 0x00, 0x00, 0x03, 0x00, 0x00,
    0xFF, 0xDC, 0xC7, 0xF3, 0x33, 0xEE, 0x00, 0x01, 0xFF, 0xFF, 0xFC, 0x00,
    0x00, 0x00, 0x80, 0x00, 0x00, 0x00, 0x00, 0x00, 0x00, 0x00, 0x00, 0x00,
    0x00, 0x00, 0x00, 0x00, 0xFF, 0xC0, 0x0F, 0x80, 0x7F, 0xF6, 0x00, 0x1F,
    0xFF, 0xFF, 0xFF, 0x00, 0x03, 0x81, 0xE0, 0x0F, 0xC0, 0x00, 0x00, 0x00,
    0x00, 0x00, 0x00, 0x00, 0x00, 0x00, 0x00, 0x00, 0xFF, 0x80, 0x1F, 0xC0,
    0x37, 0xF6, 0xE0, 0x1F, 0xFF, 0xFF, 0xFF, 0x00, 0x07, 0xC1, 0xE0, 0xFF,
    0xF0, 0x00, 0x00, 0x00, 0x00, 0x00, 0x00, 0x00, 0x00, 0x00, 0x00, 0x00,
    0xFF, 0x80, 0x1D, 0xC0, 0x27, 0x76, 0xE0, 0x3F, 0xFF, 0xFF, 0xFF, 0x80,
    0x07, 0xC1, 0xE1, 0xFF, 0xF8, 0x00, 0x00, 0xE0, 0x00, 0x00, 0x00, 0x00,
    0x00, 0x00, 0x00, 0x00, 0xFF, 0x80, 0x00, 0xC0, 0x07, 0x22, 0x00, 0x3F,
    0xFE, 0x80, 0x7F, 0x80, 0x07, 0xC1, 0xE1, 0xFF, 0xFC, 0x00, 0x00, 0xF0,
    0x00, 0x00, 0x00, 0x00, 0x00, 0x00, 0x00, 0x00, 0xFF, 0xC0, 0x00, 0x00,
    0x04, 0x00, 0x00, 0x3F, 0x00, 0x00, 0x1F, 0x80, 0x07, 0xDF, 0xF9, 0xFF,
    0xFC, 0x00, 0x01, 0xF8, 0x00, 0x00, 0x00, 0x00, 0x00, 0x00, 0x00, 0x00,
    0xFF, 0xB0, 0x00, 0x00, 0x18, 0x00, 0x00, 0x3F, 0x00, 0x00, 0x1F, 0x80,
    0x7F, 0xFF, 0xFD, 0xF0, 0x7C, 0x00, 0x01, 0xFC, 0x00, 0x00, 0x00, 0x00,
    0x00, 0x00, 0x00, 0x00, 0xFF, 0x3E, 0x00, 0x00, 0xF0, 0x00, 0x00, 0x3F,
    0x00, 0x00, 0x1F, 0x80, 0x7F, 0xFF, 0xFD, 0xE0, 0x7C, 0x00, 0x00, 0xFC,
    0x00, 0x00, 0x00, 0x00, 0x00, 0x00, 0x00, 0x00, 0xFF, 0x3F, 0xE0, 0x07,
    0xF0, 0x00, 0x00, 0x3F, 0xFF, 0xFF, 0xFF, 0x80, 0x7F, 0xFF, 0xFD, 0xE0,
    0x7C, 0x00, 0x00, 0x7E, 0x00, 0x00, 0x00, 0x00, 0x00, 0x00, 0x00, 0x00,
    0xFF, 0x3F, 0xB3, 0x18, 0xF0, 0x00, 0x00, 0x3F, 0xFF, 0xFF, 0xFF, 0x80,
    0x7F, 0xFF, 0xF1, 0xE0, 0x7C, 0x00, 0x00, 0x3C, 0x00, 0x00, 0x00, 0x00,
    0x00, 0x00, 0x00, 0x00, 0xFF, 0x3F, 0x00, 0x03, 0xF0, 0x00, 0x00, 0x3F,
    0xFF, 0xFF, 0xFF, 0x80, 0x07, 0xC1, 0xE1, 0xE0, 0x7C, 0x00, 0x00, 0x18,
    0x00, 0x00, 0x00, 0x00, 0x00, 0x00, 0x00, 0x00, 0xFF, 0x1E, 0x00, 0x05,
    0xF0, 0x00, 0x00, 0x3F, 0xFF, 0xFF, 0xFF, 0x80, 0x07, 0xC1, 0xE1, 0xE0,
    0x7C, 0x00, 0x00, 0x00, 0x00, 0x00, 0x00, 0x00, 0x00, 0x00, 0x00, 0x00,
    0xFE, 0x1C, 0x00, 0x18, 0xF8, 0x00, 0x00, 0x3F, 0x00, 0x00, 0x1F, 0x80,
    0x07, 0xC3, 0xE1, 0xF0, 0x7C, 0x0F, 0xFF, 0xFF, 0xFF, 0xF8, 0x00, 0x00,
    0x00, 0x00, 0x00, 0x00, 0xFE, 0x18, 0x00, 0x30, 0x38, 0x00, 0x00, 0x3F,
    0x00, 0x00, 0x1F, 0x80, 0x07, 0xFF, 0xE1, 0xFF, 0xFC, 0x3F, 0xFF, 0xFF,
    0xFF, 0xFC, 0x00, 0x00, 0x00, 0x00, 0x00, 0x00, 0xFE, 0x10, 0x00, 0xF8,
    0x08, 0x00, 0x00, 0x3F, 0x00, 0x00, 0x1F, 0x80, 0x07, 0xFF, 0xE1, 0xFF,
    0xFC, 0x3F, 0xFF, 0xFF, 0xFF, 0xFC, 0x00, 0x00, 0x00, 0x00, 0x00, 0x00,
    0xFE, 0x00, 0x03, 0xF8, 0x00, 0x00, 0x00, 0x3F, 0x80, 0x3F, 0xFF, 0x80,
    0x07, 0xFF, 0xE1, 0xFF, 0xFC, 0x3F, 0xFF, 0xFF, 0xFF, 0xFC, 0x00, 0x00,
    0x00, 0x00, 0x00, 0x00, 0xFC, 0x00, 0x0C, 0xF8, 0x00, 0x00, 0x00, 0x1F,
    0xFF, 0xFF, 0xFF, 0x00, 0x07, 0xFF, 0xE1, 0xFF, 0xFC, 0x3F, 0xFF, 0xFF,
    0xFF, 0xF8, 0x00, 0x00, 0x00, 0x00, 0x00, 0x00, 0xFE, 0x80, 0x78, 0x70,
    0x00, 0x00, 0x00, 0x1F, 0xFF, 0xFF, 0xFF, 0x00, 0x07, 0x81, 0xE1, 0xE0,
    0x3C, 0x08, 0x00, 0x00, 0x00, 0x00, 0x00, 0x00, 0x00, 0x00, 0x00, 0x00,
    0xFE, 0x01, 0xF8, 0x30, 0x00, 0x00, 0x00, 0x1F, 0xFF, 0xFF, 0xFF, 0x00,
    0x07, 0xC1, 0xE1, 0xF0, 0x3C, 0x00, 0x00, 0x00, 0x00, 0x00, 0x00, 0x00,
    0x00, 0x00, 0x00, 0x00, 0xFF, 0x3F, 0xF8, 0x10, 0x00, 0x00, 0x00, 0x07,
    0xFF, 0xFF, 0xFC, 0x00, 0x07, 0xFF, 0xE1, 0xE0, 0x7C, 0x00, 0x00, 0x00,
    0x00, 0x00, 0x00, 0x00, 0x00, 0x00, 0x00, 0x00, 0xFF, 0xF9, 0xF8, 0x00,
    0x00, 0x00, 0x00, 0x03, 0x80, 0x70, 0x00, 0x00, 0x07, 0xFF, 0xE1, 0xE0,
    0x7C, 0x00, 0x00, 0x00, 0x00, 0x00, 0x00, 0x00, 0x00, 0x00, 0x00, 0x00,
    0xFF, 0xF8, 0xF8, 0x00, 0x00, 0x00, 0x00, 0x07, 0xC0, 0xF0, 0x00, 0x00,
    0x07, 0xFF, 0xE1, 0xE0, 0x3C, 0x00, 0x1E, 0x00, 0xF0, 0x00, 0x00, 0x00,
    0x00, 0x00, 0x00, 0x00, 0xFF, 0xF8, 0x78, 0x00, 0x00, 0x00, 0x00, 0x0F,
    0xC0, 0xF0, 0x00, 0x00, 0x07, 0xFF, 0xE1, 0xE1, 0xFC, 0x00, 0x1F, 0x00,
    0xF8, 0x00, 0x00, 0x00, 0x00, 0x00, 0x00, 0x00, 0xBF, 0xF4, 0x38, 0x00,
    0x9C, 0x00, 0x00, 0x0F, 0x81, 0xFF, 0xFC, 0x00, 0x07, 0xC1, 0xE1, 0xFF,
    0xFC, 0x00, 0x3F, 0x00, 0xFC, 0x00, 0x00, 0x00, 0x00, 0x00, 0x00, 0x00,
    0xBF, 0xF0, 0x18, 0x00, 0xBC, 0x60, 0x00, 0x1F, 0xFF, 0xFF, 0xFF, 0x00,
    0x07, 0xC1, 0xE1, 0xFF, 0xFC, 0x00, 0x7E, 0x00, 0xFE, 0x00, 0x00, 0x00,
    0x00, 0x00, 0x00, 0x60, 0xFF, 0xF0, 0x00, 0x31, 0xFD, 0xE0, 0x00, 0x1F,
    0xFF, 0xFF, 0xFF, 0x00, 0x07, 0xC1, 0xE1, 0xFF, 0xFC, 0x00, 0x7E, 0x00,
    0x7E, 0x00, 0x00, 0x00, 0x00, 0x00, 0x00, 0xF0, 0xFF, 0xFE, 0x70, 0x73,
    0xFF, 0xD0, 0x00, 0x3F, 0xFF, 0xFF, 0xFF, 0x00, 0x07, 0xFF, 0xF9, 0xFF,
    0xFC, 0x00, 0xFC, 0x00, 0x7F, 0x00, 0x00, 0x00, 0x00, 0x00, 0x00, 0xF0,
    0xFF, 0xFF, 0xE1, 0x57, 0xC7, 0xE0, 0x00, 0x7F, 0xFF, 0xFF, 0xFE, 0x00,
    0x7F, 0xFF, 0xFF, 0xE0, 0x3C, 0x01, 0xFC, 0x00, 0x3F, 0x80, 0x00, 0x00,
    0x00, 0x01, 0xF9, 0xF0, 0xFF, 0xFF, 0xF9, 0xEF, 0xF7, 0xF0, 0x00, 0xFC,
    0x01, 0xF8, 0x00, 0x00, 0xFF, 0xFF, 0xFF, 0xE0, 0x3C, 0x01, 0xF8, 0x00,
    0x1F, 0xC0, 0x00, 0x00, 0x00, 0x01, 0xF9, 0xF0, 0xFF, 0xFF, 0xFF, 0xFF,
    0x3F, 0xA0, 0x00, 0xFC, 0x01, 0xF8, 0x00, 0x00, 0xFF, 0xFF, 0xFB, 0xE0,
    0x3C, 0x03, 0xF8, 0x00, 0x1F, 0xC0, 0x00, 0x80, 0x00, 0x07, 0xFF, 0xF0,
    0xFF, 0xFF, 0xFF, 0xFE, 0x3F, 0x83, 0x01, 0xF8, 0x01, 0xF8, 0x00, 0x00,
    0xFF, 0xFC, 0x03, 0xE0, 0x3C, 0x07, 0xF0, 0x00, 0x0F, 0xE0, 0x00, 0x00,
    0x00, 0x0F, 0xFE, 0x80, 0xFF, 0xFF, 0xFE, 0xFF, 0xFB, 0xEF, 0x80, 0xF1,
    0xFF, 0xFF, 0xFC, 0x00, 0x01, 0x83, 0x03, 0xE0, 0x3C, 0x0F, 0xE0, 0x00,
    0x07, 0xF0, 0x04, 0x00, 0x00, 0x1F, 0xFE, 0x30, 0xFF, 0xFF, 0xFA, 0x7F,
    0xFF, 0xFF, 0x80, 0x63, 0xFF, 0xFF, 0xFE, 0x00, 0x03, 0xC7, 0x83, 0xC0,
    0x3C, 0x0F, 0xE0, 0x00, 0x07, 0xF0, 0x00, 0x00, 0x00, 0x1F, 0xF0, 0x30,
    0xFF, 0xFF, 0xFE, 0x3F, 0xFF, 0xFF, 0x80, 0x03, 0xFF, 0xFF, 0xFE, 0x00,
    0x07, 0xC7, 0xC3, 0xC0, 0x3C, 0x1F, 0xC0, 0x00, 0x03, 0xF0, 0x60, 0x00,
    0x02, 0x07, 0xE7, 0xB0, 0xFF, 0xFF, 0xFF, 0xF9, 0xFF, 0xFE, 0x00, 0x01,
    0xFF, 0xFF, 0xFC, 0x00, 0x0F, 0xC7, 0xE7, 0xC0, 0x3C, 0x1F, 0x80, 0x00,
    0x01, 0xF0, 0x00, 0x00, 0x07, 0x3B, 0xB7, 0xF0, 0xFF, 0xFF, 0xFF, 0xC7,
    0xFF, 0xFF, 0xE0, 0x00, 0x01, 0xF0, 0x00, 0x00, 0x0F, 0x83, 0xE7, 0xC0,
    0x7C, 0x1F, 0x00, 0x00, 0x01, 0xF0, 0x00, 0x00, 0x07, 0xF6, 0x67, 0xE0,
    0xFF, 0xFF, 0xFF, 0x9F, 0xFF, 0xFF, 0xE0, 0x00, 0x01, 0xF8, 0x00, 0x00,
    0x1F, 0x81, 0xF7, 0xC0, 0x7C, 0x0E, 0x00, 0x00, 0x00, 0x40, 0x00, 0x00,
    0x0F, 0xE0, 0x0F, 0x90, 0xFF, 0xFF, 0xFF, 0x3F, 0xFF, 0xFF, 0xF0, 0x00,
    0x01, 0xF8, 0x00, 0x00, 0x3F, 0x01, 0xF7, 0x83, 0xFC, 0x00, 0x00, 0x00,
    0x00, 0x00, 0x00, 0x00, 0xEF, 0xA0, 0x3F, 0x20, 0xFF, 0x03, 0xFF, 0xFF,
    0xFF, 0xFF, 0xF8, 0x3F, 0xFF, 0xFF, 0xFF, 0xF0, 0x3E, 0x00, 0xFF, 0x87,
    0xFC, 0x00, 0x00, 0x00, 0x00, 0x00, 0x00, 0x00, 0xFF, 0x1E, 0xFF, 0x70,
    0x00, 0x1F, 0xFF, 0xFF, 0xFF, 0xFF, 0xF8, 0xFF, 0xFF, 0xFF, 0xFF, 0xF8,
    0x3C, 0x00, 0x4F, 0x87, 0xFC, 0x00, 0x00, 0x04, 0x00, 0x00, 0x00, 0x00,
    0xFC, 0xFF, 0xCF, 0xF0, 0x00, 0x7F, 0xFF, 0xFF, 0xAE, 0xFF, 0x71, 0xFF,
    0xFF, 0xFF, 0xFF, 0xF8, 0x38, 0x00, 0x0F, 0x03, 0xF8, 0x00, 0x00, 0x00,
    0x00, 0x00, 0x00, 0x03, 0xE4, 0xFF, 0xEF, 0xF0, 0x01, 0xFF, 0xFF, 0xFF,
    0xCE, 0xFF, 0x80, 0xFF, 0xFF, 0xFF, 0xFF, 0xF0, 0x00, 0x00, 0x07, 0x00,
    0xF0, 0x00, 0x00, 0x00, 0x00, 0x00, 0x00, 0xC7, 0x8E, 0xFE, 0xFF, 0xF0,
    0x07, 0xFF, 0xFF, 0xFF, 0xEE, 0x7F, 0xE0, 0xFF, 0xFC, 0x00, 0x00, 0x00,
    0x00, 0x00, 0x00, 0x00, 0x00, 0x00, 0x00, 0x00, 0x00, 0x00, 0x0C, 0xCF,
    0x1F, 0xFF, 0xFF, 0xC0, 0x1F, 0xFF, 0xFF, 0xB7, 0xDE, 0x1F, 0xE0, 0x00,
    0x00, 0x00, 0x00, 0x00, 0x00, 0x00, 0x00, 0x00, 0x00, 0x00, 0x00, 0x00,
    0x00, 0x00, 0x0C, 0x8E, 0x7E, 0xFF, 0xFF, 0xB0, 0x7F, 0xF7, 0xFF, 0xFB,
    0xDF, 0x1F, 0xEC, 0x00, 0x00, 0x00, 0x00, 0x00, 0x00, 0x00, 0x00, 0x00,
    0x00, 0x00, 0x00, 0x00, 0x00, 0x00, 0x0F, 0x00, 0x3F, 0xFF, 0xFF, 0x70,
    0xFF, 0x9F, 0xFF, 0xEB, 0xDF, 0x3F, 0xFF, 0x00, 0x00, 0x00, 0x00, 0x00,
    0x00, 0x00, 0x00, 0x00, 0x00, 0x00, 0x00, 0x00, 0x00, 0x02, 0x7F, 0x8F,
    0x7F, 0xFF, 0xFF, 0xF0, 0xFF, 0x7F, 0xF7, 0xE7, 0x9F, 0xBF, 0xFE, 0x00,
    0x00, 0x00, 0x00, 0x00, 0x00, 0x00, 0x00, 0x00, 0x00, 0x00, 0x00, 0x00,
    0x00, 0x07, 0x7F, 0xFF, 0x7F, 0xFF, 0xD7, 0xF0, 0xF8, 0xFD, 0xCF, 0x07,
    0x3F, 0x9F, 0xFE, 0x00, 0x00, 0x00, 0x00, 0x00, 0x00, 0x00, 0x00, 0x00,
    0x00, 0x00, 0x00, 0x00, 0x00, 0x07, 0xFF, 0xF0, 0x1F, 0x1E, 0x87, 0xF0,
    0xC1, 0xFB, 0x8E, 0x8E, 0x3F, 0x8F, 0xFD, 0xB8, 0x00, 0x00, 0x00, 0x00,
    0x00, 0x00, 0x00, 0x00, 0x00, 0x00, 0x00, 0x00, 0x01, 0x1F, 0xBF, 0xF1,
    0x7F, 0x8E, 0x73, 0xF0, 0x07, 0xFE, 0x4C, 0x4E, 0x3F, 0xCF, 0xFF, 0xF8,
    0x00, 0x00, 0x00, 0x00, 0x00, 0x00, 0x00, 0x00, 0x00, 0x00, 0x00, 0x00,
    0x31, 0x3F, 0x3F, 0xF3, 0xFF, 0xEF, 0xFF, 0xF0, 0x0F, 0xDC, 0x1A, 0xDF,
    0x3F, 0xCF, 0xFF, 0xFC, 0x00, 0x00, 0x00, 0x00, 0x00, 0x00, 0x00, 0x00,
    0x00, 0x00, 0x00, 0x18, 0x37, 0xFB, 0xFF, 0xFF, 0xFF, 0xFD, 0xFF, 0xF0,
    0x3F, 0xEF, 0x62, 0x9F, 0x7F, 0xE7, 0xFF, 0xFE, 0x6E, 0x00, 0x00, 0x00,
    0x00, 0x00, 0x00, 0x00, 0x00, 0x00, 0x00, 0x3D, 0xF7, 0xDD, 0x7F, 0xFF,
    0xFF, 0xFF, 0xFD, 0xF0, 0x7E, 0x5F, 0xE0, 0x3F, 0x7F, 0xE2, 0xFF, 0xFC,
    0xFE, 0x00, 0x00, 0x00, 0x00, 0x00, 0x00, 0x00, 0x00, 0x00, 0x0E, 0x7F,
    0xDC, 0xFD, 0x7F, 0xF0, 0xFF, 0xFF, 0xFC, 0x30, 0xFC, 0x3F, 0xE8, 0x3E,
    0x7F, 0xE0, 0x7F, 0xFD, 0xFF, 0x80, 0x00, 0x00, 0x00, 0x00, 0x00, 0x00,
    0x00, 0x10, 0x0F, 0xFF, 0x31, 0xFF, 0xFF, 0xE7, 0xFF, 0xFF, 0xFC, 0xF0,
    0xF8, 0x7F, 0x80, 0x7E, 0xFF, 0xF3, 0xFF, 0xFF, 0xFF, 0x0E, 0x00, 0x00,
    0x00, 0x00, 0x00, 0x00, 0x00, 0x3C, 0x6F, 0xFF, 0x79, 0xFF, 0xFF, 0xFF,
    0xFF, 0xFF, 0xFF, 0xF0, 0xE0, 0xFE, 0x00, 0x78, 0xFF, 0xF1, 0xFF, 0xFF,
    0xFF, 0x3E, 0x00, 0x00, 0x00, 0x00, 0x00, 0x00, 0xE4, 0x7F, 0xFF, 0xFF,
    0xFF, 0xFF, 0xFF, 0xFF, 0xFF, 0xFF, 0xFF, 0xF0, 0x83, 0xFC, 0x00, 0xF0,
    0xFF, 0xF8, 0xFF, 0xFF, 0xFF, 0xFE, 0x00, 0x00, 0x00, 0x00, 0x00, 0x00,
    0xFC, 0x3F, 0xFF, 0xFF, 0xFF, 0x7F, 0xFF, 0x6F, 0xFF, 0xFF, 0xFF, 0xF0,
    0x08, 0xF8, 0xF1, 0xF1, 0xFF, 0xF8, 0xFF, 0xFF, 0xFF, 0xFF, 0x80, 0x00,
    0x00, 0x00, 0x00, 0xFF, 0xFF, 0xFE, 0x3F, 0xFF, 0xFF, 0xFF, 0xF0, 0xF7,
    0xFF, 0xCF, 0xFF, 0xE0, 0x03, 0xC3, 0xF1, 0xF9, 0xFF, 0xF8, 0x7F, 0xFF,
    0xFF, 0xFF, 0xF7, 0x00, 0x00, 0x00, 0x0B, 0xFF, 0xFF, 0xF1, 0xFF, 0xFF,
    0xFF, 0x87, 0x81, 0xFF, 0xFF, 0xBB, 0x7F, 0x90, 0x0F, 0x07, 0xF3, 0xF9,
    0xFF, 0xFC, 0x7D, 0xFF, 0xFF, 0xFC, 0xFF, 0xF8, 0x00, 0x00, 0x00, 0x07,
    0xFE, 0x01, 0x07, 0xFF, 0xFF, 0x7E, 0x37, 0xFF, 0xFF, 0xE3, 0xF8, 0xF0,
    0x7B, 0x1F, 0xF7, 0xF3, 0xFF, 0xFC, 0x38, 0xFF, 0xFF, 0xFF, 0x83, 0xB0,
    0x00, 0x00, 0x00, 0x00, 0xC7, 0xBF, 0xEF, 0xFF, 0xFE, 0xF8, 0xF7, 0xFF,
    0xFF, 0xFB, 0xF3, 0xF0, 0xF0, 0x3B, 0xE7, 0xF3, 0xFF, 0xFE, 0x3D, 0xFF,
    0xFF, 0xFF, 0x83, 0x00, 0x00, 0x00, 0x00, 0x00, 0x7F, 0xFF, 0xE7, 0xFF,
    0xFF, 0xFB, 0xFF, 0xFF, 0xFF, 0xFF, 0xCF, 0xF0, 0x80, 0x3F, 0xEF, 0xA3,
    0xFF, 0xFE, 0x1F, 0xFF, 0xFE, 0x8C, 0x00, 0x00, 0x00, 0x00, 0x00, 0x00,
    0x07, 0xFF, 0xE7, 0xFF, 0xF9, 0x73, 0xFB, 0xFF, 0xFF, 0xFF, 0xFF, 0xF0,
    0x83, 0xFF, 0xDF, 0xA7, 0xFF, 0xFF, 0x1F, 0xFF, 0xFC, 0x1C, 0x00, 0x00,
    0x00, 0x00, 0x00, 0x00, 0x03, 0xCF, 0xE3, 0xFF, 0xF8, 0xFF, 0xFF, 0xFF,
    0xFF, 0xFF, 0xFF, 0xF0, 0x3F, 0xFF, 0x9F, 0x07, 0xFF, 0xFF, 0x0F, 0xFF,
    0xFF, 0x7E, 0x42, 0x00, 0x00, 0x00, 0x00, 0x00, 0x07, 0xFF, 0xC3, 0xFF,
    0xF8, 0x71, 0xFF, 0xFF, 0xFF, 0xFF, 0xFF, 0xF0, 0x7F, 0xFF, 0xBE, 0x07,
    0xFF, 0xFF, 0x07, 0xFB, 0xFF, 0xF0, 0x70, 0x00, 0x00, 0x00, 0x00, 0x00,
    0x07, 0x1E, 0x02, 0x7E, 0x30, 0x7B, 0xFF, 0xFF, 0xFF, 0xFF, 0xFF, 0xF0,
    0xFF, 0xFF, 0xBF, 0x0F, 0xFF, 0xFF, 0x87, 0xF1, 0xFF, 0xFC, 0x30, 0x00,
    0x00, 0x00, 0x00, 0x00, 0x00, 0x00, 0x00, 0x7E, 0x00, 0x23, 0xBF, 0xFE,
    0x77, 0xFF, 0xFF, 0xF0, 0xFB, 0xFF, 0xFF, 0x8F, 0xFF, 0xFF, 0x83, 0xFF,
    0xFF, 0xFD, 0xF8, 0x00, 0x00, 0x00, 0x00, 0x00, 0x00, 0x0E, 0x00, 0x7E,
    0x00, 0x73, 0xFF, 0xFF, 0xFF, 0xFF, 0xFC, 0xF0, 0xF7, 0xFF, 0xFD, 0x0F,
    0xFF, 0xFF, 0xC3, 0xFF, 0xFF, 0xFF, 0xF0, 0x00, 0xC0, 0x00, 0x00, 0x00,
    0x00, 0x00, 0x00, 0x18, 0x00, 0x31, 0x7F, 0xFD, 0x7F, 0xFF, 0x80, 0xF0,
    0xCF, 0xFF, 0xFB, 0x1F, 0xFF, 0xFF, 0xC1, 0xFF, 0xFF, 0xFF, 0xF4, 0x50,
    0xF8, 0x00, 0x00, 0x00, 0x00, 0x00, 0x00, 0x3E, 0x00, 0x00, 0x3F, 0xF8,
    0x17, 0xFF, 0x80, 0xF0, 0xDF, 0xFF, 0xF2, 0x1F, 0xFF, 0xFF, 0xE0, 0xFF,
    0xFF, 0xFF, 0xF0, 0x83, 0xE0, 0x00, 0x00, 0x00, 0x00, 0x00, 0x00, 0x18,
    0x00, 0x21, 0xFF, 0xF8, 0x3F, 0xFF, 0x00, 0xF0, 0x3F, 0xFF, 0xE0, 0x1F,
    0xFF, 0xFF, 0xE0, 0xFF, 0xF3, 0xFF, 0xC0, 0xC3, 0x00, 0x00, 0x00, 0xFC,
    0x17, 0xE0, 0x80, 0x0C, 0x00, 0x01, 0xFF, 0xFF, 0xFF, 0xFF, 0x01, 0xF0,
    0x7F, 0xFF, 0xE0, 0x3F, 0xFF, 0xFF, 0xF0, 0x7F, 0xF3, 0xFF, 0xFF, 0xF3,
    0xC0, 0x00, 0x09, 0xFC, 0x00, 0x00, 0x00, 0x18, 0x00, 0x00, 0x0F, 0xC0,
    0x03, 0xFE, 0x01, 0xF0, 0xFF, 0xFF, 0xEA, 0x3F, 0xFF, 0xFF, 0xF0, 0x3F,
    0xFF, 0x7F, 0xFF, 0xFD, 0x20, 0x00, 0x00, 0xFC, 0x00, 0x00, 0x00, 0x00,
    0x00, 0x00, 0x1F, 0xC0, 0x01, 0xFE, 0x0B, 0xF0, 0xFF, 0xFF, 0xE2, 0x7F,
    0xFF, 0xFF, 0xF8, 0x3F, 0xFF, 0x7F, 0xBD, 0xEF, 0xC0, 0x00, 0x01, 0xFC,
    0xFF, 0xE0, 0x00, 0x1F, 0x80, 0x05, 0xFF, 0xC1, 0xFF, 0xFE, 0x03, 0xF0,
    0xFF, 0xFF, 0xE4, 0x7F, 0xFF, 0xFF, 0xF8, 0x1F, 0xFF, 0xFF, 0xFF, 0xFF,
    0xC0, 0x00, 0x3F, 0xFF, 0xFF, 0xF0, 0x00, 0x7B, 0x80, 0x00, 0x1F, 0x00,
    0x2F, 0xFC, 0x07, 0xF0, 0xFF, 0xFF, 0xFC, 0xFF, 0xFF, 0xFF, 0xF8, 0x0F,
    0xDF, 0xFF, 0xFE, 0xFF, 0x80, 0x1F, 0xFF, 0xFF, 0xFF, 0xFC, 0x00, 0x06,
    0x00, 0x00, 0x27, 0xE0, 0x63, 0xFC, 0x0E, 0xF0, 0xFF, 0xFE, 0xF0, 0xFF,
    0xFF, 0xFF, 0xFC, 0x0F, 0xEF, 0xF9, 0xFF, 0xF6, 0x30, 0x1F, 0xFF, 0xFF,
    0xFF, 0xFE, 0x08, 0x07, 0xF9, 0xFF, 0xFF, 0xCF, 0xF0, 0x78, 0x8E, 0xF0,
    0xFF, 0xFE, 0xF0, 0xFF, 0xFF, 0xFF, 0xFC, 0x07, 0xFF, 0xFF, 0xFF, 0xFC,
    0xF8, 0x1F, 0xFF, 0xFF, 0xFF, 0xFF, 0x8F, 0xFF, 0xFF, 0xFF, 0xFF, 0x7F,
    0xFC, 0x7D, 0x3F, 0xF0, 0xFF, 0xFC, 0xF1, 0xFF, 0xFF, 0xFF, 0xFE, 0x67,
    0xF7, 0xFF, 0xFF, 0xFF, 0xFE, 0xFF, 0xFF, 0xFF, 0xFF, 0xFF, 0xFB, 0xFF,
    0xFF, 0xFF, 0xFF, 0xFF, 0xFF, 0xEF, 0xFF, 0xF0, 0xDF, 0x38, 0xF9, 0xFF,
    0xFF, 0xFF, 0xFE, 0x6F, 0xFF, 0xF7, 0xFF, 0xFF, 0xFE, 0x1F, 0xFF, 0xFF,
    0xFF, 0xFE, 0xDF, 0xDB, 0xE0, 0x1D, 0x7F, 0xFF, 0xFF, 0xFF, 0xFB, 0x70,
    0xFF, 0xFD, 0xFB, 0xFF, 0xFF, 0xFF, 0xFF, 0x35, 0xFF, 0xFF, 0xFF, 0xFF,
    0xFF, 0x9F, 0xFF, 0xFF, 0xFF, 0xFF, 0xFF, 0xE7, 0xC0, 0x7F, 0xEF, 0xFF,
    0xFF, 0xFE, 0xFF, 0xF0, 0xFF, 0xFD, 0xFB, 0xFF, 0xFF, 0xFF, 0xFF, 0x13,
    0xFF, 0xFF, 0xFF, 0xFF, 0xFF, 0x8F, 0xFF, 0xFF, 0xFF, 0xFA, 0x61, 0xC7,
    0xC3, 0xFF, 0xEE, 0x00, 0x7F, 0xFF, 0xFF, 0xF0, 0xFF, 0xEF, 0xFF, 0xFF,
    0xFF, 0xFF, 0xFF, 0x19, 0x7F, 0xFF, 0xFF, 0xFF, 0xFF, 0xFF, 0xFF, 0xFF,
    0xFF, 0xF7, 0xE3, 0xFF, 0xFF, 0xFF, 0xC6, 0x00, 0xC3, 0x7F, 0x9F, 0xD0,
    0xFF, 0xFF, 0xFF, 0xFF, 0xFF, 0xFF, 0xFF, 0x8C, 0xBF, 0xFF, 0xFF, 0xFF,
    0xFF, 0x3F, 0xFF, 0xFF, 0xFF, 0xFF, 0xFF, 0xFF, 0xFF, 0xFE, 0x1C, 0x81,
    0xFF, 0xFF, 0xFE, 0xC0, 0xFF, 0xFF, 0xFF, 0xFF, 0xFF, 0xFF, 0xFF, 0x8E,
    0x3F, 0xFF, 0xFF, 0xFF, 0xFD, 0xFF, 0xFF, 0xFF, 0xFD, 0x83, 0xFF, 0xFF,
    0xFF, 0xF0, 0xC4, 0x0F, 0xFF, 0xFF, 0xFF, 0xF0, 0xFF, 0xFF, 0xFF, 0xFF,
    0xFF, 0xF7, 0xFF, 0xC7, 0x7D, 0xFF, 0xFF, 0xFF, 0xFF, 0xEF, 0xFD, 0xFF,
    0xFF, 0xFF, 0xFF, 0xFF, 0xFF, 0x70, 0x7F, 0xFF, 0xFF, 0xFF, 0xFF, 0xE0,
    0xFF, 0xFF, 0xFF, 0xFF, 0xFF, 0xFF, 0xFF, 0xC3, 0xDD, 0xFF, 0xFF, 0xFF,
    0xFF, 0xF8, 0x11, 0xFF, 0xFF, 0xFC, 0xFF, 0xFF, 0xFF, 0xFF, 0xFF, 0xFC,
    0x7F, 0xFF, 0xFF, 0x00, 0xFE, 0x7F, 0xFF, 0xFF, 0xFF, 0xFF, 0xFF, 0xDB,
    0x7F, 0xFF, 0xFF, 0xFF, 0xFF, 0xFF, 0xFF, 0xFF, 0xFF, 0xFF, 0xFF, 0xFF,
    0xFF, 0xFF, 0xFF, 0xF1, 0xFF, 0xFF, 0xF8, 0x60, 0xFE, 0x7F, 0xFF, 0xFF,
    0xFF, 0xFF, 0xFF, 0xF8, 0xF7, 0xFF, 0xFF, 0xFF, 0xFF, 0xFF, 0xFF, 0xFF,
    0xFF, 0xFF, 0xFF, 0xFF, 0xFF, 0xFF, 0xFF, 0xFF, 0xFF, 0xFF, 0xE0, 0xE0,
    0xFF, 0xFF, 0xFF, 0xFF, 0xFF, 0xFF, 0xFF, 0xFA, 0xFF, 0xFF, 0xFF, 0xFF,
    0xFF, 0xFF, 0xFF, 0xFF, 0xFF, 0xFD, 0xFF, 0xFF, 0xFF, 0xFF, 0xFF, 0xFF,
    0xFF, 0xFF, 0x83, 0x10, 0xFF, 0xFF, 0xFF, 0xFF, 0xFF, 0xFF, 0xFF, 0xF1,
    0xBF, 0xE6, 0xFF, 0xFF, 0xFF, 0xFF, 0xFF, 0xFF, 0xFF, 0xF5, 0xFB, 0xEF,
    0xEF, 0xFF, 0xFF, 0xFF, 0xFF, 0xFF, 0xFF, 0x10, 0xFF, 0xFF, 0xFF, 0xFF,
    0xFF, 0xFF, 0xFF, 0xBD, 0xFF, 0xEF, 0xFF, 0x9F, 0xF7, 0xFF, 0xFF, 0xFF,
    0xFF, 0xFF, 0xFB, 0xFF, 0xC3, 0xFF, 0xFF, 0xFF, 0xFF, 0xFF, 0xFF, 0xF0,
    0xFF, 0xFF, 0xFF, 0xFF, 0xFF, 0xFF, 0xFF, 0xFF, 0xFE, 0xFF, 0xFF, 0xF9,
    0xFF, 0xFF, 0xFF, 0xFF, 0xFF, 0xFF, 0xF3, 0xFF, 0xFF, 0xFF, 0xFF, 0xFF,
    0xFF, 0xFF, 0xFF, 0xF0, 0xFE, 0xFF, 0xFF, 0xFF, 0xFF, 0xFC, 0xFF, 0xDE,
    0x7F, 0xFF, 0xFF, 0xF1, 0xFF, 0xFF, 0xFF, 0xFF, 0xFF, 0xFF, 0xFF, 0xFF,
    0xFF, 0xFF, 0xFF, 0xFF, 0xFF, 0xFF, 0xC7, 0xF0, 0xFF, 0xFF, 0xFF, 0xFF,
    0xFF, 0x9F, 0xEF, 0xB5, 0x7F, 0xFF, 0xF7, 0xC7, 0xFF, 0xFF, 0xFF, 0xFF,
    0xFF, 0xFF, 0xFF, 0xFF, 0xFF, 0xFF, 0xFF, 0xFF, 0xFF, 0xFF, 0xFF, 0xF0,
    0xFF, 0xFF, 0xFF, 0xFF, 0xFF, 0xFF, 0xF7, 0x3C, 0x6F, 0xFF, 0xFF, 0x3F,
    0xFF, 0xFF, 0xFF, 0xFF, 0xFF, 0xFF, 0xFF, 0xFF, 0xFF, 0xFF, 0xFF, 0xFD,
    0xFF, 0xFF, 0xFD, 0xF0, 0xFF, 0xFF, 0xFF, 0xFF, 0xFF, 0xFF, 0x9F, 0xDF,
    0xEF, 0xFF, 0xFE, 0xF9, 0xFF, 0xFF, 0xFF, 0xFF, 0xFF, 0xFF, 0xFF, 0xFF,
    0xFF, 0xFF, 0xFF, 0xFF, 0xFF, 0xBE, 0x7C, 0xF0, 0xFF, 0xFF, 0xFF, 0xFE,
    0xFF, 0xFB, 0x8C, 0xFF, 0x77, 0xFF, 0xFD, 0xEF, 0xFF, 0xFF, 0xFF, 0xFF,
    0xFF, 0xF7, 0xFF, 0xFF, 0xFF, 0xFF, 0xFF, 0xFB, 0x7F, 0xFF, 0xFF, 0xF0,
    0xFF, 0xFF, 0xFF, 0xFF, 0xFE, 0x1F, 0xB8, 0xFF, 0x77, 0xFF, 0xF6, 0x7F,
    0xFF, 0xFF, 0xFF, 0xFF, 0xFF, 0xF7, 0xFF, 0xFF, 0xFF, 0xBF, 0xFF, 0xFD,
    0xFF, 0xFF, 0xFF, 0xF0, 0xFF, 0xFF, 0xFF, 0xFF, 0x8F, 0xFF, 0xFB, 0xFF,
    0xBF, 0xFF, 0xFB, 0xFF, 0xFF, 0xFF, 0xB9, 0xFF, 0xFF, 0xFF, 0xFF, 0xFF,
    0xFF, 0xFF, 0xF7, 0xFF, 0xFF, 0xFF, 0xFF, 0xF0, 0xFF, 0xFF, 0xFF, 0xFF,
    0xF9, 0xF9, 0x6F, 0xFF, 0xDF, 0xFF, 0xFF, 0xFF, 0xFF, 0xFF, 0xFF, 0xFF,
    0xFF, 0xFF, 0xFF, 0xFF, 0xFF, 0xFF, 0xFF, 0xFF, 0xFF, 0xF9, 0xFF, 0xF0,
    0xFF, 0xFF, 0xFF, 0xFF, 0xFC, 0xBF, 0xFF, 0xFF, 0xFF, 0xFF, 0xFD, 0xBF,
    0xFF, 0xFF, 0xFF, 0xFF, 0xFF, 0xFF, 0xFF, 0xFF, 0xFF, 0xFF, 0xFF, 0xFF,
    0xFF, 0xFF, 0xDF, 0xF0, 0xFF, 0xFF, 0xFF, 0xFF, 0x1F, 0xFF, 0xFB, 0xFF,
    0xFF, 0xFF, 0xFF, 0xBF, 0xFF, 0xFF, 0xFF, 0xFF, 0xFF, 0xFF, 0xFF, 0xFF,
    0xFF, 0xFF, 0x8D, 0xFF, 0xFF, 0xFF, 0x8F, 0xF0, 0xFF, 0xFF, 0xFF, 0xFF,
    0xEF, 0xFF, 0x9F, 0xFF, 0xFF, 0xFF, 0xFD, 0x7F, 0xFE, 0xFF, 0xFF, 0xFF,
    0xEF, 0xFF, 0xFF, 0xFF, 0xFF, 0xFE, 0x4F, 0xFF, 0xFF, 0xFF, 0xFF, 0xF0,
    0xFF, 0xFF, 0xFF, 0xFF, 0xFF, 0xE7, 0xFF, 0xFF, 0xFF, 0xFF, 0xFD, 0xFF,
    0x83, 0xF1, 0xFF, 0xFE, 0xFF, 0xFF, 0xFF, 0xFD, 0xFF, 0xFF, 0x0F, 0xFF,
    0xFF, 0xFE, 0xFF, 0xF0, 0xFF, 0xFF, 0xFF, 0xFF, 0xFF, 0xFF, 0xFF, 0xFF,
    0xFF, 0xFF, 0xFD, 0xFF, 0x8B, 0xFF, 0xFF, 0xFC, 0xFF, 0xFF, 0xFF, 0xF8,
    0xDF, 0xFF, 0xFF, 0xFF, 0xFF, 0xFC, 0xFF, 0xF0, 0xFF, 0xFF, 0xFF, 0xFF,
    0xFC, 0x7F, 0xDF, 0xFF, 0xFF, 0xFF, 0xFF, 0xFF, 0xBE, 0x07, 0xFD, 0xFF,
    0xFF, 0xCF, 0xFF, 0x98, 0x9F, 0xFF, 0xFF, 0xFF, 0xFF, 0xFF, 0xFF, 0xF0,
    0xFF, 0xFF, 0xFF, 0xFF, 0x0F, 0xFE, 0x0F, 0xFF, 0xFF, 0xFF, 0xFF, 0xD5,
    0xFF, 0xFE, 0x6F, 0xFF, 0xFF, 0xCF, 0xFF, 0x8C, 0x18, 0xFF, 0xE7, 0xEF,
    0xFF, 0xFF, 0xFF, 0xF0, 0xFF, 0xFF, 0xFF, 0xFF, 0xFF, 0xF1, 0xF1, 0xFF,
    0xFF, 0xFF, 0xFD, 0xE1, 0xC0, 0xFF, 0x67, 0xFF, 0xFF, 0xF7, 0xFF, 0xC0,
    0x21, 0xFF, 0xFF, 0xFF, 0xFF, 0x7F, 0xFF, 0xF0, 0xFF, 0xFF, 0xFF, 0xFF,
    0xF9, 0xFF, 0xFF, 0xFF, 0xFF, 0xFF, 0xFF, 0xF2, 0x87, 0x7F, 0xFE, 0xFF,
    0x7F, 0xFF, 0xFF, 0xE0, 0x03, 0xFF, 0xFF, 0xFF, 0xF7, 0xFE, 0x7F, 0xF0,
    0xFF, 0xFF, 0xFF, 0xFF, 0xFF, 0xFF, 0xFF, 0xFF, 0xFF, 0xFF, 0xFD, 0x92,
    0xC0, 0xFF, 0xFF, 0xFF, 0xFF, 0xFF, 0xFE, 0x27, 0xC7, 0xFF, 0xFF, 0xFF,
    0xFF, 0xFC, 0x1F, 0xF0, 0xFF, 0xFF, 0xFF, 0xFE, 0x1F, 0xFF, 0xFF, 0xFF,
    0xFF, 0xFF, 0xE1, 0xB6, 0xF0, 0x1F, 0xFF, 0xFF, 0xDF, 0xBF, 0xFF, 0x0F,
    0xE0, 0x7F, 0xFF, 0xFF, 0xFF, 0xFE, 0x1F, 0xE0, 0xFF, 0xFF, 0xFF, 0xC1,
    0xFF, 0xFF, 0xFF, 0xFF, 0xFF, 0xED, 0x81, 0xFF, 0xFE, 0x0F, 0xFF, 0xFF,
    0xFF, 0xFF, 0xFC, 0x0F, 0xE0, 0x7F, 0xFF, 0xFF, 0xFF, 0xFF, 0xBF, 0xF0,
    0xFF, 0xFF, 0xFF, 0xFF, 0xFF, 0xFF, 0xFF, 0xFF, 0xFF, 0xFE, 0x3E, 0xFF,
    0xBF, 0xFB, 0x7F, 0xFF, 0xFF, 0xFF, 0xFF, 0xCF, 0xC7, 0xFF, 0xFF, 0xFB,
    0xFF, 0xFF, 0xF7, 0xF0, 0xFF, 0xFF, 0xE7, 0xFF, 0xFF, 0xFF, 0xFF, 0xFF,
    0xFF, 0xFF, 0xDF, 0xFF, 0x8D, 0xFF, 0xFF, 0xFF, 0xFF, 0xFD, 0xFF, 0xCF,
    0xC7, 0xFF, 0xFF, 0xFF, 0xFF, 0xFD, 0xFF, 0xF0, 0xFF, 0xFF, 0xFF, 0xFF,
    0xFF, 0xFF, 0xFF, 0xFF, 0xFF, 0xFF, 0xFF, 0xFF, 0x85, 0xDF, 0xFF, 0xFE,
    0xFF, 0xFF, 0xFF, 0x02, 0x01, 0xFE, 0x73, 0xFF, 0xFF, 0xFF, 0xFF, 0xF0,
    0xFF, 0xFF, 0xFF, 0xFF, 0xFF, 0xFF, 0xFF, 0xFF, 0xFF, 0xFF, 0xFF, 0xFF,
    0x0F, 0xFF, 0xFF, 0xFF, 0xFF, 0xFF, 0xFF, 0x00, 0x01, 0xFE, 0x23, 0xFF,
    0xFF, 0xFF, 0xFF, 0xE0, 0xFF, 0xFF, 0xFF, 0x7F, 0xFF, 0xFF, 0xFF, 0xFF,
    0xFF, 0xFF, 0xDF, 0xFC, 0xFF, 0xFF, 0xFF, 0xEF, 0xFF, 0xFF, 0xF7, 0x64,
    0x59, 0xF6, 0x23, 0xFF, 0xFF, 0xFF, 0xFF, 0xF0, 0xFF, 0xFF, 0xFB, 0xE1,
    0xFF, 0xFE, 0x3F, 0xFF, 0xFF, 0xFF, 0xFF, 0x0F, 0xFF, 0xFF, 0xFF, 0xFF,
    0xFF, 0xFF, 0xE7, 0xEC, 0x4F, 0xF0, 0x04, 0x7F, 0xFF, 0xFF, 0xFF, 0xF0,
    0xFF, 0xFF, 0xFF, 0xEF, 0xFF, 0xFC, 0xFF, 0xFF, 0xFF, 0xFF, 0xFE, 0x07,
    0xFF, 0xFF, 0xFF, 0xFF, 0xFF, 0xFF, 0x67, 0xEC, 0xFF, 0xF8, 0x40, 0x7F,
    0xFF, 0xFF, 0xFF, 0xF0, 0xFF, 0xFF, 0xFF, 0xFF, 0xF8, 0x7F, 0xFF, 0xFF,
    0xFF, 0xFF, 0xEC, 0x7F, 0xFF, 0xFF, 0xFF, 0xFB, 0xFF, 0xFF, 0x24, 0xFC,
    0xFF, 0xC1, 0xF1, 0xFF, 0xFF, 0xFF, 0xFF, 0xF0, 0xFF, 0xFF, 0xFF, 0xFF,
    0xF8, 0x3F, 0x9F, 0xFF, 0xFF, 0xFF, 0x80, 0xFE, 0xFF, 0xFF, 0xFF, 0xFE,
    0x7F, 0xFF, 0x18, 0xFF, 0xFF, 0xC1, 0xF1, 0xFF, 0xFF, 0xFF, 0xFF, 0xF0,
    0xFF, 0xFF, 0xFF, 0xFF, 0xE7, 0xFF, 0x07, 0xFF, 0xFF, 0xFF, 0xE0, 0xF3,
    0xFF, 0xFF, 0xFF, 0xFF, 0xFF, 0xFF, 0xBD, 0xFF, 0xFF, 0xFB, 0xF0, 0x7F,
    0xFF, 0xFF, 0xFF, 0xF0, 0xFF, 0xFF, 0xFF, 0xFF, 0xDF, 0xF8, 0x7F, 0xFF,
    0xFF, 0xFF, 0xFF, 0xF7, 0xFF, 0xFF, 0xFF, 0xF3, 0xFF, 0xFC, 0x7D, 0xFF,
    0xFF, 0xF9, 0xF0, 0x7F, 0xFF, 0xFF, 0xFF, 0xF0, 0xFF, 0xFF, 0xFF, 0xFF,
    0xFF, 0xC0, 0xFF, 0xFF, 0xFF, 0x87, 0xFF, 0xFF, 0xFF, 0xFF, 0xFF, 0xFF,
    0xFF, 0xFF, 0xF8, 0xFF, 0xFF, 0xF1, 0xC3, 0xFF, 0xFF, 0xFF, 0xFF, 0xF0,
    0xFF, 0xFF, 0xFF, 0xFF, 0xFF, 0x03, 0xFE, 0x3F, 0xFF, 0xFF, 0xFF, 0xFF,
    0xFF, 0xFF, 0xFF, 0xFF, 0xFF, 0xFF, 0x37, 0xFF, 0xFF, 0xE2, 0x01, 0xFF,
    0xFF, 0xFF, 0xFF, 0xF0, 0xFF, 0xFF, 0xFF, 0xFF, 0xFC, 0x1F, 0xF0, 0x7F,
    0xC3, 0xFC, 0xFF, 0xFF, 0xFF, 0xFF, 0xFF, 0xFF, 0xFF, 0xFE, 0x53, 0xFF,
    0xFF, 0xFE, 0x48, 0xFF, 0xFF, 0xFF, 0xFF, 0xF0, 0xFF, 0xFF, 0xFF, 0xFF,
    0xFF, 0xFF, 0x83, 0xFF, 0xE3, 0xFF, 0xFF, 0xFF, 0xFF, 0xFF, 0xFF, 0xFF,
    0xFF, 0xFF, 0xD3, 0xFF, 0xFF, 0xFC, 0x4F, 0xFF, 0xFF, 0xFF, 0xFF, 0xF0,
    0xFF, 0xFF, 0xFF, 0x7F, 0xFF, 0xFF, 0x07, 0xFC, 0xFF, 0xFF, 0xFC, 0xFF,
    0xFF, 0xFF, 0xFF, 0xFF, 0xFF, 0xFF, 0xFF, 0xFF, 0xFF, 0xFC, 0xEF, 0xFF,
    0xFF, 0xFF, 0xFF, 0xF0, 0xFF, 0xFF, 0xFF, 0xFF, 0xFF, 0xF8, 0x7F, 0xF0,
    0x7F, 0xFF, 0xD8, 0xFF, 0xFF, 0xFF, 0xFF, 0xFF, 0xFF, 0xFF, 0xFF, 0xFF,
    0xFF, 0xFF, 0xFF, 0xFF, 0xFF, 0xFF, 0xFF, 0xF0, 0xFF, 0xFF, 0xFF, 0xFF,
    0xFB, 0xFE, 0xFF, 0x1F, 0xFF, 0xFF, 0x8F, 0xFF, 0xFF, 0xFF, 0xFF, 0xFF,
    0xFF, 0xFF, 0xFF, 0xFF, 0xFF, 0xFF, 0xFF, 0xFF, 0xFF, 0xFF, 0xFF, 0xF0,
    0xFF, 0xFF, 0xFF, 0xFF, 0xFF, 0xFF, 0xFE, 0x0F, 0xFF, 0xFF, 0xFF, 0xFF,
    0xFF, 0xFF, 0xFF, 0xFF, 0xFF, 0xFF, 0xFF, 0xFF, 0xFF, 0xFF, 0xFF, 0xFF,
    0xFF, 0xFF, 0xFF, 0xF0,
};
static_assert(sizeof(clock_gallery_image_06) == CLOCK_GALLERY_IMAGE_BYTES_PER_ROW * CLOCK_GALLERY_IMAGE_HEIGHT,
              "clock_gallery_image_06 payload size mismatch");

static const uint8_t *const clock_gallery_images[CLOCK_GALLERY_IMAGE_COUNT] = {
    clock_gallery_image_00,
    clock_gallery_image_01,
    clock_gallery_image_02,
    clock_gallery_image_03,
    clock_gallery_image_04,
    clock_gallery_image_05,
    clock_gallery_image_06,
};
static_assert(clock_gallery_array_count(clock_gallery_images) == CLOCK_GALLERY_IMAGE_COUNT,
              "Gallery image pointer table count mismatch");
